
===========================================================================
report_checks -unconstrained
===========================================================================
======================= nom_tt_025C_3v30 Corner ===================================

Startpoint: sram2048.u_bank1 (rising edge-triggered flip-flop clocked by clk)
Endpoint: dft_rdata[6] (output port clocked by clk)
Path Group: clk
Path Type: max

Fanout         Cap        Slew       Delay        Time   Description
---------------------------------------------------------------------------------------------
                                  0.000000    0.000000   clock clk (rise edge)
                                  0.000000    0.000000   clock source latency
   534    4.678812    5.461524    5.968802    5.968802 ^ clk (in)
                                                         clk (net)
                      5.461524    0.000000    5.968802 ^ sram2048.u_bank1/CLK (gf180mcu_ocd_ip_sram__sram1024x8m8wm1)
     1    0.005361    0.220715    7.272039   13.240842 v sram2048.u_bank1/Q[6] (gf180mcu_ocd_ip_sram__sram1024x8m8wm1)
                                                         sram2048.q_bank1[6] (net)
                      0.220715    0.000075   13.240917 v _2743_/B (gf180mcu_as_sc_mcu7t3v3__mux2_2)
     8    0.166265    0.333463    0.581707   13.822624 v _2743_/Y (gf180mcu_as_sc_mcu7t3v3__mux2_2)
                                                         core_inst.rf_mem_if.o_wb_rdt[30] (net)
                      0.333465    0.002917   13.825541 v _5484_/A (gf180mcu_as_sc_mcu7t3v3__buff_2)
     1    0.072910    0.112886    0.291122   14.116663 v _5484_/Y (gf180mcu_as_sc_mcu7t3v3__buff_2)
                                                         dft_rdata[6] (net)
                      0.112886    0.000000   14.116663 v dft_rdata[6] (out)
                                             14.116663   data arrival time

                                 40.000000   40.000000   clock clk (rise edge)
                                  0.000000   40.000000   clock network delay (propagated)
                                 -0.250000   39.750000   clock uncertainty
                                  0.000000   39.750000   clock reconvergence pessimism
                                 -8.000000   31.750000   output external delay
                                             31.750000   data required time
---------------------------------------------------------------------------------------------
                                             31.750000   data required time
                                            -14.116663   data arrival time
---------------------------------------------------------------------------------------------
                                             17.633337   slack (MET)




===========================================================================
report_checks --slack_max -0.01
============================================================================
======================= nom_tt_025C_3v30 Corner ===================================

No paths found.


===========================================================================
 report_check_types -max_slew -max_cap -max_fanout -violators
============================================================================
======================= nom_tt_025C_3v30 Corner ===================================

max slew

Pin                                        Limit        Slew       Slack
------------------------------------------------------------------------
_4754_/CLK                              1.000000    5.461524   -4.461524 (VIOLATED)
_4755_/CLK                              1.000000    5.461524   -4.461524 (VIOLATED)
_4756_/CLK                              1.000000    5.461524   -4.461524 (VIOLATED)
_4757_/CLK                              1.000000    5.461524   -4.461524 (VIOLATED)
_4758_/CLK                              1.000000    5.461524   -4.461524 (VIOLATED)
_4759_/CLK                              1.000000    5.461524   -4.461524 (VIOLATED)
_4760_/CLK                              1.000000    5.461524   -4.461524 (VIOLATED)
_4761_/CLK                              1.000000    5.461524   -4.461524 (VIOLATED)
_4762_/CLK                              1.000000    5.461524   -4.461524 (VIOLATED)
_4763_/CLK                              1.000000    5.461524   -4.461524 (VIOLATED)
_4764_/CLK                              1.000000    5.461524   -4.461524 (VIOLATED)
_4765_/CLK                              1.000000    5.461524   -4.461524 (VIOLATED)
_4766_/CLK                              1.000000    5.461524   -4.461524 (VIOLATED)
_4767_/CLK                              1.000000    5.461524   -4.461524 (VIOLATED)
_4768_/CLK                              1.000000    5.461524   -4.461524 (VIOLATED)
_4769_/CLK                              1.000000    5.461524   -4.461524 (VIOLATED)
_4770_/CLK                              1.000000    5.461524   -4.461524 (VIOLATED)
_4771_/CLK                              1.000000    5.461524   -4.461524 (VIOLATED)
_4772_/CLK                              1.000000    5.461524   -4.461524 (VIOLATED)
_4773_/CLK                              1.000000    5.461524   -4.461524 (VIOLATED)
_4774_/CLK                              1.000000    5.461524   -4.461524 (VIOLATED)
_4775_/CLK                              1.000000    5.461524   -4.461524 (VIOLATED)
_4776_/CLK                              1.000000    5.461524   -4.461524 (VIOLATED)
_4777_/CLK                              1.000000    5.461524   -4.461524 (VIOLATED)
_4778_/CLK                              1.000000    5.461524   -4.461524 (VIOLATED)
_4779_/CLK                              1.000000    5.461524   -4.461524 (VIOLATED)
_4780_/CLK                              1.000000    5.461524   -4.461524 (VIOLATED)
_4781_/CLK                              1.000000    5.461524   -4.461524 (VIOLATED)
_4782_/CLK                              1.000000    5.461524   -4.461524 (VIOLATED)
_4783_/CLK                              1.000000    5.461524   -4.461524 (VIOLATED)
_4784_/CLK                              1.000000    5.461524   -4.461524 (VIOLATED)
_4785_/CLK                              1.000000    5.461524   -4.461524 (VIOLATED)
_4786_/CLK                              1.000000    5.461524   -4.461524 (VIOLATED)
_4787_/CLK                              1.000000    5.461524   -4.461524 (VIOLATED)
_4788_/CLK                              1.000000    5.461524   -4.461524 (VIOLATED)
_4789_/CLK                              1.000000    5.461524   -4.461524 (VIOLATED)
_4790_/CLK                              1.000000    5.461524   -4.461524 (VIOLATED)
_4791_/CLK                              1.000000    5.461524   -4.461524 (VIOLATED)
_4792_/CLK                              1.000000    5.461524   -4.461524 (VIOLATED)
_4793_/CLK                              1.000000    5.461524   -4.461524 (VIOLATED)
_4794_/CLK                              1.000000    5.461524   -4.461524 (VIOLATED)
_4795_/CLK                              1.000000    5.461524   -4.461524 (VIOLATED)
_4796_/CLK                              1.000000    5.461524   -4.461524 (VIOLATED)
_4797_/CLK                              1.000000    5.461524   -4.461524 (VIOLATED)
_4798_/CLK                              1.000000    5.461524   -4.461524 (VIOLATED)
_4799_/CLK                              1.000000    5.461524   -4.461524 (VIOLATED)
_4800_/CLK                              1.000000    5.461524   -4.461524 (VIOLATED)
_4801_/CLK                              1.000000    5.461524   -4.461524 (VIOLATED)
_4802_/CLK                              1.000000    5.461524   -4.461524 (VIOLATED)
_4803_/CLK                              1.000000    5.461524   -4.461524 (VIOLATED)
_4804_/CLK                              1.000000    5.461524   -4.461524 (VIOLATED)
_4805_/CLK                              1.000000    5.461524   -4.461524 (VIOLATED)
_4806_/CLK                              1.000000    5.461524   -4.461524 (VIOLATED)
_4807_/CLK                              1.000000    5.461524   -4.461524 (VIOLATED)
_4808_/CLK                              1.000000    5.461524   -4.461524 (VIOLATED)
_4809_/CLK                              1.000000    5.461524   -4.461524 (VIOLATED)
_4810_/CLK                              1.000000    5.461524   -4.461524 (VIOLATED)
_4811_/CLK                              1.000000    5.461524   -4.461524 (VIOLATED)
_4812_/CLK                              1.000000    5.461524   -4.461524 (VIOLATED)
_4813_/CLK                              1.000000    5.461524   -4.461524 (VIOLATED)
_4814_/CLK                              1.000000    5.461524   -4.461524 (VIOLATED)
_4815_/CLK                              1.000000    5.461524   -4.461524 (VIOLATED)
_4816_/CLK                              1.000000    5.461524   -4.461524 (VIOLATED)
_4817_/CLK                              1.000000    5.461524   -4.461524 (VIOLATED)
_4818_/CLK                              1.000000    5.461524   -4.461524 (VIOLATED)
_4819_/CLK                              1.000000    5.461524   -4.461524 (VIOLATED)
_4820_/CLK                              1.000000    5.461524   -4.461524 (VIOLATED)
_4821_/CLK                              1.000000    5.461524   -4.461524 (VIOLATED)
_4822_/CLK                              1.000000    5.461524   -4.461524 (VIOLATED)
_4823_/CLK                              1.000000    5.461524   -4.461524 (VIOLATED)
_4824_/CLK                              1.000000    5.461524   -4.461524 (VIOLATED)
_4825_/CLK                              1.000000    5.461524   -4.461524 (VIOLATED)
_4826_/CLK                              1.000000    5.461524   -4.461524 (VIOLATED)
_4827_/CLK                              1.000000    5.461524   -4.461524 (VIOLATED)
_4828_/CLK                              1.000000    5.461524   -4.461524 (VIOLATED)
_4829_/CLK                              1.000000    5.461524   -4.461524 (VIOLATED)
_4830_/CLK                              1.000000    5.461524   -4.461524 (VIOLATED)
_4831_/CLK                              1.000000    5.461524   -4.461524 (VIOLATED)
_4832_/CLK                              1.000000    5.461524   -4.461524 (VIOLATED)
_4833_/CLK                              1.000000    5.461524   -4.461524 (VIOLATED)
_4834_/CLK                              1.000000    5.461524   -4.461524 (VIOLATED)
_4835_/CLK                              1.000000    5.461524   -4.461524 (VIOLATED)
_4836_/CLK                              1.000000    5.461524   -4.461524 (VIOLATED)
_4837_/CLK                              1.000000    5.461524   -4.461524 (VIOLATED)
_4838_/CLK                              1.000000    5.461524   -4.461524 (VIOLATED)
_4839_/CLK                              1.000000    5.461524   -4.461524 (VIOLATED)
_4840_/CLK                              1.000000    5.461524   -4.461524 (VIOLATED)
_4841_/CLK                              1.000000    5.461524   -4.461524 (VIOLATED)
_4842_/CLK                              1.000000    5.461524   -4.461524 (VIOLATED)
_4843_/CLK                              1.000000    5.461524   -4.461524 (VIOLATED)
_4844_/CLK                              1.000000    5.461524   -4.461524 (VIOLATED)
_4845_/CLK                              1.000000    5.461524   -4.461524 (VIOLATED)
_4846_/CLK                              1.000000    5.461524   -4.461524 (VIOLATED)
_4847_/CLK                              1.000000    5.461524   -4.461524 (VIOLATED)
_4848_/CLK                              1.000000    5.461524   -4.461524 (VIOLATED)
_4849_/CLK                              1.000000    5.461524   -4.461524 (VIOLATED)
_4850_/CLK                              1.000000    5.461524   -4.461524 (VIOLATED)
_4851_/CLK                              1.000000    5.461524   -4.461524 (VIOLATED)
_4852_/CLK                              1.000000    5.461524   -4.461524 (VIOLATED)
_4853_/CLK                              1.000000    5.461524   -4.461524 (VIOLATED)
_4854_/CLK                              1.000000    5.461524   -4.461524 (VIOLATED)
_4855_/CLK                              1.000000    5.461524   -4.461524 (VIOLATED)
_4856_/CLK                              1.000000    5.461524   -4.461524 (VIOLATED)
_4857_/CLK                              1.000000    5.461524   -4.461524 (VIOLATED)
_4858_/CLK                              1.000000    5.461524   -4.461524 (VIOLATED)
_4859_/CLK                              1.000000    5.461524   -4.461524 (VIOLATED)
_4860_/CLK                              1.000000    5.461524   -4.461524 (VIOLATED)
_4861_/CLK                              1.000000    5.461524   -4.461524 (VIOLATED)
_4862_/CLK                              1.000000    5.461524   -4.461524 (VIOLATED)
_4863_/CLK                              1.000000    5.461524   -4.461524 (VIOLATED)
_4864_/CLK                              1.000000    5.461524   -4.461524 (VIOLATED)
_4865_/CLK                              1.000000    5.461524   -4.461524 (VIOLATED)
_4866_/CLK                              1.000000    5.461524   -4.461524 (VIOLATED)
_4867_/CLK                              1.000000    5.461524   -4.461524 (VIOLATED)
_4868_/CLK                              1.000000    5.461524   -4.461524 (VIOLATED)
_4869_/CLK                              1.000000    5.461524   -4.461524 (VIOLATED)
_4870_/CLK                              1.000000    5.461524   -4.461524 (VIOLATED)
_4871_/CLK                              1.000000    5.461524   -4.461524 (VIOLATED)
_4872_/CLK                              1.000000    5.461524   -4.461524 (VIOLATED)
_4873_/CLK                              1.000000    5.461524   -4.461524 (VIOLATED)
_4874_/CLK                              1.000000    5.461524   -4.461524 (VIOLATED)
_4875_/CLK                              1.000000    5.461524   -4.461524 (VIOLATED)
_4876_/CLK                              1.000000    5.461524   -4.461524 (VIOLATED)
_4877_/CLK                              1.000000    5.461524   -4.461524 (VIOLATED)
_4878_/CLK                              1.000000    5.461524   -4.461524 (VIOLATED)
_4879_/CLK                              1.000000    5.461524   -4.461524 (VIOLATED)
_4880_/CLK                              1.000000    5.461524   -4.461524 (VIOLATED)
_4881_/CLK                              1.000000    5.461524   -4.461524 (VIOLATED)
_4882_/CLK                              1.000000    5.461524   -4.461524 (VIOLATED)
_4883_/CLK                              1.000000    5.461524   -4.461524 (VIOLATED)
_4884_/CLK                              1.000000    5.461524   -4.461524 (VIOLATED)
_4885_/CLK                              1.000000    5.461524   -4.461524 (VIOLATED)
_4886_/CLK                              1.000000    5.461524   -4.461524 (VIOLATED)
_4887_/CLK                              1.000000    5.461524   -4.461524 (VIOLATED)
_4888_/CLK                              1.000000    5.461524   -4.461524 (VIOLATED)
_4889_/CLK                              1.000000    5.461524   -4.461524 (VIOLATED)
_4890_/CLK                              1.000000    5.461524   -4.461524 (VIOLATED)
_4891_/CLK                              1.000000    5.461524   -4.461524 (VIOLATED)
_4892_/CLK                              1.000000    5.461524   -4.461524 (VIOLATED)
_4893_/CLK                              1.000000    5.461524   -4.461524 (VIOLATED)
_4894_/CLK                              1.000000    5.461524   -4.461524 (VIOLATED)
_4895_/CLK                              1.000000    5.461524   -4.461524 (VIOLATED)
_4896_/CLK                              1.000000    5.461524   -4.461524 (VIOLATED)
_4897_/CLK                              1.000000    5.461524   -4.461524 (VIOLATED)
_4898_/CLK                              1.000000    5.461524   -4.461524 (VIOLATED)
_4899_/CLK                              1.000000    5.461524   -4.461524 (VIOLATED)
_4900_/CLK                              1.000000    5.461524   -4.461524 (VIOLATED)
_4901_/CLK                              1.000000    5.461524   -4.461524 (VIOLATED)
_4902_/CLK                              1.000000    5.461524   -4.461524 (VIOLATED)
_4903_/CLK                              1.000000    5.461524   -4.461524 (VIOLATED)
_4904_/CLK                              1.000000    5.461524   -4.461524 (VIOLATED)
_4905_/CLK                              1.000000    5.461524   -4.461524 (VIOLATED)
_4906_/CLK                              1.000000    5.461524   -4.461524 (VIOLATED)
_4907_/CLK                              1.000000    5.461524   -4.461524 (VIOLATED)
_4908_/CLK                              1.000000    5.461524   -4.461524 (VIOLATED)
_4909_/CLK                              1.000000    5.461524   -4.461524 (VIOLATED)
_4910_/CLK                              1.000000    5.461524   -4.461524 (VIOLATED)
_4911_/CLK                              1.000000    5.461524   -4.461524 (VIOLATED)
_4912_/CLK                              1.000000    5.461524   -4.461524 (VIOLATED)
_4913_/CLK                              1.000000    5.461524   -4.461524 (VIOLATED)
_4914_/CLK                              1.000000    5.461524   -4.461524 (VIOLATED)
_4915_/CLK                              1.000000    5.461524   -4.461524 (VIOLATED)
_4916_/CLK                              1.000000    5.461524   -4.461524 (VIOLATED)
_4917_/CLK                              1.000000    5.461524   -4.461524 (VIOLATED)
_4918_/CLK                              1.000000    5.461524   -4.461524 (VIOLATED)
_4919_/CLK                              1.000000    5.461524   -4.461524 (VIOLATED)
_4920_/CLK                              1.000000    5.461524   -4.461524 (VIOLATED)
_4921_/CLK                              1.000000    5.461524   -4.461524 (VIOLATED)
_4922_/CLK                              1.000000    5.461524   -4.461524 (VIOLATED)
_4923_/CLK                              1.000000    5.461524   -4.461524 (VIOLATED)
_4924_/CLK                              1.000000    5.461524   -4.461524 (VIOLATED)
_4925_/CLK                              1.000000    5.461524   -4.461524 (VIOLATED)
_4926_/CLK                              1.000000    5.461524   -4.461524 (VIOLATED)
_4927_/CLK                              1.000000    5.461524   -4.461524 (VIOLATED)
_4928_/CLK                              1.000000    5.461524   -4.461524 (VIOLATED)
_4929_/CLK                              1.000000    5.461524   -4.461524 (VIOLATED)
_4930_/CLK                              1.000000    5.461524   -4.461524 (VIOLATED)
_4931_/CLK                              1.000000    5.461524   -4.461524 (VIOLATED)
_4932_/CLK                              1.000000    5.461524   -4.461524 (VIOLATED)
_4933_/CLK                              1.000000    5.461524   -4.461524 (VIOLATED)
_4934_/CLK                              1.000000    5.461524   -4.461524 (VIOLATED)
_4935_/CLK                              1.000000    5.461524   -4.461524 (VIOLATED)
_4936_/CLK                              1.000000    5.461524   -4.461524 (VIOLATED)
_4937_/CLK                              1.000000    5.461524   -4.461524 (VIOLATED)
_4938_/CLK                              1.000000    5.461524   -4.461524 (VIOLATED)
_4939_/CLK                              1.000000    5.461524   -4.461524 (VIOLATED)
_4940_/CLK                              1.000000    5.461524   -4.461524 (VIOLATED)
_4941_/CLK                              1.000000    5.461524   -4.461524 (VIOLATED)
_4942_/CLK                              1.000000    5.461524   -4.461524 (VIOLATED)
_4943_/CLK                              1.000000    5.461524   -4.461524 (VIOLATED)
_4944_/CLK                              1.000000    5.461524   -4.461524 (VIOLATED)
_4945_/CLK                              1.000000    5.461524   -4.461524 (VIOLATED)
_4946_/CLK                              1.000000    5.461524   -4.461524 (VIOLATED)
_4947_/CLK                              1.000000    5.461524   -4.461524 (VIOLATED)
_4948_/CLK                              1.000000    5.461524   -4.461524 (VIOLATED)
_4949_/CLK                              1.000000    5.461524   -4.461524 (VIOLATED)
_4950_/CLK                              1.000000    5.461524   -4.461524 (VIOLATED)
_4951_/CLK                              1.000000    5.461524   -4.461524 (VIOLATED)
_4952_/CLK                              1.000000    5.461524   -4.461524 (VIOLATED)
_4953_/CLK                              1.000000    5.461524   -4.461524 (VIOLATED)
_4954_/CLK                              1.000000    5.461524   -4.461524 (VIOLATED)
_4955_/CLK                              1.000000    5.461524   -4.461524 (VIOLATED)
_4956_/CLK                              1.000000    5.461524   -4.461524 (VIOLATED)
_4957_/CLK                              1.000000    5.461524   -4.461524 (VIOLATED)
_4958_/CLK                              1.000000    5.461524   -4.461524 (VIOLATED)
_4959_/CLK                              1.000000    5.461524   -4.461524 (VIOLATED)
_4960_/CLK                              1.000000    5.461524   -4.461524 (VIOLATED)
_4961_/CLK                              1.000000    5.461524   -4.461524 (VIOLATED)
_4962_/CLK                              1.000000    5.461524   -4.461524 (VIOLATED)
_4963_/CLK                              1.000000    5.461524   -4.461524 (VIOLATED)
_4964_/CLK                              1.000000    5.461524   -4.461524 (VIOLATED)
_4965_/CLK                              1.000000    5.461524   -4.461524 (VIOLATED)
_4966_/CLK                              1.000000    5.461524   -4.461524 (VIOLATED)
_4967_/CLK                              1.000000    5.461524   -4.461524 (VIOLATED)
_4968_/CLK                              1.000000    5.461524   -4.461524 (VIOLATED)
_4969_/CLK                              1.000000    5.461524   -4.461524 (VIOLATED)
_4970_/CLK                              1.000000    5.461524   -4.461524 (VIOLATED)
_4971_/CLK                              1.000000    5.461524   -4.461524 (VIOLATED)
_4972_/CLK                              1.000000    5.461524   -4.461524 (VIOLATED)
_4973_/CLK                              1.000000    5.461524   -4.461524 (VIOLATED)
_4974_/CLK                              1.000000    5.461524   -4.461524 (VIOLATED)
_4975_/CLK                              1.000000    5.461524   -4.461524 (VIOLATED)
_4976_/CLK                              1.000000    5.461524   -4.461524 (VIOLATED)
_4977_/CLK                              1.000000    5.461524   -4.461524 (VIOLATED)
_4978_/CLK                              1.000000    5.461524   -4.461524 (VIOLATED)
_4979_/CLK                              1.000000    5.461524   -4.461524 (VIOLATED)
_4980_/CLK                              1.000000    5.461524   -4.461524 (VIOLATED)
_4981_/CLK                              1.000000    5.461524   -4.461524 (VIOLATED)
_4982_/CLK                              1.000000    5.461524   -4.461524 (VIOLATED)
_4983_/CLK                              1.000000    5.461524   -4.461524 (VIOLATED)
_4984_/CLK                              1.000000    5.461524   -4.461524 (VIOLATED)
_4985_/CLK                              1.000000    5.461524   -4.461524 (VIOLATED)
_4986_/CLK                              1.000000    5.461524   -4.461524 (VIOLATED)
_4987_/CLK                              1.000000    5.461524   -4.461524 (VIOLATED)
_4988_/CLK                              1.000000    5.461524   -4.461524 (VIOLATED)
_4989_/CLK                              1.000000    5.461524   -4.461524 (VIOLATED)
_4990_/CLK                              1.000000    5.461524   -4.461524 (VIOLATED)
_4991_/CLK                              1.000000    5.461524   -4.461524 (VIOLATED)
_4992_/CLK                              1.000000    5.461524   -4.461524 (VIOLATED)
_4993_/CLK                              1.000000    5.461524   -4.461524 (VIOLATED)
_4994_/CLK                              1.000000    5.461524   -4.461524 (VIOLATED)
_4995_/CLK                              1.000000    5.461524   -4.461524 (VIOLATED)
_4996_/CLK                              1.000000    5.461524   -4.461524 (VIOLATED)
_4997_/CLK                              1.000000    5.461524   -4.461524 (VIOLATED)
_4998_/CLK                              1.000000    5.461524   -4.461524 (VIOLATED)
_4999_/CLK                              1.000000    5.461524   -4.461524 (VIOLATED)
_5000_/CLK                              1.000000    5.461524   -4.461524 (VIOLATED)
_5001_/CLK                              1.000000    5.461524   -4.461524 (VIOLATED)
_5002_/CLK                              1.000000    5.461524   -4.461524 (VIOLATED)
_5003_/CLK                              1.000000    5.461524   -4.461524 (VIOLATED)
_5004_/CLK                              1.000000    5.461524   -4.461524 (VIOLATED)
_5005_/CLK                              1.000000    5.461524   -4.461524 (VIOLATED)
_5006_/CLK                              1.000000    5.461524   -4.461524 (VIOLATED)
_5007_/CLK                              1.000000    5.461524   -4.461524 (VIOLATED)
_5008_/CLK                              1.000000    5.461524   -4.461524 (VIOLATED)
_5009_/CLK                              1.000000    5.461524   -4.461524 (VIOLATED)
_5010_/CLK                              1.000000    5.461524   -4.461524 (VIOLATED)
_5011_/CLK                              1.000000    5.461524   -4.461524 (VIOLATED)
_5012_/CLK                              1.000000    5.461524   -4.461524 (VIOLATED)
_5013_/CLK                              1.000000    5.461524   -4.461524 (VIOLATED)
_5014_/CLK                              1.000000    5.461524   -4.461524 (VIOLATED)
_5015_/CLK                              1.000000    5.461524   -4.461524 (VIOLATED)
_5016_/CLK                              1.000000    5.461524   -4.461524 (VIOLATED)
_5017_/CLK                              1.000000    5.461524   -4.461524 (VIOLATED)
_5018_/CLK                              1.000000    5.461524   -4.461524 (VIOLATED)
_5019_/CLK                              1.000000    5.461524   -4.461524 (VIOLATED)
_5020_/CLK                              1.000000    5.461524   -4.461524 (VIOLATED)
_5021_/CLK                              1.000000    5.461524   -4.461524 (VIOLATED)
_5022_/CLK                              1.000000    5.461524   -4.461524 (VIOLATED)
_5023_/CLK                              1.000000    5.461524   -4.461524 (VIOLATED)
_5024_/CLK                              1.000000    5.461524   -4.461524 (VIOLATED)
_5025_/CLK                              1.000000    5.461524   -4.461524 (VIOLATED)
_5026_/CLK                              1.000000    5.461524   -4.461524 (VIOLATED)
_5027_/CLK                              1.000000    5.461524   -4.461524 (VIOLATED)
_5028_/CLK                              1.000000    5.461524   -4.461524 (VIOLATED)
_5029_/CLK                              1.000000    5.461524   -4.461524 (VIOLATED)
_5030_/CLK                              1.000000    5.461524   -4.461524 (VIOLATED)
_5031_/CLK                              1.000000    5.461524   -4.461524 (VIOLATED)
_5032_/CLK                              1.000000    5.461524   -4.461524 (VIOLATED)
_5033_/CLK                              1.000000    5.461524   -4.461524 (VIOLATED)
_5034_/CLK                              1.000000    5.461524   -4.461524 (VIOLATED)
_5035_/CLK                              1.000000    5.461524   -4.461524 (VIOLATED)
_5036_/CLK                              1.000000    5.461524   -4.461524 (VIOLATED)
_5037_/CLK                              1.000000    5.461524   -4.461524 (VIOLATED)
_5038_/CLK                              1.000000    5.461524   -4.461524 (VIOLATED)
_5039_/CLK                              1.000000    5.461524   -4.461524 (VIOLATED)
_5040_/CLK                              1.000000    5.461524   -4.461524 (VIOLATED)
_5041_/CLK                              1.000000    5.461524   -4.461524 (VIOLATED)
_5042_/CLK                              1.000000    5.461524   -4.461524 (VIOLATED)
_5043_/CLK                              1.000000    5.461524   -4.461524 (VIOLATED)
_5044_/CLK                              1.000000    5.461524   -4.461524 (VIOLATED)
_5045_/CLK                              1.000000    5.461524   -4.461524 (VIOLATED)
_5046_/CLK                              1.000000    5.461524   -4.461524 (VIOLATED)
_5047_/CLK                              1.000000    5.461524   -4.461524 (VIOLATED)
_5048_/CLK                              1.000000    5.461524   -4.461524 (VIOLATED)
_5049_/CLK                              1.000000    5.461524   -4.461524 (VIOLATED)
_5050_/CLK                              1.000000    5.461524   -4.461524 (VIOLATED)
_5051_/CLK                              1.000000    5.461524   -4.461524 (VIOLATED)
_5052_/CLK                              1.000000    5.461524   -4.461524 (VIOLATED)
_5053_/CLK                              1.000000    5.461524   -4.461524 (VIOLATED)
_5054_/CLK                              1.000000    5.461524   -4.461524 (VIOLATED)
_5055_/CLK                              1.000000    5.461524   -4.461524 (VIOLATED)
_5056_/CLK                              1.000000    5.461524   -4.461524 (VIOLATED)
_5057_/CLK                              1.000000    5.461524   -4.461524 (VIOLATED)
_5058_/CLK                              1.000000    5.461524   -4.461524 (VIOLATED)
_5059_/CLK                              1.000000    5.461524   -4.461524 (VIOLATED)
_5060_/CLK                              1.000000    5.461524   -4.461524 (VIOLATED)
_5061_/CLK                              1.000000    5.461524   -4.461524 (VIOLATED)
_5062_/CLK                              1.000000    5.461524   -4.461524 (VIOLATED)
_5063_/CLK                              1.000000    5.461524   -4.461524 (VIOLATED)
_5064_/CLK                              1.000000    5.461524   -4.461524 (VIOLATED)
_5065_/CLK                              1.000000    5.461524   -4.461524 (VIOLATED)
_5066_/CLK                              1.000000    5.461524   -4.461524 (VIOLATED)
_5067_/CLK                              1.000000    5.461524   -4.461524 (VIOLATED)
_5068_/CLK                              1.000000    5.461524   -4.461524 (VIOLATED)
_5069_/CLK                              1.000000    5.461524   -4.461524 (VIOLATED)
_5070_/CLK                              1.000000    5.461524   -4.461524 (VIOLATED)
_5071_/CLK                              1.000000    5.461524   -4.461524 (VIOLATED)
_5072_/CLK                              1.000000    5.461524   -4.461524 (VIOLATED)
_5073_/CLK                              1.000000    5.461524   -4.461524 (VIOLATED)
_5074_/CLK                              1.000000    5.461524   -4.461524 (VIOLATED)
_5075_/CLK                              1.000000    5.461524   -4.461524 (VIOLATED)
_5076_/CLK                              1.000000    5.461524   -4.461524 (VIOLATED)
_5077_/CLK                              1.000000    5.461524   -4.461524 (VIOLATED)
_5078_/CLK                              1.000000    5.461524   -4.461524 (VIOLATED)
_5079_/CLK                              1.000000    5.461524   -4.461524 (VIOLATED)
_5080_/CLK                              1.000000    5.461524   -4.461524 (VIOLATED)
_5081_/CLK                              1.000000    5.461524   -4.461524 (VIOLATED)
_5082_/CLK                              1.000000    5.461524   -4.461524 (VIOLATED)
_5083_/CLK                              1.000000    5.461524   -4.461524 (VIOLATED)
_5084_/CLK                              1.000000    5.461524   -4.461524 (VIOLATED)
_5085_/CLK                              1.000000    5.461524   -4.461524 (VIOLATED)
_5086_/CLK                              1.000000    5.461524   -4.461524 (VIOLATED)
_5087_/CLK                              1.000000    5.461524   -4.461524 (VIOLATED)
_5088_/CLK                              1.000000    5.461524   -4.461524 (VIOLATED)
_5089_/CLK                              1.000000    5.461524   -4.461524 (VIOLATED)
_5090_/CLK                              1.000000    5.461524   -4.461524 (VIOLATED)
_5091_/CLK                              1.000000    5.461524   -4.461524 (VIOLATED)
_5092_/CLK                              1.000000    5.461524   -4.461524 (VIOLATED)
_5093_/CLK                              1.000000    5.461524   -4.461524 (VIOLATED)
_5094_/CLK                              1.000000    5.461524   -4.461524 (VIOLATED)
_5095_/CLK                              1.000000    5.461524   -4.461524 (VIOLATED)
_5096_/CLK                              1.000000    5.461524   -4.461524 (VIOLATED)
_5097_/CLK                              1.000000    5.461524   -4.461524 (VIOLATED)
_5098_/CLK                              1.000000    5.461524   -4.461524 (VIOLATED)
_5099_/CLK                              1.000000    5.461524   -4.461524 (VIOLATED)
_5100_/CLK                              1.000000    5.461524   -4.461524 (VIOLATED)
_5101_/CLK                              1.000000    5.461524   -4.461524 (VIOLATED)
_5102_/CLK                              1.000000    5.461524   -4.461524 (VIOLATED)
_5103_/CLK                              1.000000    5.461524   -4.461524 (VIOLATED)
_5104_/CLK                              1.000000    5.461524   -4.461524 (VIOLATED)
_5105_/CLK                              1.000000    5.461524   -4.461524 (VIOLATED)
_5106_/CLK                              1.000000    5.461524   -4.461524 (VIOLATED)
_5107_/CLK                              1.000000    5.461524   -4.461524 (VIOLATED)
_5108_/CLK                              1.000000    5.461524   -4.461524 (VIOLATED)
_5109_/CLK                              1.000000    5.461524   -4.461524 (VIOLATED)
_5110_/CLK                              1.000000    5.461524   -4.461524 (VIOLATED)
_5111_/CLK                              1.000000    5.461524   -4.461524 (VIOLATED)
_5112_/CLK                              1.000000    5.461524   -4.461524 (VIOLATED)
_5113_/CLK                              1.000000    5.461524   -4.461524 (VIOLATED)
_5114_/CLK                              1.000000    5.461524   -4.461524 (VIOLATED)
_5115_/CLK                              1.000000    5.461524   -4.461524 (VIOLATED)
_5116_/CLK                              1.000000    5.461524   -4.461524 (VIOLATED)
_5117_/CLK                              1.000000    5.461524   -4.461524 (VIOLATED)
_5118_/CLK                              1.000000    5.461524   -4.461524 (VIOLATED)
_5119_/CLK                              1.000000    5.461524   -4.461524 (VIOLATED)
_5120_/CLK                              1.000000    5.461524   -4.461524 (VIOLATED)
_5121_/CLK                              1.000000    5.461524   -4.461524 (VIOLATED)
_5122_/CLK                              1.000000    5.461524   -4.461524 (VIOLATED)
_5123_/CLK                              1.000000    5.461524   -4.461524 (VIOLATED)
_5124_/CLK                              1.000000    5.461524   -4.461524 (VIOLATED)
_5125_/CLK                              1.000000    5.461524   -4.461524 (VIOLATED)
_5126_/CLK                              1.000000    5.461524   -4.461524 (VIOLATED)
_5127_/CLK                              1.000000    5.461524   -4.461524 (VIOLATED)
_5128_/CLK                              1.000000    5.461524   -4.461524 (VIOLATED)
_5129_/CLK                              1.000000    5.461524   -4.461524 (VIOLATED)
_5130_/CLK                              1.000000    5.461524   -4.461524 (VIOLATED)
_5131_/CLK                              1.000000    5.461524   -4.461524 (VIOLATED)
_5132_/CLK                              1.000000    5.461524   -4.461524 (VIOLATED)
_5133_/CLK                              1.000000    5.461524   -4.461524 (VIOLATED)
_5134_/CLK                              1.000000    5.461524   -4.461524 (VIOLATED)
_5135_/CLK                              1.000000    5.461524   -4.461524 (VIOLATED)
_5136_/CLK                              1.000000    5.461524   -4.461524 (VIOLATED)
_5137_/CLK                              1.000000    5.461524   -4.461524 (VIOLATED)
_5138_/CLK                              1.000000    5.461524   -4.461524 (VIOLATED)
_5139_/CLK                              1.000000    5.461524   -4.461524 (VIOLATED)
_5140_/CLK                              1.000000    5.461524   -4.461524 (VIOLATED)
_5141_/CLK                              1.000000    5.461524   -4.461524 (VIOLATED)
_5142_/CLK                              1.000000    5.461524   -4.461524 (VIOLATED)
_5143_/CLK                              1.000000    5.461524   -4.461524 (VIOLATED)
_5144_/CLK                              1.000000    5.461524   -4.461524 (VIOLATED)
_5145_/CLK                              1.000000    5.461524   -4.461524 (VIOLATED)
_5146_/CLK                              1.000000    5.461524   -4.461524 (VIOLATED)
_5147_/CLK                              1.000000    5.461524   -4.461524 (VIOLATED)
_5148_/CLK                              1.000000    5.461524   -4.461524 (VIOLATED)
_5149_/CLK                              1.000000    5.461524   -4.461524 (VIOLATED)
_5150_/CLK                              1.000000    5.461524   -4.461524 (VIOLATED)
_5151_/CLK                              1.000000    5.461524   -4.461524 (VIOLATED)
_5152_/CLK                              1.000000    5.461524   -4.461524 (VIOLATED)
_5153_/CLK                              1.000000    5.461524   -4.461524 (VIOLATED)
_5154_/CLK                              1.000000    5.461524   -4.461524 (VIOLATED)
_5155_/CLK                              1.000000    5.461524   -4.461524 (VIOLATED)
_5156_/CLK                              1.000000    5.461524   -4.461524 (VIOLATED)
_5157_/CLK                              1.000000    5.461524   -4.461524 (VIOLATED)
_5158_/CLK                              1.000000    5.461524   -4.461524 (VIOLATED)
_5159_/CLK                              1.000000    5.461524   -4.461524 (VIOLATED)
_5160_/CLK                              1.000000    5.461524   -4.461524 (VIOLATED)
_5161_/CLK                              1.000000    5.461524   -4.461524 (VIOLATED)
_5162_/CLK                              1.000000    5.461524   -4.461524 (VIOLATED)
_5163_/CLK                              1.000000    5.461524   -4.461524 (VIOLATED)
_5164_/CLK                              1.000000    5.461524   -4.461524 (VIOLATED)
_5165_/CLK                              1.000000    5.461524   -4.461524 (VIOLATED)
_5166_/CLK                              1.000000    5.461524   -4.461524 (VIOLATED)
_5167_/CLK                              1.000000    5.461524   -4.461524 (VIOLATED)
_5168_/CLK                              1.000000    5.461524   -4.461524 (VIOLATED)
_5169_/CLK                              1.000000    5.461524   -4.461524 (VIOLATED)
_5170_/CLK                              1.000000    5.461524   -4.461524 (VIOLATED)
_5171_/CLK                              1.000000    5.461524   -4.461524 (VIOLATED)
_5172_/CLK                              1.000000    5.461524   -4.461524 (VIOLATED)
_5173_/CLK                              1.000000    5.461524   -4.461524 (VIOLATED)
_5174_/CLK                              1.000000    5.461524   -4.461524 (VIOLATED)
_5175_/CLK                              1.000000    5.461524   -4.461524 (VIOLATED)
_5176_/CLK                              1.000000    5.461524   -4.461524 (VIOLATED)
_5177_/CLK                              1.000000    5.461524   -4.461524 (VIOLATED)
_5178_/CLK                              1.000000    5.461524   -4.461524 (VIOLATED)
_5179_/CLK                              1.000000    5.461524   -4.461524 (VIOLATED)
_5180_/CLK                              1.000000    5.461524   -4.461524 (VIOLATED)
_5181_/CLK                              1.000000    5.461524   -4.461524 (VIOLATED)
_5182_/CLK                              1.000000    5.461524   -4.461524 (VIOLATED)
_5183_/CLK                              1.000000    5.461524   -4.461524 (VIOLATED)
_5184_/CLK                              1.000000    5.461524   -4.461524 (VIOLATED)
_5185_/CLK                              1.000000    5.461524   -4.461524 (VIOLATED)
_5186_/CLK                              1.000000    5.461524   -4.461524 (VIOLATED)
_5187_/CLK                              1.000000    5.461524   -4.461524 (VIOLATED)
_5188_/CLK                              1.000000    5.461524   -4.461524 (VIOLATED)
_5189_/CLK                              1.000000    5.461524   -4.461524 (VIOLATED)
_5190_/CLK                              1.000000    5.461524   -4.461524 (VIOLATED)
_5191_/CLK                              1.000000    5.461524   -4.461524 (VIOLATED)
_5192_/CLK                              1.000000    5.461524   -4.461524 (VIOLATED)
_5193_/CLK                              1.000000    5.461524   -4.461524 (VIOLATED)
_5194_/CLK                              1.000000    5.461524   -4.461524 (VIOLATED)
_5195_/CLK                              1.000000    5.461524   -4.461524 (VIOLATED)
_5196_/CLK                              1.000000    5.461524   -4.461524 (VIOLATED)
_5197_/CLK                              1.000000    5.461524   -4.461524 (VIOLATED)
_5198_/CLK                              1.000000    5.461524   -4.461524 (VIOLATED)
_5199_/CLK                              1.000000    5.461524   -4.461524 (VIOLATED)
_5200_/CLK                              1.000000    5.461524   -4.461524 (VIOLATED)
_5201_/CLK                              1.000000    5.461524   -4.461524 (VIOLATED)
_5202_/CLK                              1.000000    5.461524   -4.461524 (VIOLATED)
_5203_/CLK                              1.000000    5.461524   -4.461524 (VIOLATED)
_5204_/CLK                              1.000000    5.461524   -4.461524 (VIOLATED)
_5205_/CLK                              1.000000    5.461524   -4.461524 (VIOLATED)
_5206_/CLK                              1.000000    5.461524   -4.461524 (VIOLATED)
_5207_/CLK                              1.000000    5.461524   -4.461524 (VIOLATED)
_5208_/CLK                              1.000000    5.461524   -4.461524 (VIOLATED)
_5209_/CLK                              1.000000    5.461524   -4.461524 (VIOLATED)
_5210_/CLK                              1.000000    5.461524   -4.461524 (VIOLATED)
_5211_/CLK                              1.000000    5.461524   -4.461524 (VIOLATED)
_5212_/CLK                              1.000000    5.461524   -4.461524 (VIOLATED)
_5213_/CLK                              1.000000    5.461524   -4.461524 (VIOLATED)
_5214_/CLK                              1.000000    5.461524   -4.461524 (VIOLATED)
_5215_/CLK                              1.000000    5.461524   -4.461524 (VIOLATED)
_5216_/CLK                              1.000000    5.461524   -4.461524 (VIOLATED)
_5217_/CLK                              1.000000    5.461524   -4.461524 (VIOLATED)
_5218_/CLK                              1.000000    5.461524   -4.461524 (VIOLATED)
_5219_/CLK                              1.000000    5.461524   -4.461524 (VIOLATED)
_5220_/CLK                              1.000000    5.461524   -4.461524 (VIOLATED)
_5221_/CLK                              1.000000    5.461524   -4.461524 (VIOLATED)
_5222_/CLK                              1.000000    5.461524   -4.461524 (VIOLATED)
_5223_/CLK                              1.000000    5.461524   -4.461524 (VIOLATED)
_5224_/CLK                              1.000000    5.461524   -4.461524 (VIOLATED)
_5225_/CLK                              1.000000    5.461524   -4.461524 (VIOLATED)
_5226_/CLK                              1.000000    5.461524   -4.461524 (VIOLATED)
_5227_/CLK                              1.000000    5.461524   -4.461524 (VIOLATED)
_5228_/CLK                              1.000000    5.461524   -4.461524 (VIOLATED)
_5229_/CLK                              1.000000    5.461524   -4.461524 (VIOLATED)
_5230_/CLK                              1.000000    5.461524   -4.461524 (VIOLATED)
_5231_/CLK                              1.000000    5.461524   -4.461524 (VIOLATED)
_5232_/CLK                              1.000000    5.461524   -4.461524 (VIOLATED)
_5233_/CLK                              1.000000    5.461524   -4.461524 (VIOLATED)
_5234_/CLK                              1.000000    5.461524   -4.461524 (VIOLATED)
_5235_/CLK                              1.000000    5.461524   -4.461524 (VIOLATED)
_5236_/CLK                              1.000000    5.461524   -4.461524 (VIOLATED)
_5237_/CLK                              1.000000    5.461524   -4.461524 (VIOLATED)
_5238_/CLK                              1.000000    5.461524   -4.461524 (VIOLATED)
_5239_/CLK                              1.000000    5.461524   -4.461524 (VIOLATED)
_5240_/CLK                              1.000000    5.461524   -4.461524 (VIOLATED)
_5241_/CLK                              1.000000    5.461524   -4.461524 (VIOLATED)
_5242_/CLK                              1.000000    5.461524   -4.461524 (VIOLATED)
_5243_/CLK                              1.000000    5.461524   -4.461524 (VIOLATED)
_5244_/CLK                              1.000000    5.461524   -4.461524 (VIOLATED)
_5245_/CLK                              1.000000    5.461524   -4.461524 (VIOLATED)
_5246_/CLK                              1.000000    5.461524   -4.461524 (VIOLATED)
_5247_/CLK                              1.000000    5.461524   -4.461524 (VIOLATED)
_5248_/CLK                              1.000000    5.461524   -4.461524 (VIOLATED)
_5249_/CLK                              1.000000    5.461524   -4.461524 (VIOLATED)
_5250_/CLK                              1.000000    5.461524   -4.461524 (VIOLATED)
_5251_/CLK                              1.000000    5.461524   -4.461524 (VIOLATED)
_5252_/CLK                              1.000000    5.461524   -4.461524 (VIOLATED)
_5253_/CLK                              1.000000    5.461524   -4.461524 (VIOLATED)
_5254_/CLK                              1.000000    5.461524   -4.461524 (VIOLATED)
_5255_/CLK                              1.000000    5.461524   -4.461524 (VIOLATED)
_5256_/CLK                              1.000000    5.461524   -4.461524 (VIOLATED)
_5257_/CLK                              1.000000    5.461524   -4.461524 (VIOLATED)
_5258_/CLK                              1.000000    5.461524   -4.461524 (VIOLATED)
_5259_/CLK                              1.000000    5.461524   -4.461524 (VIOLATED)
_5260_/CLK                              1.000000    5.461524   -4.461524 (VIOLATED)
_5261_/CLK                              1.000000    5.461524   -4.461524 (VIOLATED)
_5262_/CLK                              1.000000    5.461524   -4.461524 (VIOLATED)
_5263_/CLK                              1.000000    5.461524   -4.461524 (VIOLATED)
_5264_/CLK                              1.000000    5.461524   -4.461524 (VIOLATED)
_5265_/CLK                              1.000000    5.461524   -4.461524 (VIOLATED)
_5266_/CLK                              1.000000    5.461524   -4.461524 (VIOLATED)
_5267_/CLK                              1.000000    5.461524   -4.461524 (VIOLATED)
_5268_/CLK                              1.000000    5.461524   -4.461524 (VIOLATED)
_5269_/CLK                              1.000000    5.461524   -4.461524 (VIOLATED)
_5270_/CLK                              1.000000    5.461524   -4.461524 (VIOLATED)
_5271_/CLK                              1.000000    5.461524   -4.461524 (VIOLATED)
_5272_/CLK                              1.000000    5.461524   -4.461524 (VIOLATED)
_5273_/CLK                              1.000000    5.461524   -4.461524 (VIOLATED)
_5274_/CLK                              1.000000    5.461524   -4.461524 (VIOLATED)
_5275_/CLK                              1.000000    5.461524   -4.461524 (VIOLATED)
_5276_/CLK                              1.000000    5.461524   -4.461524 (VIOLATED)
_5277_/CLK                              1.000000    5.461524   -4.461524 (VIOLATED)
_5278_/CLK                              1.000000    5.461524   -4.461524 (VIOLATED)
_5279_/CLK                              1.000000    5.461524   -4.461524 (VIOLATED)
_5280_/CLK                              1.000000    5.461524   -4.461524 (VIOLATED)
_5281_/CLK                              1.000000    5.461524   -4.461524 (VIOLATED)
_5282_/CLK                              1.000000    5.461524   -4.461524 (VIOLATED)
_5283_/CLK                              1.000000    5.461524   -4.461524 (VIOLATED)
_5284_/CLK                              1.000000    5.461524   -4.461524 (VIOLATED)
_5285_/CLK                              1.000000    5.461524   -4.461524 (VIOLATED)
clk                                     1.500000    5.461524   -3.961524 (VIOLATED)
sram2048.u_bank0/CLK                    1.500000    5.461524   -3.961524 (VIOLATED)
sram2048.u_bank1/CLK                    1.500000    5.461524   -3.961524 (VIOLATED)
_3572_/C                                1.500000    4.227493   -2.727493 (VIOLATED)
_3573_/B                                1.500000    4.227493   -2.727493 (VIOLATED)
_3578_/D                                1.500000    4.227492   -2.727492 (VIOLATED)
_3580_/B                                1.500000    4.227493   -2.727493 (VIOLATED)
_3585_/D                                1.500000    4.227492   -2.727492 (VIOLATED)
_3587_/B                                1.500000    4.227493   -2.727493 (VIOLATED)
_3593_/C                                1.500000    4.227494   -2.727494 (VIOLATED)
_3594_/B                                1.500000    4.227494   -2.727494 (VIOLATED)
_3599_/D                                1.500000    4.227493   -2.727493 (VIOLATED)
_3601_/B                                1.500000    4.227494   -2.727494 (VIOLATED)
_3607_/C                                1.500000    4.227494   -2.727494 (VIOLATED)
_3608_/B                                1.500000    4.227494   -2.727494 (VIOLATED)
_3616_/B                                1.500000    4.227494   -2.727494 (VIOLATED)
_3629_/D                                1.500000    4.227493   -2.727493 (VIOLATED)
_3631_/B                                1.500000    4.227494   -2.727494 (VIOLATED)
_3639_/B                                1.500000    4.227494   -2.727494 (VIOLATED)
_3647_/B                                1.500000    4.227494   -2.727494 (VIOLATED)
_3652_/D                                1.500000    4.227493   -2.727493 (VIOLATED)
_3654_/B                                1.500000    4.227494   -2.727494 (VIOLATED)
_3659_/D                                1.500000    4.227493   -2.727493 (VIOLATED)
_3661_/B                                1.500000    4.227494   -2.727494 (VIOLATED)
_3669_/B                                1.500000    4.227494   -2.727494 (VIOLATED)
_3675_/C                                1.500000    4.227493   -2.727493 (VIOLATED)
_3676_/B                                1.500000    4.227493   -2.727493 (VIOLATED)
_3684_/B                                1.500000    4.227494   -2.727494 (VIOLATED)
_3692_/B                                1.500000    4.227494   -2.727494 (VIOLATED)
_3697_/D                                1.500000    4.227493   -2.727493 (VIOLATED)
_3699_/B                                1.500000    4.227494   -2.727494 (VIOLATED)
_3707_/B                                1.500000    4.227493   -2.727493 (VIOLATED)
_3715_/B                                1.500000    4.227494   -2.727494 (VIOLATED)
_3723_/B                                1.500000    4.227494   -2.727494 (VIOLATED)
_3731_/B                                1.500000    4.227494   -2.727494 (VIOLATED)
_3739_/B                                1.500000    4.227494   -2.727494 (VIOLATED)
_3744_/D                                1.500000    4.227493   -2.727493 (VIOLATED)
_3746_/B                                1.500000    4.227494   -2.727494 (VIOLATED)
_3752_/C                                1.500000    4.227494   -2.727494 (VIOLATED)
_3753_/B                                1.500000    4.227494   -2.727494 (VIOLATED)
_3758_/D                                1.500000    4.227492   -2.727492 (VIOLATED)
_3760_/B                                1.500000    4.227493   -2.727493 (VIOLATED)
_3774_/C                                1.500000    4.227493   -2.727493 (VIOLATED)
_3775_/B                                1.500000    4.227493   -2.727493 (VIOLATED)
_3802_/C                                1.500000    4.227492   -2.727492 (VIOLATED)
_3803_/B                                1.500000    4.227493   -2.727493 (VIOLATED)
_3559_/Y                                1.500000    4.227445   -2.727445 (VIOLATED)
_3926_/C                                1.500000    3.074478   -1.574478 (VIOLATED)
_3936_/B                                1.500000    3.074479   -1.574479 (VIOLATED)
_3939_/C                                1.500000    3.074479   -1.574479 (VIOLATED)
_3944_/B                                1.500000    3.074478   -1.574478 (VIOLATED)
_3948_/C                                1.500000    3.074479   -1.574479 (VIOLATED)
_3953_/B                                1.500000    3.074478   -1.574478 (VIOLATED)
_3957_/C                                1.500000    3.074479   -1.574479 (VIOLATED)
_3962_/B                                1.500000    3.074478   -1.574478 (VIOLATED)
_3966_/C                                1.500000    3.074478   -1.574478 (VIOLATED)
_3971_/B                                1.500000    3.074479   -1.574479 (VIOLATED)
_3998_/C                                1.500000    3.074478   -1.574478 (VIOLATED)
_4003_/B                                1.500000    3.074479   -1.574479 (VIOLATED)
_4022_/C                                1.500000    3.074478   -1.574478 (VIOLATED)
_4027_/B                                1.500000    3.074479   -1.574479 (VIOLATED)
_4038_/C                                1.500000    3.074478   -1.574478 (VIOLATED)
_4043_/B                                1.500000    3.074479   -1.574479 (VIOLATED)
_4066_/D                                1.500000    3.074479   -1.574479 (VIOLATED)
_4067_/B                                1.500000    3.074479   -1.574479 (VIOLATED)
_4070_/C                                1.500000    3.074478   -1.574478 (VIOLATED)
_4075_/B                                1.500000    3.074479   -1.574479 (VIOLATED)
_4078_/C                                1.500000    3.074478   -1.574478 (VIOLATED)
_4083_/B                                1.500000    3.074479   -1.574479 (VIOLATED)
_4086_/C                                1.500000    3.074478   -1.574478 (VIOLATED)
_4091_/B                                1.500000    3.074479   -1.574479 (VIOLATED)
_4094_/C                                1.500000    3.074478   -1.574478 (VIOLATED)
_4099_/B                                1.500000    3.074479   -1.574479 (VIOLATED)
_4110_/C                                1.500000    3.074479   -1.574479 (VIOLATED)
_4115_/B                                1.500000    3.074478   -1.574478 (VIOLATED)
_4119_/C                                1.500000    3.074478   -1.574478 (VIOLATED)
_4124_/B                                1.500000    3.074479   -1.574479 (VIOLATED)
_4127_/C                                1.500000    3.074479   -1.574479 (VIOLATED)
_4132_/B                                1.500000    3.074478   -1.574478 (VIOLATED)
_4136_/C                                1.500000    3.074478   -1.574478 (VIOLATED)
_4141_/B                                1.500000    3.074479   -1.574479 (VIOLATED)
_3921_/Y                                1.500000    3.074444   -1.574444 (VIOLATED)
_2452_/A                                1.500000    2.615679   -1.115679 (VIOLATED)
_2453_/A                                1.500000    2.615679   -1.115679 (VIOLATED)
_2454_/S                                1.500000    2.615679   -1.115679 (VIOLATED)
_2460_/S                                1.500000    2.615679   -1.115679 (VIOLATED)
_2461_/S                                1.500000    2.615679   -1.115679 (VIOLATED)
_2463_/A                                1.500000    2.615679   -1.115679 (VIOLATED)
_2464_/A                                1.500000    2.615679   -1.115679 (VIOLATED)
_2465_/S                                1.500000    2.615679   -1.115679 (VIOLATED)
_2468_/A                                1.500000    2.615679   -1.115679 (VIOLATED)
_2469_/A                                1.500000    2.615679   -1.115679 (VIOLATED)
_2470_/S                                1.500000    2.615679   -1.115679 (VIOLATED)
_4340_/S                                1.500000    2.615679   -1.115679 (VIOLATED)
_4341_/S                                1.500000    2.615679   -1.115679 (VIOLATED)
_4381_/A                                1.500000    2.615679   -1.115679 (VIOLATED)
_4382_/A                                1.500000    2.615679   -1.115679 (VIOLATED)
_4383_/S                                1.500000    2.615679   -1.115679 (VIOLATED)
_4390_/A                                1.500000    2.615679   -1.115679 (VIOLATED)
_4391_/A                                1.500000    2.615679   -1.115679 (VIOLATED)
_4392_/S                                1.500000    2.615679   -1.115679 (VIOLATED)
_4401_/A                                1.500000    2.615679   -1.115679 (VIOLATED)
_4402_/A                                1.500000    2.615679   -1.115679 (VIOLATED)
_4403_/S                                1.500000    2.615679   -1.115679 (VIOLATED)
_4410_/A                                1.500000    2.615679   -1.115679 (VIOLATED)
_4411_/A                                1.500000    2.615679   -1.115679 (VIOLATED)
_4412_/S                                1.500000    2.615679   -1.115679 (VIOLATED)
_4417_/A                                1.500000    2.615679   -1.115679 (VIOLATED)
_4418_/A                                1.500000    2.615679   -1.115679 (VIOLATED)
_4419_/S                                1.500000    2.615679   -1.115679 (VIOLATED)
_4427_/A                                1.500000    2.615679   -1.115679 (VIOLATED)
_4428_/A                                1.500000    2.615679   -1.115679 (VIOLATED)
_4429_/S                                1.500000    2.615679   -1.115679 (VIOLATED)
_4436_/A                                1.500000    2.615679   -1.115679 (VIOLATED)
_4437_/A                                1.500000    2.615679   -1.115679 (VIOLATED)
_4438_/S                                1.500000    2.615679   -1.115679 (VIOLATED)
_4445_/A                                1.500000    2.615679   -1.115679 (VIOLATED)
_4446_/A                                1.500000    2.615679   -1.115679 (VIOLATED)
_4447_/S                                1.500000    2.615679   -1.115679 (VIOLATED)
_4454_/A                                1.500000    2.615679   -1.115679 (VIOLATED)
_4455_/A                                1.500000    2.615679   -1.115679 (VIOLATED)
_4456_/S                                1.500000    2.615679   -1.115679 (VIOLATED)
_4461_/A                                1.500000    2.615679   -1.115679 (VIOLATED)
_4462_/A                                1.500000    2.615679   -1.115679 (VIOLATED)
_4463_/S                                1.500000    2.615679   -1.115679 (VIOLATED)
_4472_/A                                1.500000    2.615679   -1.115679 (VIOLATED)
_4473_/A                                1.500000    2.615679   -1.115679 (VIOLATED)
_4474_/S                                1.500000    2.615679   -1.115679 (VIOLATED)
_4481_/A                                1.500000    2.615679   -1.115679 (VIOLATED)
_4482_/A                                1.500000    2.615679   -1.115679 (VIOLATED)
_4483_/S                                1.500000    2.615679   -1.115679 (VIOLATED)
_4487_/A                                1.500000    2.615679   -1.115679 (VIOLATED)
_4488_/A                                1.500000    2.615679   -1.115679 (VIOLATED)
_4489_/S                                1.500000    2.615679   -1.115679 (VIOLATED)
_4498_/A                                1.500000    2.615679   -1.115679 (VIOLATED)
_4499_/A                                1.500000    2.615679   -1.115679 (VIOLATED)
_4500_/S                                1.500000    2.615679   -1.115679 (VIOLATED)
_4507_/A                                1.500000    2.615679   -1.115679 (VIOLATED)
_4508_/A                                1.500000    2.615679   -1.115679 (VIOLATED)
_4509_/S                                1.500000    2.615679   -1.115679 (VIOLATED)
_4516_/A                                1.500000    2.615679   -1.115679 (VIOLATED)
_4517_/A                                1.500000    2.615679   -1.115679 (VIOLATED)
_4518_/S                                1.500000    2.615679   -1.115679 (VIOLATED)
_4525_/A                                1.500000    2.615679   -1.115679 (VIOLATED)
_4526_/A                                1.500000    2.615679   -1.115679 (VIOLATED)
_4527_/S                                1.500000    2.615679   -1.115679 (VIOLATED)
_4534_/A                                1.500000    2.615679   -1.115679 (VIOLATED)
_4535_/A                                1.500000    2.615679   -1.115679 (VIOLATED)
_4536_/S                                1.500000    2.615679   -1.115679 (VIOLATED)
_4542_/A                                1.500000    2.615679   -1.115679 (VIOLATED)
_4543_/A                                1.500000    2.615679   -1.115679 (VIOLATED)
_4544_/S                                1.500000    2.615679   -1.115679 (VIOLATED)
_4549_/S                                1.500000    2.615679   -1.115679 (VIOLATED)
_4551_/A                                1.500000    2.615679   -1.115679 (VIOLATED)
_4552_/A                                1.500000    2.615679   -1.115679 (VIOLATED)
_4557_/A                                1.500000    2.615679   -1.115679 (VIOLATED)
_4558_/A                                1.500000    2.615679   -1.115679 (VIOLATED)
_4559_/S                                1.500000    2.615679   -1.115679 (VIOLATED)
_4568_/A                                1.500000    2.615679   -1.115679 (VIOLATED)
_4569_/A                                1.500000    2.615679   -1.115679 (VIOLATED)
_4570_/S                                1.500000    2.615679   -1.115679 (VIOLATED)
_4577_/A                                1.500000    2.615679   -1.115679 (VIOLATED)
_4578_/A                                1.500000    2.615679   -1.115679 (VIOLATED)
_4579_/S                                1.500000    2.615679   -1.115679 (VIOLATED)
_4584_/A                                1.500000    2.615679   -1.115679 (VIOLATED)
_4585_/A                                1.500000    2.615679   -1.115679 (VIOLATED)
_4586_/S                                1.500000    2.615679   -1.115679 (VIOLATED)
_5094_/Q                                1.500000    2.615679   -1.115679 (VIOLATED)
_3933_/C                                1.500000    2.561880   -1.061880 (VIOLATED)
_3941_/B                                1.500000    2.561880   -1.061880 (VIOLATED)
_3949_/B                                1.500000    2.561880   -1.061880 (VIOLATED)
_3958_/B                                1.500000    2.561880   -1.061880 (VIOLATED)
_3968_/C                                1.500000    2.561880   -1.061880 (VIOLATED)
_3973_/C                                1.500000    2.561880   -1.061880 (VIOLATED)
_3981_/C                                1.500000    2.561880   -1.061880 (VIOLATED)
_3989_/C                                1.500000    2.561880   -1.061880 (VIOLATED)
_4000_/C                                1.500000    2.561880   -1.061880 (VIOLATED)
_4007_/B                                1.500000    2.561880   -1.061880 (VIOLATED)
_4013_/C                                1.500000    2.561880   -1.061880 (VIOLATED)
_4024_/C                                1.500000    2.561880   -1.061880 (VIOLATED)
_4031_/B                                1.500000    2.561880   -1.061880 (VIOLATED)
_4040_/C                                1.500000    2.561880   -1.061880 (VIOLATED)
_4047_/B                                1.500000    2.561880   -1.061880 (VIOLATED)
_4053_/C                                1.500000    2.561880   -1.061880 (VIOLATED)
_4062_/B                                1.500000    2.561880   -1.061880 (VIOLATED)
_4072_/C                                1.500000    2.561880   -1.061880 (VIOLATED)
_4080_/C                                1.500000    2.561880   -1.061880 (VIOLATED)
_4088_/C                                1.500000    2.561880   -1.061880 (VIOLATED)
_4096_/C                                1.500000    2.561880   -1.061880 (VIOLATED)
_4101_/C                                1.500000    2.561880   -1.061880 (VIOLATED)
_4111_/B                                1.500000    2.561880   -1.061880 (VIOLATED)
_4121_/C                                1.500000    2.561880   -1.061880 (VIOLATED)
_4128_/B                                1.500000    2.561880   -1.061880 (VIOLATED)
_4138_/C                                1.500000    2.561880   -1.061880 (VIOLATED)
_4143_/C                                1.500000    2.561880   -1.061880 (VIOLATED)
_4151_/C                                1.500000    2.561880   -1.061880 (VIOLATED)
_4159_/C                                1.500000    2.561880   -1.061880 (VIOLATED)
_3932_/Y                                1.500000    2.561852   -1.061852 (VIOLATED)
_3925_/C                                1.500000    2.485617   -0.985617 (VIOLATED)
_3938_/C                                1.500000    2.485617   -0.985617 (VIOLATED)
_3947_/C                                1.500000    2.485617   -0.985617 (VIOLATED)
_3956_/C                                1.500000    2.485617   -0.985617 (VIOLATED)
_3965_/C                                1.500000    2.485617   -0.985617 (VIOLATED)
_3973_/B                                1.500000    2.485617   -0.985617 (VIOLATED)
_3981_/B                                1.500000    2.485617   -0.985617 (VIOLATED)
_3989_/B                                1.500000    2.485617   -0.985617 (VIOLATED)
_3997_/C                                1.500000    2.485617   -0.985617 (VIOLATED)
_4006_/B                                1.500000    2.485617   -0.985617 (VIOLATED)
_4013_/B                                1.500000    2.485617   -0.985617 (VIOLATED)
_4021_/C                                1.500000    2.485617   -0.985617 (VIOLATED)
_4030_/B                                1.500000    2.485617   -0.985617 (VIOLATED)
_4037_/C                                1.500000    2.485617   -0.985617 (VIOLATED)
_4046_/B                                1.500000    2.485617   -0.985617 (VIOLATED)
_4053_/B                                1.500000    2.485617   -0.985617 (VIOLATED)
_4065_/B                                1.500000    2.485618   -0.985618 (VIOLATED)
_4069_/C                                1.500000    2.485617   -0.985617 (VIOLATED)
_4077_/C                                1.500000    2.485617   -0.985617 (VIOLATED)
_4085_/C                                1.500000    2.485617   -0.985617 (VIOLATED)
_4093_/C                                1.500000    2.485617   -0.985617 (VIOLATED)
_4101_/B                                1.500000    2.485617   -0.985617 (VIOLATED)
_4109_/C                                1.500000    2.485617   -0.985617 (VIOLATED)
_4118_/C                                1.500000    2.485617   -0.985617 (VIOLATED)
_4126_/C                                1.500000    2.485617   -0.985617 (VIOLATED)
_4135_/C                                1.500000    2.485617   -0.985617 (VIOLATED)
_4143_/B                                1.500000    2.485617   -0.985617 (VIOLATED)
_4151_/B                                1.500000    2.485617   -0.985617 (VIOLATED)
_4161_/B                                1.500000    2.485617   -0.985617 (VIOLATED)
_3924_/Y                                1.500000    2.485589   -0.985589 (VIOLATED)
_3267_/Y                                1.500000    2.439242   -0.939242 (VIOLATED)
_3279_/S                                1.500000    2.439242   -0.939242 (VIOLATED)
_3293_/B                                1.500000    2.439242   -0.939242 (VIOLATED)
_3300_/B                                1.500000    2.439242   -0.939242 (VIOLATED)
_3308_/S                                1.500000    2.439242   -0.939242 (VIOLATED)
_3316_/S                                1.500000    2.439242   -0.939242 (VIOLATED)
_3324_/S                                1.500000    2.439242   -0.939242 (VIOLATED)
_3332_/S                                1.500000    2.439242   -0.939242 (VIOLATED)
_3340_/S                                1.500000    2.439242   -0.939242 (VIOLATED)
_3349_/S                                1.500000    2.439242   -0.939242 (VIOLATED)
_3357_/S                                1.500000    2.439242   -0.939242 (VIOLATED)
_3365_/S                                1.500000    2.439242   -0.939242 (VIOLATED)
_3373_/S                                1.500000    2.439242   -0.939242 (VIOLATED)
_3381_/S                                1.500000    2.439242   -0.939242 (VIOLATED)
_3389_/S                                1.500000    2.439242   -0.939242 (VIOLATED)
_3397_/B                                1.500000    2.439242   -0.939242 (VIOLATED)
_3405_/S                                1.500000    2.439242   -0.939242 (VIOLATED)
_3413_/S                                1.500000    2.439242   -0.939242 (VIOLATED)
_3421_/S                                1.500000    2.439242   -0.939242 (VIOLATED)
_3429_/S                                1.500000    2.439242   -0.939242 (VIOLATED)
_3436_/B                                1.500000    2.439242   -0.939242 (VIOLATED)
_3444_/S                                1.500000    2.439242   -0.939242 (VIOLATED)
_3452_/S                                1.500000    2.439242   -0.939242 (VIOLATED)
_3460_/S                                1.500000    2.439242   -0.939242 (VIOLATED)
_3467_/B                                1.500000    2.439242   -0.939242 (VIOLATED)
_3474_/B                                1.500000    2.439242   -0.939242 (VIOLATED)
_3481_/B                                1.500000    2.439242   -0.939242 (VIOLATED)
_3489_/B                                1.500000    2.439242   -0.939242 (VIOLATED)
_3496_/B                                1.500000    2.439242   -0.939242 (VIOLATED)
_3502_/B                                1.500000    2.439242   -0.939242 (VIOLATED)
_3556_/Y                                1.500000    2.393745   -0.893746 (VIOLATED)
_3572_/B                                1.500000    2.393745   -0.893746 (VIOLATED)
_3579_/B                                1.500000    2.393745   -0.893746 (VIOLATED)
_3586_/B                                1.500000    2.393745   -0.893746 (VIOLATED)
_3593_/B                                1.500000    2.393745   -0.893746 (VIOLATED)
_3600_/B                                1.500000    2.393745   -0.893746 (VIOLATED)
_3607_/B                                1.500000    2.393745   -0.893746 (VIOLATED)
_3614_/B                                1.500000    2.393745   -0.893746 (VIOLATED)
_3622_/B                                1.500000    2.393745   -0.893746 (VIOLATED)
_3630_/B                                1.500000    2.393745   -0.893746 (VIOLATED)
_3637_/B                                1.500000    2.393745   -0.893746 (VIOLATED)
_3645_/B                                1.500000    2.393745   -0.893746 (VIOLATED)
_3653_/B                                1.500000    2.393745   -0.893746 (VIOLATED)
_3660_/B                                1.500000    2.393745   -0.893746 (VIOLATED)
_3667_/B                                1.500000    2.393745   -0.893746 (VIOLATED)
_3675_/B                                1.500000    2.393745   -0.893746 (VIOLATED)
_3682_/B                                1.500000    2.393745   -0.893746 (VIOLATED)
_3690_/B                                1.500000    2.393745   -0.893746 (VIOLATED)
_3698_/B                                1.500000    2.393745   -0.893746 (VIOLATED)
_3705_/B                                1.500000    2.393745   -0.893746 (VIOLATED)
_3713_/B                                1.500000    2.393745   -0.893746 (VIOLATED)
_3721_/B                                1.500000    2.393745   -0.893746 (VIOLATED)
_3729_/B                                1.500000    2.393745   -0.893746 (VIOLATED)
_3737_/B                                1.500000    2.393745   -0.893746 (VIOLATED)
_3745_/B                                1.500000    2.393745   -0.893746 (VIOLATED)
_3752_/B                                1.500000    2.393745   -0.893746 (VIOLATED)
_3759_/B                                1.500000    2.393745   -0.893746 (VIOLATED)
_3766_/B                                1.500000    2.393745   -0.893746 (VIOLATED)
_3774_/B                                1.500000    2.393745   -0.893746 (VIOLATED)
_3783_/B                                1.500000    2.393745   -0.893746 (VIOLATED)
_3793_/B                                1.500000    2.393745   -0.893746 (VIOLATED)
_3802_/B                                1.500000    2.393745   -0.893746 (VIOLATED)
rst                                     1.500000    2.211575   -0.711575 (VIOLATED)
_2394_/A                                1.500000    2.211575   -0.711575 (VIOLATED)
_2563_/A                                1.500000    2.211575   -0.711575 (VIOLATED)
_2851_/A                                1.500000    2.211575   -0.711575 (VIOLATED)
_2964_/D                                1.500000    2.211575   -0.711575 (VIOLATED)
_2973_/D                                1.500000    2.211575   -0.711575 (VIOLATED)
_2981_/D                                1.500000    2.211575   -0.711575 (VIOLATED)
_2989_/D                                1.500000    2.211575   -0.711575 (VIOLATED)
_2998_/D                                1.500000    2.211575   -0.711575 (VIOLATED)
_3006_/D                                1.500000    2.211575   -0.711575 (VIOLATED)
_3023_/D                                1.500000    2.211575   -0.711575 (VIOLATED)
_3031_/D                                1.500000    2.211575   -0.711575 (VIOLATED)
_3040_/D                                1.500000    2.211575   -0.711575 (VIOLATED)
_3049_/D                                1.500000    2.211575   -0.711575 (VIOLATED)
_3057_/D                                1.500000    2.211575   -0.711575 (VIOLATED)
_3065_/D                                1.500000    2.211575   -0.711575 (VIOLATED)
_3073_/D                                1.500000    2.211575   -0.711575 (VIOLATED)
_3081_/D                                1.500000    2.211575   -0.711575 (VIOLATED)
_3089_/D                                1.500000    2.211575   -0.711575 (VIOLATED)
_3097_/D                                1.500000    2.211575   -0.711575 (VIOLATED)
_3106_/D                                1.500000    2.211575   -0.711575 (VIOLATED)
_3115_/D                                1.500000    2.211575   -0.711575 (VIOLATED)
_3124_/D                                1.500000    2.211575   -0.711575 (VIOLATED)
_3132_/D                                1.500000    2.211575   -0.711575 (VIOLATED)
_3140_/D                                1.500000    2.211575   -0.711575 (VIOLATED)
_3149_/D                                1.500000    2.211575   -0.711575 (VIOLATED)
_3157_/D                                1.500000    2.211575   -0.711575 (VIOLATED)
_3165_/D                                1.500000    2.211575   -0.711575 (VIOLATED)
_3182_/D                                1.500000    2.211575   -0.711575 (VIOLATED)
_3219_/A                                1.500000    2.211575   -0.711575 (VIOLATED)
_3242_/C                                1.500000    2.211575   -0.711575 (VIOLATED)
_3243_/C                                1.500000    2.211575   -0.711575 (VIOLATED)
_3289_/D                                1.500000    2.211575   -0.711575 (VIOLATED)
_3296_/D                                1.500000    2.211575   -0.711575 (VIOLATED)
_3311_/D                                1.500000    2.211575   -0.711575 (VIOLATED)
_3319_/D                                1.500000    2.211575   -0.711575 (VIOLATED)
_3327_/D                                1.500000    2.211575   -0.711575 (VIOLATED)
_3335_/D                                1.500000    2.211575   -0.711575 (VIOLATED)
_3352_/D                                1.500000    2.211575   -0.711575 (VIOLATED)
_3360_/D                                1.500000    2.211575   -0.711575 (VIOLATED)
_3368_/D                                1.500000    2.211575   -0.711575 (VIOLATED)
_3376_/D                                1.500000    2.211575   -0.711575 (VIOLATED)
_3384_/D                                1.500000    2.211575   -0.711575 (VIOLATED)
_3392_/D                                1.500000    2.211575   -0.711575 (VIOLATED)
_3408_/D                                1.500000    2.211575   -0.711575 (VIOLATED)
_3416_/D                                1.500000    2.211575   -0.711575 (VIOLATED)
_3424_/D                                1.500000    2.211575   -0.711575 (VIOLATED)
_3432_/D                                1.500000    2.211575   -0.711575 (VIOLATED)
_3439_/D                                1.500000    2.211575   -0.711575 (VIOLATED)
_3447_/D                                1.500000    2.211575   -0.711575 (VIOLATED)
_3455_/D                                1.500000    2.211575   -0.711575 (VIOLATED)
_3463_/D                                1.500000    2.211575   -0.711575 (VIOLATED)
_3470_/D                                1.500000    2.211575   -0.711575 (VIOLATED)
_3477_/D                                1.500000    2.211575   -0.711575 (VIOLATED)
_3573_/D                                1.500000    2.211575   -0.711575 (VIOLATED)
_3580_/D                                1.500000    2.211575   -0.711575 (VIOLATED)
_3587_/D                                1.500000    2.211575   -0.711575 (VIOLATED)
_3594_/D                                1.500000    2.211575   -0.711575 (VIOLATED)
_3601_/D                                1.500000    2.211575   -0.711575 (VIOLATED)
_3608_/D                                1.500000    2.211575   -0.711575 (VIOLATED)
_3615_/D                                1.500000    2.211575   -0.711575 (VIOLATED)
_3631_/D                                1.500000    2.211575   -0.711575 (VIOLATED)
_3638_/D                                1.500000    2.211575   -0.711575 (VIOLATED)
_3646_/D                                1.500000    2.211575   -0.711575 (VIOLATED)
_3654_/D                                1.500000    2.211575   -0.711575 (VIOLATED)
_3661_/D                                1.500000    2.211575   -0.711575 (VIOLATED)
_3668_/D                                1.500000    2.211575   -0.711575 (VIOLATED)
_3676_/D                                1.500000    2.211575   -0.711575 (VIOLATED)
_3683_/D                                1.500000    2.211575   -0.711575 (VIOLATED)
_3691_/D                                1.500000    2.211575   -0.711575 (VIOLATED)
_3699_/D                                1.500000    2.211575   -0.711575 (VIOLATED)
_3706_/D                                1.500000    2.211575   -0.711575 (VIOLATED)
_3714_/D                                1.500000    2.211575   -0.711575 (VIOLATED)
_3722_/D                                1.500000    2.211575   -0.711575 (VIOLATED)
_3730_/D                                1.500000    2.211575   -0.711575 (VIOLATED)
_3738_/D                                1.500000    2.211575   -0.711575 (VIOLATED)
_3746_/D                                1.500000    2.211575   -0.711575 (VIOLATED)
_3753_/D                                1.500000    2.211575   -0.711575 (VIOLATED)
_3760_/D                                1.500000    2.211575   -0.711575 (VIOLATED)
_3775_/D                                1.500000    2.211575   -0.711575 (VIOLATED)
_3803_/C                                1.500000    2.211575   -0.711575 (VIOLATED)
_3805_/C                                1.500000    2.211575   -0.711575 (VIOLATED)
_3823_/A                                1.500000    2.211575   -0.711575 (VIOLATED)
_3825_/C                                1.500000    2.211575   -0.711575 (VIOLATED)
_3831_/A                                1.500000    2.211575   -0.711575 (VIOLATED)
_3833_/A                                1.500000    2.211575   -0.711575 (VIOLATED)
_3838_/C                                1.500000    2.211575   -0.711575 (VIOLATED)
_3844_/C                                1.500000    2.211575   -0.711575 (VIOLATED)
_3870_/A                                1.500000    2.211575   -0.711575 (VIOLATED)
_3909_/A                                1.500000    2.211575   -0.711575 (VIOLATED)
_3913_/A                                1.500000    2.211575   -0.711575 (VIOLATED)
_4168_/C                                1.500000    2.211575   -0.711575 (VIOLATED)
_4199_/A                                1.500000    2.211575   -0.711575 (VIOLATED)
_4752_/A                                1.500000    2.211575   -0.711575 (VIOLATED)
_4753_/A                                1.500000    2.211575   -0.711575 (VIOLATED)
_2957_/B                                1.500000    2.175828   -0.675828 (VIOLATED)
_2982_/B                                1.500000    2.175828   -0.675828 (VIOLATED)
_3024_/B                                1.500000    2.175828   -0.675828 (VIOLATED)
_3033_/B                                1.500000    2.175828   -0.675828 (VIOLATED)
_3090_/B                                1.500000    2.175828   -0.675828 (VIOLATED)
_3099_/B                                1.500000    2.175828   -0.675828 (VIOLATED)
_3108_/B                                1.500000    2.175828   -0.675828 (VIOLATED)
_3133_/B                                1.500000    2.175828   -0.675828 (VIOLATED)
_3207_/S                                1.500000    2.175829   -0.675829 (VIOLATED)
_3217_/S                                1.500000    2.175829   -0.675829 (VIOLATED)
_3230_/S                                1.500000    2.175829   -0.675829 (VIOLATED)
_3241_/B                                1.500000    2.175828   -0.675828 (VIOLATED)
_2954_/B                                1.500000    2.175827   -0.675827 (VIOLATED)
_2971_/B                                1.500000    2.175827   -0.675827 (VIOLATED)
_2979_/B                                1.500000    2.175827   -0.675827 (VIOLATED)
_2996_/B                                1.500000    2.175827   -0.675827 (VIOLATED)
_3004_/B                                1.500000    2.175827   -0.675827 (VIOLATED)
_3007_/B                                1.500000    2.175827   -0.675827 (VIOLATED)
_3021_/B                                1.500000    2.175827   -0.675827 (VIOLATED)
_3047_/B                                1.500000    2.175827   -0.675827 (VIOLATED)
_3055_/B                                1.500000    2.175827   -0.675827 (VIOLATED)
_3063_/B                                1.500000    2.175827   -0.675827 (VIOLATED)
_3071_/B                                1.500000    2.175827   -0.675827 (VIOLATED)
_3079_/B                                1.500000    2.175827   -0.675827 (VIOLATED)
_3087_/B                                1.500000    2.175827   -0.675827 (VIOLATED)
_3122_/B                                1.500000    2.175827   -0.675827 (VIOLATED)
_3130_/B                                1.500000    2.175827   -0.675827 (VIOLATED)
_3147_/B                                1.500000    2.175827   -0.675827 (VIOLATED)
_3155_/B                                1.500000    2.175827   -0.675827 (VIOLATED)
_3163_/B                                1.500000    2.175827   -0.675827 (VIOLATED)
_3166_/B                                1.500000    2.175827   -0.675827 (VIOLATED)
_3180_/B                                1.500000    2.175827   -0.675827 (VIOLATED)
_3193_/B                                1.500000    2.175827   -0.675827 (VIOLATED)
_2947_/Y                                1.500000    2.175769   -0.675769 (VIOLATED)
_4974_/D                                1.000000    1.636424   -0.636424 (VIOLATED)
_3295_/B                                1.500000    2.117810   -0.617810 (VIOLATED)
_3438_/B                                1.500000    2.117810   -0.617810 (VIOLATED)
_3469_/B                                1.500000    2.117810   -0.617810 (VIOLATED)
_3476_/B                                1.500000    2.117810   -0.617810 (VIOLATED)
_3513_/C                                1.500000    2.117810   -0.617810 (VIOLATED)
_3514_/B                                1.500000    2.117810   -0.617810 (VIOLATED)
_3522_/C                                1.500000    2.117810   -0.617810 (VIOLATED)
_3523_/B                                1.500000    2.117810   -0.617810 (VIOLATED)
_3287_/C                                1.500000    2.117809   -0.617809 (VIOLATED)
_3301_/B                                1.500000    2.117809   -0.617809 (VIOLATED)
_3309_/C                                1.500000    2.117809   -0.617809 (VIOLATED)
_3317_/C                                1.500000    2.117809   -0.617809 (VIOLATED)
_3325_/C                                1.500000    2.117809   -0.617809 (VIOLATED)
_3333_/C                                1.500000    2.117809   -0.617809 (VIOLATED)
_3341_/C                                1.500000    2.117809   -0.617809 (VIOLATED)
_3350_/C                                1.500000    2.117809   -0.617809 (VIOLATED)
_3358_/C                                1.500000    2.117809   -0.617809 (VIOLATED)
_3366_/C                                1.500000    2.117809   -0.617809 (VIOLATED)
_3374_/C                                1.500000    2.117809   -0.617809 (VIOLATED)
_3382_/C                                1.500000    2.117809   -0.617809 (VIOLATED)
_3390_/C                                1.500000    2.117809   -0.617809 (VIOLATED)
_3397_/C                                1.500000    2.117809   -0.617809 (VIOLATED)
_3406_/C                                1.500000    2.117809   -0.617809 (VIOLATED)
_3414_/C                                1.500000    2.117809   -0.617809 (VIOLATED)
_3422_/C                                1.500000    2.117809   -0.617809 (VIOLATED)
_3430_/C                                1.500000    2.117809   -0.617809 (VIOLATED)
_3445_/C                                1.500000    2.117809   -0.617809 (VIOLATED)
_3453_/C                                1.500000    2.117809   -0.617809 (VIOLATED)
_3461_/C                                1.500000    2.117809   -0.617809 (VIOLATED)
_3482_/B                                1.500000    2.117809   -0.617809 (VIOLATED)
_3489_/C                                1.500000    2.117809   -0.617809 (VIOLATED)
_3497_/B                                1.500000    2.117809   -0.617809 (VIOLATED)
_3503_/C                                1.500000    2.117809   -0.617809 (VIOLATED)
_3286_/Y                                1.500000    2.117753   -0.617753 (VIOLATED)
_2963_/B                                1.500000    2.058709   -0.558709 (VIOLATED)
_2988_/B                                1.500000    2.058709   -0.558709 (VIOLATED)
_3030_/B                                1.500000    2.058709   -0.558709 (VIOLATED)
_3039_/B                                1.500000    2.058709   -0.558709 (VIOLATED)
_3096_/B                                1.500000    2.058709   -0.558709 (VIOLATED)
_3105_/B                                1.500000    2.058709   -0.558709 (VIOLATED)
_3114_/B                                1.500000    2.058709   -0.558709 (VIOLATED)
_3139_/B                                1.500000    2.058709   -0.558709 (VIOLATED)
_3192_/C                                1.500000    2.058709   -0.558709 (VIOLATED)
_2952_/B                                1.500000    2.058707   -0.558707 (VIOLATED)
_2966_/C                                1.500000    2.058707   -0.558707 (VIOLATED)
_2974_/C                                1.500000    2.058707   -0.558708 (VIOLATED)
_2991_/C                                1.500000    2.058707   -0.558708 (VIOLATED)
_2999_/C                                1.500000    2.058707   -0.558708 (VIOLATED)
_3013_/B                                1.500000    2.058707   -0.558708 (VIOLATED)
_3016_/C                                1.500000    2.058707   -0.558708 (VIOLATED)
_3042_/C                                1.500000    2.058707   -0.558708 (VIOLATED)
_3050_/C                                1.500000    2.058707   -0.558708 (VIOLATED)
_3058_/C                                1.500000    2.058707   -0.558708 (VIOLATED)
_3066_/C                                1.500000    2.058707   -0.558708 (VIOLATED)
_3074_/C                                1.500000    2.058707   -0.558708 (VIOLATED)
_3082_/C                                1.500000    2.058707   -0.558708 (VIOLATED)
_3117_/C                                1.500000    2.058707   -0.558708 (VIOLATED)
_3125_/C                                1.500000    2.058707   -0.558708 (VIOLATED)
_3142_/C                                1.500000    2.058707   -0.558708 (VIOLATED)
_3150_/C                                1.500000    2.058707   -0.558708 (VIOLATED)
_3158_/C                                1.500000    2.058707   -0.558707 (VIOLATED)
_3172_/B                                1.500000    2.058707   -0.558708 (VIOLATED)
_3175_/C                                1.500000    2.058707   -0.558707 (VIOLATED)
_3189_/B                                1.500000    2.058707   -0.558708 (VIOLATED)
_3239_/A                                1.500000    2.058708   -0.558708 (VIOLATED)
_2930_/Y                                1.500000    2.058653   -0.558653 (VIOLATED)
_3611_/B                                1.500000    2.053184   -0.553184 (VIOLATED)
_3634_/B                                1.500000    2.053184   -0.553184 (VIOLATED)
_3642_/B                                1.500000    2.053184   -0.553184 (VIOLATED)
_3664_/B                                1.500000    2.053184   -0.553184 (VIOLATED)
_3679_/B                                1.500000    2.053184   -0.553184 (VIOLATED)
_3687_/B                                1.500000    2.053184   -0.553184 (VIOLATED)
_3702_/B                                1.500000    2.053184   -0.553184 (VIOLATED)
_3710_/B                                1.500000    2.053184   -0.553184 (VIOLATED)
_3718_/B                                1.500000    2.053184   -0.553184 (VIOLATED)
_3726_/B                                1.500000    2.053184   -0.553184 (VIOLATED)
_3734_/B                                1.500000    2.053184   -0.553184 (VIOLATED)
_3570_/B                                1.500000    2.053183   -0.553183 (VIOLATED)
_3578_/B                                1.500000    2.053183   -0.553183 (VIOLATED)
_3585_/B                                1.500000    2.053183   -0.553183 (VIOLATED)
_3591_/B                                1.500000    2.053183   -0.553183 (VIOLATED)
_3599_/B                                1.500000    2.053183   -0.553183 (VIOLATED)
_3605_/B                                1.500000    2.053183   -0.553183 (VIOLATED)
_3621_/B                                1.500000    2.053183   -0.553183 (VIOLATED)
_3629_/B                                1.500000    2.053183   -0.553183 (VIOLATED)
_3652_/B                                1.500000    2.053183   -0.553183 (VIOLATED)
_3659_/B                                1.500000    2.053183   -0.553183 (VIOLATED)
_3673_/B                                1.500000    2.053183   -0.553183 (VIOLATED)
_3697_/B                                1.500000    2.053183   -0.553183 (VIOLATED)
_3744_/B                                1.500000    2.053183   -0.553183 (VIOLATED)
_3750_/B                                1.500000    2.053183   -0.553183 (VIOLATED)
_3758_/B                                1.500000    2.053183   -0.553183 (VIOLATED)
_3765_/B                                1.500000    2.053183   -0.553183 (VIOLATED)
_3772_/B                                1.500000    2.053183   -0.553183 (VIOLATED)
_3782_/B                                1.500000    2.053183   -0.553183 (VIOLATED)
_3792_/B                                1.500000    2.053183   -0.553183 (VIOLATED)
_3561_/Y                                1.500000    2.053129   -0.553129 (VIOLATED)
_3781_/S                                1.500000    1.910865   -0.410865 (VIOLATED)
_3571_/B                                1.500000    1.910863   -0.410863 (VIOLATED)
_3576_/B                                1.500000    1.910863   -0.410863 (VIOLATED)
_3583_/B                                1.500000    1.910863   -0.410863 (VIOLATED)
_3592_/B                                1.500000    1.910863   -0.410863 (VIOLATED)
_3597_/B                                1.500000    1.910863   -0.410863 (VIOLATED)
_3606_/B                                1.500000    1.910863   -0.410863 (VIOLATED)
_3610_/B                                1.500000    1.910863   -0.410863 (VIOLATED)
_3620_/B                                1.500000    1.910863   -0.410863 (VIOLATED)
_3627_/B                                1.500000    1.910863   -0.410863 (VIOLATED)
_3633_/B                                1.500000    1.910863   -0.410863 (VIOLATED)
_3641_/B                                1.500000    1.910863   -0.410863 (VIOLATED)
_3650_/B                                1.500000    1.910863   -0.410863 (VIOLATED)
_3657_/B                                1.500000    1.910863   -0.410863 (VIOLATED)
_3663_/B                                1.500000    1.910863   -0.410863 (VIOLATED)
_3674_/B                                1.500000    1.910863   -0.410863 (VIOLATED)
_3678_/B                                1.500000    1.910863   -0.410863 (VIOLATED)
_3686_/B                                1.500000    1.910863   -0.410863 (VIOLATED)
_3695_/B                                1.500000    1.910863   -0.410863 (VIOLATED)
_3701_/B                                1.500000    1.910863   -0.410863 (VIOLATED)
_3709_/B                                1.500000    1.910863   -0.410863 (VIOLATED)
_3717_/B                                1.500000    1.910863   -0.410863 (VIOLATED)
_3725_/B                                1.500000    1.910863   -0.410863 (VIOLATED)
_3733_/B                                1.500000    1.910863   -0.410863 (VIOLATED)
_3742_/B                                1.500000    1.910863   -0.410863 (VIOLATED)
_3751_/B                                1.500000    1.910863   -0.410863 (VIOLATED)
_3756_/B                                1.500000    1.910863   -0.410863 (VIOLATED)
_3764_/B                                1.500000    1.910863   -0.410863 (VIOLATED)
_3773_/B                                1.500000    1.910863   -0.410863 (VIOLATED)
_3562_/Y                                1.500000    1.910813   -0.410813 (VIOLATED)
_3943_/B                                1.500000    1.890051   -0.390052 (VIOLATED)
_3952_/B                                1.500000    1.890051   -0.390052 (VIOLATED)
_3961_/B                                1.500000    1.890052   -0.390052 (VIOLATED)
_4066_/B                                1.500000    1.890052   -0.390052 (VIOLATED)
_4114_/B                                1.500000    1.890052   -0.390052 (VIOLATED)
_4131_/B                                1.500000    1.890052   -0.390052 (VIOLATED)
_3934_/B                                1.500000    1.890050   -0.390050 (VIOLATED)
_3969_/B                                1.500000    1.890050   -0.390050 (VIOLATED)
_3977_/B                                1.500000    1.890051   -0.390051 (VIOLATED)
_3985_/B                                1.500000    1.890051   -0.390051 (VIOLATED)
_3993_/B                                1.500000    1.890050   -0.390050 (VIOLATED)
_4001_/B                                1.500000    1.890051   -0.390051 (VIOLATED)
_4009_/B                                1.500000    1.890050   -0.390050 (VIOLATED)
_4017_/B                                1.500000    1.890051   -0.390051 (VIOLATED)
_4025_/B                                1.500000    1.890051   -0.390051 (VIOLATED)
_4033_/B                                1.500000    1.890051   -0.390051 (VIOLATED)
_4041_/B                                1.500000    1.890051   -0.390051 (VIOLATED)
_4049_/B                                1.500000    1.890050   -0.390050 (VIOLATED)
_4057_/B                                1.500000    1.890051   -0.390051 (VIOLATED)
_4073_/B                                1.500000    1.890050   -0.390050 (VIOLATED)
_4081_/B                                1.500000    1.890050   -0.390050 (VIOLATED)
_4089_/B                                1.500000    1.890051   -0.390051 (VIOLATED)
_4097_/B                                1.500000    1.890051   -0.390051 (VIOLATED)
_4105_/B                                1.500000    1.890051   -0.390051 (VIOLATED)
_4122_/B                                1.500000    1.890051   -0.390051 (VIOLATED)
_4139_/B                                1.500000    1.890050   -0.390050 (VIOLATED)
_4147_/B                                1.500000    1.890050   -0.390050 (VIOLATED)
_4155_/B                                1.500000    1.890050   -0.390050 (VIOLATED)
_4163_/B                                1.500000    1.890050   -0.390050 (VIOLATED)
_3927_/Y                                1.500000    1.890000   -0.390000 (VIOLATED)
_3363_/S                                1.500000    1.800100   -0.300100 (VIOLATED)
_3379_/S                                1.500000    1.800100   -0.300100 (VIOLATED)
_3403_/S                                1.500000    1.800100   -0.300100 (VIOLATED)
_3273_/C                                1.500000    1.800097   -0.300098 (VIOLATED)
_3292_/B                                1.500000    1.800098   -0.300098 (VIOLATED)
_3299_/B                                1.500000    1.800097   -0.300098 (VIOLATED)
_3306_/B                                1.500000    1.800098   -0.300098 (VIOLATED)
_3313_/B                                1.500000    1.800098   -0.300098 (VIOLATED)
_3321_/B                                1.500000    1.800098   -0.300098 (VIOLATED)
_3329_/B                                1.500000    1.800098   -0.300098 (VIOLATED)
_3347_/B                                1.500000    1.800098   -0.300098 (VIOLATED)
_3386_/B                                1.500000    1.800098   -0.300098 (VIOLATED)
_3337_/B                                1.500000    1.800097   -0.300097 (VIOLATED)
_3354_/B                                1.500000    1.800098   -0.300098 (VIOLATED)
_3370_/B                                1.500000    1.800098   -0.300098 (VIOLATED)
_3395_/B                                1.500000    1.800098   -0.300098 (VIOLATED)
_3410_/B                                1.500000    1.800098   -0.300098 (VIOLATED)
_3418_/B                                1.500000    1.800098   -0.300098 (VIOLATED)
_3426_/B                                1.500000    1.800097   -0.300098 (VIOLATED)
_3435_/B                                1.500000    1.800098   -0.300098 (VIOLATED)
_3441_/B                                1.500000    1.800098   -0.300098 (VIOLATED)
_3449_/B                                1.500000    1.800098   -0.300098 (VIOLATED)
_3458_/B                                1.500000    1.800098   -0.300098 (VIOLATED)
_3466_/B                                1.500000    1.800098   -0.300098 (VIOLATED)
_3473_/B                                1.500000    1.800098   -0.300098 (VIOLATED)
_3478_/C                                1.500000    1.800097   -0.300098 (VIOLATED)
_3487_/B                                1.500000    1.800098   -0.300098 (VIOLATED)
_3494_/C                                1.500000    1.800097   -0.300097 (VIOLATED)
_3503_/B                                1.500000    1.800097   -0.300097 (VIOLATED)
_3272_/Y                                1.500000    1.800051   -0.300051 (VIOLATED)
_3939_/B                                1.500000    1.787848   -0.287848 (VIOLATED)
_3948_/B                                1.500000    1.787848   -0.287848 (VIOLATED)
_3957_/B                                1.500000    1.787848   -0.287848 (VIOLATED)
_4110_/B                                1.500000    1.787848   -0.287848 (VIOLATED)
_4127_/B                                1.500000    1.787848   -0.287848 (VIOLATED)
_3926_/B                                1.500000    1.787847   -0.287847 (VIOLATED)
_3966_/B                                1.500000    1.787847   -0.287847 (VIOLATED)
_3976_/B                                1.500000    1.787847   -0.287847 (VIOLATED)
_3984_/B                                1.500000    1.787847   -0.287847 (VIOLATED)
_3998_/B                                1.500000    1.787847   -0.287847 (VIOLATED)
_4022_/B                                1.500000    1.787847   -0.287847 (VIOLATED)
_3992_/B                                1.500000    1.787847   -0.287847 (VIOLATED)
_4008_/B                                1.500000    1.787847   -0.287847 (VIOLATED)
_4016_/B                                1.500000    1.787847   -0.287847 (VIOLATED)
_4032_/B                                1.500000    1.787847   -0.287847 (VIOLATED)
_4038_/B                                1.500000    1.787847   -0.287847 (VIOLATED)
_4119_/B                                1.500000    1.787847   -0.287847 (VIOLATED)
_4048_/B                                1.500000    1.787847   -0.287847 (VIOLATED)
_4056_/B                                1.500000    1.787847   -0.287847 (VIOLATED)
_4064_/B                                1.500000    1.787847   -0.287847 (VIOLATED)
_4070_/B                                1.500000    1.787847   -0.287847 (VIOLATED)
_4078_/B                                1.500000    1.787847   -0.287847 (VIOLATED)
_4086_/B                                1.500000    1.787847   -0.287847 (VIOLATED)
_4094_/B                                1.500000    1.787847   -0.287847 (VIOLATED)
_4104_/B                                1.500000    1.787847   -0.287847 (VIOLATED)
_4136_/B                                1.500000    1.787847   -0.287847 (VIOLATED)
_4162_/B                                1.500000    1.787847   -0.287847 (VIOLATED)
_4146_/B                                1.500000    1.787847   -0.287847 (VIOLATED)
_4154_/B                                1.500000    1.787846   -0.287847 (VIOLATED)
_3919_/Y                                1.500000    1.787800   -0.287800 (VIOLATED)
_3200_/B                                1.500000    1.753132   -0.253132 (VIOLATED)
_2950_/C                                1.500000    1.753131   -0.253131 (VIOLATED)
_2960_/C                                1.500000    1.753131   -0.253131 (VIOLATED)
_2968_/C                                1.500000    1.753131   -0.253131 (VIOLATED)
_2976_/C                                1.500000    1.753131   -0.253131 (VIOLATED)
_2985_/C                                1.500000    1.753131   -0.253131 (VIOLATED)
_2993_/C                                1.500000    1.753131   -0.253131 (VIOLATED)
_3001_/C                                1.500000    1.753131   -0.253131 (VIOLATED)
_3009_/C                                1.500000    1.753131   -0.253131 (VIOLATED)
_3018_/C                                1.500000    1.753131   -0.253131 (VIOLATED)
_3026_/C                                1.500000    1.753131   -0.253131 (VIOLATED)
_3036_/C                                1.500000    1.753131   -0.253131 (VIOLATED)
_3044_/C                                1.500000    1.753131   -0.253131 (VIOLATED)
_3052_/C                                1.500000    1.753131   -0.253131 (VIOLATED)
_3060_/C                                1.500000    1.753131   -0.253131 (VIOLATED)
_3068_/C                                1.500000    1.753131   -0.253131 (VIOLATED)
_3076_/C                                1.500000    1.753131   -0.253131 (VIOLATED)
_3084_/C                                1.500000    1.753131   -0.253131 (VIOLATED)
_3093_/C                                1.500000    1.753131   -0.253131 (VIOLATED)
_3102_/C                                1.500000    1.753131   -0.253131 (VIOLATED)
_3111_/C                                1.500000    1.753131   -0.253131 (VIOLATED)
_3119_/C                                1.500000    1.753131   -0.253131 (VIOLATED)
_3127_/C                                1.500000    1.753131   -0.253131 (VIOLATED)
_3135_/C                                1.500000    1.753131   -0.253131 (VIOLATED)
_3144_/C                                1.500000    1.753131   -0.253131 (VIOLATED)
_3152_/C                                1.500000    1.753131   -0.253131 (VIOLATED)
_3160_/C                                1.500000    1.753131   -0.253131 (VIOLATED)
_3169_/C                                1.500000    1.753131   -0.253131 (VIOLATED)
_3177_/C                                1.500000    1.753131   -0.253131 (VIOLATED)
_3186_/C                                1.500000    1.753131   -0.253131 (VIOLATED)
_3236_/C                                1.500000    1.753131   -0.253131 (VIOLATED)
_2931_/Y                                1.500000    1.753085   -0.253085 (VIOLATED)
_3588_/B                                1.500000    1.718396   -0.218396 (VIOLATED)
_3602_/B                                1.500000    1.718396   -0.218396 (VIOLATED)
_3565_/B                                1.500000    1.718396   -0.218396 (VIOLATED)
_3670_/B                                1.500000    1.718396   -0.218396 (VIOLATED)
_3747_/B                                1.500000    1.718396   -0.218396 (VIOLATED)
_3575_/C                                1.500000    1.718396   -0.218396 (VIOLATED)
_3596_/C                                1.500000    1.718396   -0.218396 (VIOLATED)
_3612_/C                                1.500000    1.718396   -0.218396 (VIOLATED)
_3626_/C                                1.500000    1.718396   -0.218396 (VIOLATED)
_3635_/C                                1.500000    1.718396   -0.218396 (VIOLATED)
_3643_/C                                1.500000    1.718396   -0.218396 (VIOLATED)
_3649_/C                                1.500000    1.718396   -0.218396 (VIOLATED)
_3656_/C                                1.500000    1.718396   -0.218396 (VIOLATED)
_3665_/C                                1.500000    1.718396   -0.218396 (VIOLATED)
_3680_/C                                1.500000    1.718396   -0.218396 (VIOLATED)
_3688_/C                                1.500000    1.718396   -0.218396 (VIOLATED)
_3694_/C                                1.500000    1.718396   -0.218396 (VIOLATED)
_3703_/C                                1.500000    1.718396   -0.218396 (VIOLATED)
_3711_/C                                1.500000    1.718396   -0.218396 (VIOLATED)
_3719_/C                                1.500000    1.718396   -0.218396 (VIOLATED)
_3727_/C                                1.500000    1.718396   -0.218396 (VIOLATED)
_3735_/C                                1.500000    1.718396   -0.218396 (VIOLATED)
_3741_/C                                1.500000    1.718396   -0.218396 (VIOLATED)
_3769_/B                                1.500000    1.718396   -0.218396 (VIOLATED)
_3778_/B                                1.500000    1.718396   -0.218396 (VIOLATED)
_3582_/C                                1.500000    1.718396   -0.218396 (VIOLATED)
_3619_/C                                1.500000    1.718396   -0.218396 (VIOLATED)
_3755_/C                                1.500000    1.718396   -0.218396 (VIOLATED)
_3763_/C                                1.500000    1.718396   -0.218396 (VIOLATED)
_3564_/Y                                1.500000    1.718351   -0.218351 (VIOLATED)
_3568_/B                                1.500000    1.695511   -0.195511 (VIOLATED)
_3590_/B                                1.500000    1.695511   -0.195511 (VIOLATED)
_3604_/B                                1.500000    1.695511   -0.195511 (VIOLATED)
_3749_/B                                1.500000    1.695511   -0.195511 (VIOLATED)
_3575_/B                                1.500000    1.695510   -0.195510 (VIOLATED)
_3609_/B                                1.500000    1.695510   -0.195511 (VIOLATED)
_3626_/B                                1.500000    1.695510   -0.195511 (VIOLATED)
_3632_/B                                1.500000    1.695510   -0.195511 (VIOLATED)
_3640_/B                                1.500000    1.695510   -0.195511 (VIOLATED)
_3649_/B                                1.500000    1.695510   -0.195511 (VIOLATED)
_3656_/B                                1.500000    1.695510   -0.195511 (VIOLATED)
_3662_/B                                1.500000    1.695510   -0.195511 (VIOLATED)
_3672_/B                                1.500000    1.695511   -0.195511 (VIOLATED)
_3677_/B                                1.500000    1.695510   -0.195511 (VIOLATED)
_3685_/B                                1.500000    1.695510   -0.195511 (VIOLATED)
_3582_/B                                1.500000    1.695510   -0.195510 (VIOLATED)
_3596_/B                                1.500000    1.695510   -0.195510 (VIOLATED)
_3619_/B                                1.500000    1.695510   -0.195510 (VIOLATED)
_3694_/B                                1.500000    1.695510   -0.195510 (VIOLATED)
_3700_/B                                1.500000    1.695510   -0.195510 (VIOLATED)
_3708_/B                                1.500000    1.695510   -0.195511 (VIOLATED)
_3716_/B                                1.500000    1.695510   -0.195511 (VIOLATED)
_3724_/B                                1.500000    1.695510   -0.195511 (VIOLATED)
_3732_/B                                1.500000    1.695510   -0.195511 (VIOLATED)
_3741_/B                                1.500000    1.695510   -0.195511 (VIOLATED)
_3755_/B                                1.500000    1.695510   -0.195510 (VIOLATED)
_3763_/B                                1.500000    1.695510   -0.195510 (VIOLATED)
_3771_/B                                1.500000    1.695510   -0.195511 (VIOLATED)
_3779_/B                                1.500000    1.695510   -0.195511 (VIOLATED)
_3563_/Y                                1.500000    1.695466   -0.195466 (VIOLATED)
_3589_/C                                1.500000    1.674577   -0.174578 (VIOLATED)
_3603_/C                                1.500000    1.674577   -0.174578 (VIOLATED)
_3609_/C                                1.500000    1.674577   -0.174578 (VIOLATED)
_3625_/C                                1.500000    1.674577   -0.174578 (VIOLATED)
_3632_/C                                1.500000    1.674577   -0.174578 (VIOLATED)
_3640_/C                                1.500000    1.674577   -0.174578 (VIOLATED)
_3648_/C                                1.500000    1.674577   -0.174578 (VIOLATED)
_3655_/C                                1.500000    1.674577   -0.174578 (VIOLATED)
_3662_/C                                1.500000    1.674577   -0.174578 (VIOLATED)
_3567_/C                                1.500000    1.674577   -0.174577 (VIOLATED)
_3574_/C                                1.500000    1.674577   -0.174577 (VIOLATED)
_3581_/C                                1.500000    1.674577   -0.174577 (VIOLATED)
_3595_/C                                1.500000    1.674577   -0.174577 (VIOLATED)
_3618_/C                                1.500000    1.674577   -0.174577 (VIOLATED)
_3671_/C                                1.500000    1.674577   -0.174577 (VIOLATED)
_3677_/C                                1.500000    1.674577   -0.174578 (VIOLATED)
_3685_/C                                1.500000    1.674577   -0.174578 (VIOLATED)
_3693_/C                                1.500000    1.674577   -0.174577 (VIOLATED)
_3700_/C                                1.500000    1.674577   -0.174577 (VIOLATED)
_3708_/C                                1.500000    1.674577   -0.174578 (VIOLATED)
_3716_/C                                1.500000    1.674577   -0.174578 (VIOLATED)
_3724_/C                                1.500000    1.674577   -0.174578 (VIOLATED)
_3732_/C                                1.500000    1.674577   -0.174578 (VIOLATED)
_3740_/C                                1.500000    1.674577   -0.174578 (VIOLATED)
_3748_/C                                1.500000    1.674577   -0.174578 (VIOLATED)
_3754_/C                                1.500000    1.674577   -0.174577 (VIOLATED)
_3762_/C                                1.500000    1.674577   -0.174577 (VIOLATED)
_3770_/C                                1.500000    1.674577   -0.174577 (VIOLATED)
_3566_/Y                                1.500000    1.674534   -0.174534 (VIOLATED)
_3930_/B                                1.500000    1.661951   -0.161951 (VIOLATED)
_3940_/B                                1.500000    1.661951   -0.161951 (VIOLATED)
_3950_/B                                1.500000    1.661951   -0.161951 (VIOLATED)
_3959_/B                                1.500000    1.661951   -0.161951 (VIOLATED)
_3967_/B                                1.500000    1.661951   -0.161951 (VIOLATED)
_3974_/B                                1.500000    1.661951   -0.161951 (VIOLATED)
_3982_/B                                1.500000    1.661951   -0.161951 (VIOLATED)
_3990_/B                                1.500000    1.661951   -0.161951 (VIOLATED)
_3999_/B                                1.500000    1.661951   -0.161951 (VIOLATED)
_4005_/B                                1.500000    1.661951   -0.161951 (VIOLATED)
_4014_/B                                1.500000    1.661951   -0.161951 (VIOLATED)
_4023_/B                                1.500000    1.661951   -0.161951 (VIOLATED)
_4029_/B                                1.500000    1.661951   -0.161951 (VIOLATED)
_4039_/B                                1.500000    1.661951   -0.161951 (VIOLATED)
_4045_/B                                1.500000    1.661951   -0.161951 (VIOLATED)
_4054_/B                                1.500000    1.661951   -0.161951 (VIOLATED)
_4061_/B                                1.500000    1.661951   -0.161951 (VIOLATED)
_4071_/B                                1.500000    1.661951   -0.161951 (VIOLATED)
_4079_/B                                1.500000    1.661951   -0.161951 (VIOLATED)
_4087_/B                                1.500000    1.661951   -0.161951 (VIOLATED)
_4095_/B                                1.500000    1.661951   -0.161951 (VIOLATED)
_4102_/B                                1.500000    1.661951   -0.161951 (VIOLATED)
_4120_/B                                1.500000    1.661951   -0.161951 (VIOLATED)
_4112_/B                                1.500000    1.661951   -0.161951 (VIOLATED)
_4129_/B                                1.500000    1.661951   -0.161951 (VIOLATED)
_4137_/B                                1.500000    1.661951   -0.161951 (VIOLATED)
_4144_/B                                1.500000    1.661951   -0.161951 (VIOLATED)
_4152_/B                                1.500000    1.661951   -0.161951 (VIOLATED)
_4160_/C                                1.500000    1.661951   -0.161951 (VIOLATED)
_3928_/Y                                1.500000    1.661908   -0.161908 (VIOLATED)
_3999_/C                                1.500000    1.660253   -0.160253 (VIOLATED)
_4005_/C                                1.500000    1.660253   -0.160253 (VIOLATED)
_4014_/C                                1.500000    1.660253   -0.160253 (VIOLATED)
_4023_/C                                1.500000    1.660253   -0.160253 (VIOLATED)
_4029_/C                                1.500000    1.660253   -0.160253 (VIOLATED)
_3930_/C                                1.500000    1.660253   -0.160253 (VIOLATED)
_3940_/C                                1.500000    1.660253   -0.160253 (VIOLATED)
_3950_/C                                1.500000    1.660253   -0.160253 (VIOLATED)
_3959_/C                                1.500000    1.660253   -0.160253 (VIOLATED)
_3974_/C                                1.500000    1.660253   -0.160253 (VIOLATED)
_3982_/C                                1.500000    1.660253   -0.160253 (VIOLATED)
_4039_/C                                1.500000    1.660253   -0.160253 (VIOLATED)
_4045_/C                                1.500000    1.660253   -0.160253 (VIOLATED)
_4054_/C                                1.500000    1.660253   -0.160253 (VIOLATED)
_4061_/C                                1.500000    1.660253   -0.160253 (VIOLATED)
_4087_/C                                1.500000    1.660253   -0.160253 (VIOLATED)
_4095_/C                                1.500000    1.660253   -0.160253 (VIOLATED)
_4102_/C                                1.500000    1.660253   -0.160253 (VIOLATED)
_4120_/C                                1.500000    1.660253   -0.160253 (VIOLATED)
_3967_/C                                1.500000    1.660253   -0.160253 (VIOLATED)
_3990_/C                                1.500000    1.660253   -0.160253 (VIOLATED)
_4071_/C                                1.500000    1.660253   -0.160253 (VIOLATED)
_4079_/C                                1.500000    1.660253   -0.160253 (VIOLATED)
_4112_/C                                1.500000    1.660253   -0.160253 (VIOLATED)
_4129_/C                                1.500000    1.660253   -0.160253 (VIOLATED)
_4137_/C                                1.500000    1.660253   -0.160253 (VIOLATED)
_4144_/C                                1.500000    1.660253   -0.160253 (VIOLATED)
_4152_/C                                1.500000    1.660253   -0.160253 (VIOLATED)
_3929_/Y                                1.500000    1.660210   -0.160210 (VIOLATED)
_3320_/C                                1.500000    1.648033   -0.148033 (VIOLATED)
_3385_/C                                1.500000    1.648033   -0.148033 (VIOLATED)
_3269_/C                                1.500000    1.648033   -0.148033 (VIOLATED)
_3291_/C                                1.500000    1.648033   -0.148033 (VIOLATED)
_3297_/C                                1.500000    1.648033   -0.148033 (VIOLATED)
_3304_/C                                1.500000    1.648033   -0.148033 (VIOLATED)
_3312_/C                                1.500000    1.648033   -0.148033 (VIOLATED)
_3328_/C                                1.500000    1.648033   -0.148033 (VIOLATED)
_3345_/C                                1.500000    1.648033   -0.148033 (VIOLATED)
_3336_/C                                1.500000    1.648033   -0.148033 (VIOLATED)
_3353_/C                                1.500000    1.648033   -0.148033 (VIOLATED)
_3362_/C                                1.500000    1.648033   -0.148033 (VIOLATED)
_3369_/C                                1.500000    1.648033   -0.148033 (VIOLATED)
_3378_/C                                1.500000    1.648033   -0.148033 (VIOLATED)
_3393_/C                                1.500000    1.648033   -0.148033 (VIOLATED)
_3402_/C                                1.500000    1.648033   -0.148033 (VIOLATED)
_3409_/C                                1.500000    1.648033   -0.148033 (VIOLATED)
_3417_/C                                1.500000    1.648033   -0.148033 (VIOLATED)
_3425_/C                                1.500000    1.648033   -0.148033 (VIOLATED)
_3434_/C                                1.500000    1.648033   -0.148033 (VIOLATED)
_3440_/C                                1.500000    1.648033   -0.148033 (VIOLATED)
_3448_/C                                1.500000    1.648033   -0.148033 (VIOLATED)
_3465_/C                                1.500000    1.648033   -0.148033 (VIOLATED)
_3456_/C                                1.500000    1.648033   -0.148033 (VIOLATED)
_3472_/C                                1.500000    1.648033   -0.148033 (VIOLATED)
_3478_/B                                1.500000    1.648033   -0.148033 (VIOLATED)
_3486_/C                                1.500000    1.648033   -0.148033 (VIOLATED)
_3493_/C                                1.500000    1.648033   -0.148033 (VIOLATED)
_3501_/B                                1.500000    1.648033   -0.148033 (VIOLATED)
_3268_/Y                                1.500000    1.647991   -0.147991 (VIOLATED)
_2635_/S                                1.500000    1.636426   -0.136426 (VIOLATED)
_2645_/S                                1.500000    1.636426   -0.136426 (VIOLATED)
_2652_/S                                1.500000    1.636426   -0.136426 (VIOLATED)
_2658_/S                                1.500000    1.636426   -0.136426 (VIOLATED)
_2812_/S                                1.500000    1.636426   -0.136426 (VIOLATED)
_2814_/S                                1.500000    1.636426   -0.136426 (VIOLATED)
_2816_/S                                1.500000    1.636426   -0.136426 (VIOLATED)
_2818_/S                                1.500000    1.636426   -0.136426 (VIOLATED)
_2820_/S                                1.500000    1.636426   -0.136426 (VIOLATED)
_2822_/S                                1.500000    1.636426   -0.136426 (VIOLATED)
_2824_/S                                1.500000    1.636426   -0.136426 (VIOLATED)
_2618_/D                                1.500000    1.636425   -0.136425 (VIOLATED)
_2620_/B                                1.500000    1.636425   -0.136425 (VIOLATED)
_2643_/A                                1.500000    1.636424   -0.136424 (VIOLATED)
_2834_/A                                1.500000    1.636424   -0.136424 (VIOLATED)
_2591_/Y                                1.500000    1.636406   -0.136406 (VIOLATED)
_3346_/B                                1.500000    1.634488   -0.134489 (VIOLATED)
_3290_/B                                1.500000    1.634488   -0.134488 (VIOLATED)
_3305_/B                                1.500000    1.634488   -0.134488 (VIOLATED)
_3355_/B                                1.500000    1.634488   -0.134488 (VIOLATED)
_3361_/B                                1.500000    1.634488   -0.134488 (VIOLATED)
_3377_/B                                1.500000    1.634488   -0.134489 (VIOLATED)
_3394_/B                                1.500000    1.634488   -0.134488 (VIOLATED)
_3401_/B                                1.500000    1.634488   -0.134488 (VIOLATED)
_3427_/B                                1.500000    1.634488   -0.134488 (VIOLATED)
_3433_/B                                1.500000    1.634488   -0.134488 (VIOLATED)
_3450_/B                                1.500000    1.634488   -0.134488 (VIOLATED)
_3464_/B                                1.500000    1.634488   -0.134489 (VIOLATED)
_3457_/B                                1.500000    1.634488   -0.134488 (VIOLATED)
_3471_/B                                1.500000    1.634488   -0.134488 (VIOLATED)
_3485_/B                                1.500000    1.634488   -0.134488 (VIOLATED)
_3321_/D                                1.500000    1.634488   -0.134488 (VIOLATED)
_3329_/D                                1.500000    1.634488   -0.134488 (VIOLATED)
_3370_/D                                1.500000    1.634488   -0.134488 (VIOLATED)
_3386_/D                                1.500000    1.634488   -0.134488 (VIOLATED)
_3273_/B                                1.500000    1.634488   -0.134488 (VIOLATED)
_3298_/C                                1.500000    1.634488   -0.134488 (VIOLATED)
_3313_/D                                1.500000    1.634488   -0.134488 (VIOLATED)
_3410_/D                                1.500000    1.634488   -0.134488 (VIOLATED)
_3418_/D                                1.500000    1.634488   -0.134488 (VIOLATED)
_3441_/D                                1.500000    1.634488   -0.134488 (VIOLATED)
_3479_/C                                1.500000    1.634488   -0.134488 (VIOLATED)
_3494_/B                                1.500000    1.634488   -0.134488 (VIOLATED)
_3501_/C                                1.500000    1.634488   -0.134488 (VIOLATED)
_3270_/Y                                1.500000    1.634446   -0.134446 (VIOLATED)
_2951_/A                                1.500000    1.622136   -0.122136 (VIOLATED)
_2961_/A                                1.500000    1.622136   -0.122136 (VIOLATED)
_3019_/A                                1.500000    1.622136   -0.122136 (VIOLATED)
_3045_/A                                1.500000    1.622136   -0.122136 (VIOLATED)
_3053_/A                                1.500000    1.622136   -0.122136 (VIOLATED)
_3061_/A                                1.500000    1.622136   -0.122136 (VIOLATED)
_2969_/A                                1.500000    1.622136   -0.122136 (VIOLATED)
_2977_/A                                1.500000    1.622136   -0.122136 (VIOLATED)
_2986_/A                                1.500000    1.622136   -0.122136 (VIOLATED)
_2994_/A                                1.500000    1.622136   -0.122136 (VIOLATED)
_3002_/A                                1.500000    1.622136   -0.122136 (VIOLATED)
_3010_/A                                1.500000    1.622136   -0.122136 (VIOLATED)
_3027_/A                                1.500000    1.622136   -0.122136 (VIOLATED)
_3037_/A                                1.500000    1.622136   -0.122136 (VIOLATED)
_3069_/A                                1.500000    1.622136   -0.122136 (VIOLATED)
_3077_/A                                1.500000    1.622136   -0.122136 (VIOLATED)
_3085_/A                                1.500000    1.622136   -0.122136 (VIOLATED)
_3094_/A                                1.500000    1.622136   -0.122136 (VIOLATED)
_3103_/A                                1.500000    1.622136   -0.122136 (VIOLATED)
_3112_/A                                1.500000    1.622136   -0.122136 (VIOLATED)
_3120_/A                                1.500000    1.622136   -0.122136 (VIOLATED)
_3128_/A                                1.500000    1.622136   -0.122136 (VIOLATED)
_3136_/A                                1.500000    1.622136   -0.122136 (VIOLATED)
_3145_/A                                1.500000    1.622136   -0.122136 (VIOLATED)
_3153_/A                                1.500000    1.622136   -0.122136 (VIOLATED)
_3161_/A                                1.500000    1.622136   -0.122136 (VIOLATED)
_3170_/A                                1.500000    1.622136   -0.122136 (VIOLATED)
_3178_/A                                1.500000    1.622136   -0.122136 (VIOLATED)
_2948_/Y                                1.500000    1.622094   -0.122094 (VIOLATED)
_2945_/Y                                1.500000    1.621337   -0.121337 (VIOLATED)
_2965_/B                                1.500000    1.621337   -0.121337 (VIOLATED)
_2972_/A                                1.500000    1.621337   -0.121337 (VIOLATED)
_2973_/B                                1.500000    1.621337   -0.121337 (VIOLATED)
_2980_/A                                1.500000    1.621337   -0.121337 (VIOLATED)
_2981_/B                                1.500000    1.621337   -0.121337 (VIOLATED)
_2990_/B                                1.500000    1.621337   -0.121337 (VIOLATED)
_2997_/A                                1.500000    1.621337   -0.121337 (VIOLATED)
_2998_/B                                1.500000    1.621337   -0.121337 (VIOLATED)
_3005_/A                                1.500000    1.621337   -0.121337 (VIOLATED)
_3006_/B                                1.500000    1.621337   -0.121337 (VIOLATED)
_3022_/A                                1.500000    1.621337   -0.121337 (VIOLATED)
_3023_/B                                1.500000    1.621337   -0.121337 (VIOLATED)
_3032_/B                                1.500000    1.621337   -0.121337 (VIOLATED)
_3041_/B                                1.500000    1.621337   -0.121337 (VIOLATED)
_3048_/A                                1.500000    1.621337   -0.121337 (VIOLATED)
_3049_/B                                1.500000    1.621337   -0.121337 (VIOLATED)
_3056_/A                                1.500000    1.621337   -0.121337 (VIOLATED)
_3057_/B                                1.500000    1.621337   -0.121337 (VIOLATED)
_3064_/A                                1.500000    1.621337   -0.121337 (VIOLATED)
_3065_/B                                1.500000    1.621337   -0.121337 (VIOLATED)
_3072_/A                                1.500000    1.621337   -0.121337 (VIOLATED)
_3073_/B                                1.500000    1.621337   -0.121337 (VIOLATED)
_3080_/A                                1.500000    1.621337   -0.121337 (VIOLATED)
_3081_/B                                1.500000    1.621337   -0.121337 (VIOLATED)
_3088_/A                                1.500000    1.621337   -0.121337 (VIOLATED)
_3089_/B                                1.500000    1.621337   -0.121337 (VIOLATED)
_3098_/B                                1.500000    1.621337   -0.121337 (VIOLATED)
_3107_/B                                1.500000    1.621337   -0.121337 (VIOLATED)
_3116_/B                                1.500000    1.621337   -0.121337 (VIOLATED)
_3123_/A                                1.500000    1.621337   -0.121337 (VIOLATED)
_3124_/B                                1.500000    1.621337   -0.121337 (VIOLATED)
_3131_/A                                1.500000    1.621337   -0.121337 (VIOLATED)
_3132_/B                                1.500000    1.621337   -0.121337 (VIOLATED)
_3141_/B                                1.500000    1.621337   -0.121337 (VIOLATED)
_3148_/A                                1.500000    1.621337   -0.121337 (VIOLATED)
_3149_/B                                1.500000    1.621337   -0.121337 (VIOLATED)
_3156_/A                                1.500000    1.621337   -0.121337 (VIOLATED)
_3157_/B                                1.500000    1.621337   -0.121337 (VIOLATED)
_3164_/A                                1.500000    1.621337   -0.121337 (VIOLATED)
_3165_/B                                1.500000    1.621337   -0.121337 (VIOLATED)
_3181_/A                                1.500000    1.621337   -0.121337 (VIOLATED)
_3182_/B                                1.500000    1.621337   -0.121337 (VIOLATED)
_3284_/Y                                1.500000    1.605767   -0.105767 (VIOLATED)
_3288_/B                                1.500000    1.605767   -0.105767 (VIOLATED)
_3289_/B                                1.500000    1.605767   -0.105767 (VIOLATED)
_3295_/D                                1.500000    1.605767   -0.105767 (VIOLATED)
_3296_/B                                1.500000    1.605767   -0.105767 (VIOLATED)
_3310_/A                                1.500000    1.605767   -0.105767 (VIOLATED)
_3311_/B                                1.500000    1.605767   -0.105767 (VIOLATED)
_3318_/A                                1.500000    1.605767   -0.105767 (VIOLATED)
_3319_/B                                1.500000    1.605767   -0.105767 (VIOLATED)
_3326_/A                                1.500000    1.605767   -0.105767 (VIOLATED)
_3327_/B                                1.500000    1.605767   -0.105767 (VIOLATED)
_3334_/A                                1.500000    1.605767   -0.105767 (VIOLATED)
_3335_/B                                1.500000    1.605767   -0.105767 (VIOLATED)
_3351_/A                                1.500000    1.605767   -0.105767 (VIOLATED)
_3352_/B                                1.500000    1.605767   -0.105767 (VIOLATED)
_3359_/A                                1.500000    1.605767   -0.105767 (VIOLATED)
_3360_/B                                1.500000    1.605767   -0.105767 (VIOLATED)
_3367_/A                                1.500000    1.605767   -0.105767 (VIOLATED)
_3368_/B                                1.500000    1.605767   -0.105767 (VIOLATED)
_3375_/A                                1.500000    1.605767   -0.105767 (VIOLATED)
_3376_/B                                1.500000    1.605767   -0.105767 (VIOLATED)
_3383_/A                                1.500000    1.605767   -0.105767 (VIOLATED)
_3384_/B                                1.500000    1.605767   -0.105767 (VIOLATED)
_3391_/A                                1.500000    1.605767   -0.105767 (VIOLATED)
_3392_/B                                1.500000    1.605767   -0.105767 (VIOLATED)
_3407_/A                                1.500000    1.605767   -0.105767 (VIOLATED)
_3408_/B                                1.500000    1.605767   -0.105767 (VIOLATED)
_3415_/A                                1.500000    1.605767   -0.105767 (VIOLATED)
_3416_/B                                1.500000    1.605767   -0.105767 (VIOLATED)
_3423_/A                                1.500000    1.605767   -0.105767 (VIOLATED)
_3424_/B                                1.500000    1.605767   -0.105767 (VIOLATED)
_3431_/A                                1.500000    1.605767   -0.105767 (VIOLATED)
_3432_/B                                1.500000    1.605767   -0.105767 (VIOLATED)
_3438_/D                                1.500000    1.605767   -0.105767 (VIOLATED)
_3439_/B                                1.500000    1.605767   -0.105767 (VIOLATED)
_3446_/A                                1.500000    1.605767   -0.105767 (VIOLATED)
_3447_/B                                1.500000    1.605767   -0.105767 (VIOLATED)
_3454_/A                                1.500000    1.605767   -0.105767 (VIOLATED)
_3455_/B                                1.500000    1.605767   -0.105767 (VIOLATED)
_3462_/A                                1.500000    1.605767   -0.105767 (VIOLATED)
_3463_/B                                1.500000    1.605767   -0.105767 (VIOLATED)
_3469_/D                                1.500000    1.605767   -0.105767 (VIOLATED)
_3470_/B                                1.500000    1.605767   -0.105767 (VIOLATED)
_3476_/D                                1.500000    1.605767   -0.105767 (VIOLATED)
_3477_/B                                1.500000    1.605767   -0.105767 (VIOLATED)
_2452_/C                                1.500000    1.602743   -0.102743 (VIOLATED)
_2456_/A                                1.500000    1.602743   -0.102743 (VIOLATED)
_2462_/S                                1.500000    1.602743   -0.102743 (VIOLATED)
_2463_/C                                1.500000    1.602743   -0.102743 (VIOLATED)
_2467_/A                                1.500000    1.602743   -0.102743 (VIOLATED)
_2468_/C                                1.500000    1.602743   -0.102743 (VIOLATED)
_2472_/A                                1.500000    1.602743   -0.102743 (VIOLATED)
_4342_/S                                1.500000    1.602743   -0.102743 (VIOLATED)
_4384_/A                                1.500000    1.602743   -0.102743 (VIOLATED)
_4385_/A                                1.500000    1.602743   -0.102743 (VIOLATED)
_4393_/A                                1.500000    1.602743   -0.102743 (VIOLATED)
_4394_/A                                1.500000    1.602743   -0.102743 (VIOLATED)
_4404_/A                                1.500000    1.602743   -0.102743 (VIOLATED)
_4405_/A                                1.500000    1.602743   -0.102743 (VIOLATED)
_4413_/A                                1.500000    1.602743   -0.102743 (VIOLATED)
_4414_/A                                1.500000    1.602743   -0.102743 (VIOLATED)
_4417_/C                                1.500000    1.602743   -0.102743 (VIOLATED)
_4421_/A                                1.500000    1.602743   -0.102743 (VIOLATED)
_4430_/A                                1.500000    1.602743   -0.102743 (VIOLATED)
_4431_/A                                1.500000    1.602743   -0.102743 (VIOLATED)
_4439_/A                                1.500000    1.602743   -0.102743 (VIOLATED)
_4440_/A                                1.500000    1.602743   -0.102743 (VIOLATED)
_4448_/A                                1.500000    1.602743   -0.102743 (VIOLATED)
_4449_/A                                1.500000    1.602743   -0.102743 (VIOLATED)
_4457_/A                                1.500000    1.602743   -0.102743 (VIOLATED)
_4458_/A                                1.500000    1.602743   -0.102743 (VIOLATED)
_4464_/A                                1.500000    1.602743   -0.102743 (VIOLATED)
_4465_/A                                1.500000    1.602743   -0.102743 (VIOLATED)
_4475_/A                                1.500000    1.602743   -0.102743 (VIOLATED)
_4476_/A                                1.500000    1.602743   -0.102743 (VIOLATED)
_4481_/C                                1.500000    1.602743   -0.102743 (VIOLATED)
_4485_/A                                1.500000    1.602743   -0.102743 (VIOLATED)
_4490_/A                                1.500000    1.602743   -0.102743 (VIOLATED)
_4491_/A                                1.500000    1.602743   -0.102743 (VIOLATED)
_4501_/A                                1.500000    1.602743   -0.102743 (VIOLATED)
_4502_/A                                1.500000    1.602743   -0.102743 (VIOLATED)
_4510_/A                                1.500000    1.602743   -0.102743 (VIOLATED)
_4511_/A                                1.500000    1.602743   -0.102743 (VIOLATED)
_4519_/A                                1.500000    1.602743   -0.102743 (VIOLATED)
_4520_/A                                1.500000    1.602743   -0.102743 (VIOLATED)
_4528_/A                                1.500000    1.602743   -0.102743 (VIOLATED)
_4529_/A                                1.500000    1.602743   -0.102743 (VIOLATED)
_4534_/C                                1.500000    1.602743   -0.102743 (VIOLATED)
_4538_/A                                1.500000    1.602743   -0.102743 (VIOLATED)
_4545_/A                                1.500000    1.602743   -0.102743 (VIOLATED)
_4546_/A                                1.500000    1.602743   -0.102743 (VIOLATED)
_4551_/C                                1.500000    1.602743   -0.102743 (VIOLATED)
_4553_/A                                1.500000    1.602743   -0.102743 (VIOLATED)
_4560_/A                                1.500000    1.602743   -0.102743 (VIOLATED)
_4561_/A                                1.500000    1.602743   -0.102743 (VIOLATED)
_4571_/A                                1.500000    1.602743   -0.102743 (VIOLATED)
_4572_/A                                1.500000    1.602743   -0.102743 (VIOLATED)
_4580_/A                                1.500000    1.602743   -0.102743 (VIOLATED)
_4581_/A                                1.500000    1.602743   -0.102743 (VIOLATED)
_4587_/A                                1.500000    1.602743   -0.102743 (VIOLATED)
_4588_/A                                1.500000    1.602743   -0.102743 (VIOLATED)
_5095_/Q                                1.500000    1.602743   -0.102743 (VIOLATED)
_4351_/S                                1.500000    1.559594   -0.059594 (VIOLATED)
_4345_/A                                1.500000    1.559594   -0.059594 (VIOLATED)
_4334_/A                                1.500000    1.559594   -0.059594 (VIOLATED)
_2853_/B                                1.500000    1.559593   -0.059593 (VIOLATED)
_4338_/B                                1.500000    1.559593   -0.059593 (VIOLATED)
_4344_/D                                1.500000    1.559593   -0.059593 (VIOLATED)
_4347_/A                                1.500000    1.559593   -0.059593 (VIOLATED)
_4377_/B                                1.500000    1.559593   -0.059593 (VIOLATED)
_4361_/D                                1.500000    1.559592   -0.059593 (VIOLATED)
_4333_/A                                1.500000    1.559592   -0.059592 (VIOLATED)
_4356_/A                                1.500000    1.559592   -0.059592 (VIOLATED)
_4373_/D                                1.500000    1.559592   -0.059592 (VIOLATED)
_4367_/A                                1.500000    1.559592   -0.059592 (VIOLATED)
_4387_/B                                1.500000    1.559592   -0.059592 (VIOLATED)
_4396_/B                                1.500000    1.559592   -0.059592 (VIOLATED)
_4399_/B                                1.500000    1.559592   -0.059592 (VIOLATED)
_4408_/B                                1.500000    1.559592   -0.059592 (VIOLATED)
_4422_/B                                1.500000    1.559592   -0.059592 (VIOLATED)
_4425_/B                                1.500000    1.559592   -0.059592 (VIOLATED)
_4434_/B                                1.500000    1.559592   -0.059592 (VIOLATED)
_4443_/B                                1.500000    1.559592   -0.059592 (VIOLATED)
_4452_/B                                1.500000    1.559592   -0.059592 (VIOLATED)
_4467_/B                                1.500000    1.559592   -0.059592 (VIOLATED)
_4470_/B                                1.500000    1.559592   -0.059592 (VIOLATED)
_4479_/B                                1.500000    1.559592   -0.059592 (VIOLATED)
_4493_/B                                1.500000    1.559592   -0.059592 (VIOLATED)
_4496_/B                                1.500000    1.559592   -0.059592 (VIOLATED)
_4505_/B                                1.500000    1.559592   -0.059592 (VIOLATED)
_4514_/B                                1.500000    1.559592   -0.059592 (VIOLATED)
_4523_/B                                1.500000    1.559592   -0.059592 (VIOLATED)
_4532_/B                                1.500000    1.559592   -0.059592 (VIOLATED)
_4540_/B                                1.500000    1.559592   -0.059592 (VIOLATED)
_4554_/B                                1.500000    1.559592   -0.059592 (VIOLATED)
_4563_/B                                1.500000    1.559592   -0.059592 (VIOLATED)
_4566_/B                                1.500000    1.559592   -0.059592 (VIOLATED)
_4575_/B                                1.500000    1.559592   -0.059592 (VIOLATED)
_4590_/B                                1.500000    1.559592   -0.059592 (VIOLATED)
_4375_/B                                1.500000    1.559592   -0.059592 (VIOLATED)
_2852_/Y                                1.500000    1.559554   -0.059554 (VIOLATED)

max fanout

Pin                                   Limit Fanout  Slack
---------------------------------------------------------
clk                                       9    534   -525 (VIOLATED)
rst                                       9     94    -85 (VIOLATED)
_5094_/Q                                  9     85    -76 (VIOLATED)
_5095_/Q                                  9     56    -47 (VIOLATED)
_3284_/Y                                  9     44    -35 (VIOLATED)
_3559_/Y                                  9     43    -34 (VIOLATED)
_2945_/Y                                  9     42    -33 (VIOLATED)
_2852_/Y                                  9     38    -29 (VIOLATED)
_2857_/Y                                  9     37    -28 (VIOLATED)
dft_mode                                  9     36    -27 (VIOLATED)
_2903_/Y                                  9     36    -27 (VIOLATED)
_2909_/Y                                  9     35    -26 (VIOLATED)
_2541_/Y                                  9     34    -25 (VIOLATED)
_3921_/Y                                  9     34    -25 (VIOLATED)
_2947_/Y                                  9     33    -24 (VIOLATED)
_3286_/Y                                  9     33    -24 (VIOLATED)
_3874_/Y                                  9     33    -24 (VIOLATED)
_4593_/Y                                  9     33    -24 (VIOLATED)
_2928_/Y                                  9     32    -23 (VIOLATED)
_4594_/Y                                  9     32    -23 (VIOLATED)
_2930_/Y                                  9     31    -22 (VIOLATED)
_2931_/Y                                  9     31    -22 (VIOLATED)
_3542_/Y                                  9     31    -22 (VIOLATED)
_3556_/Y                                  9     31    -22 (VIOLATED)
_2894_/Y                                  9     30    -21 (VIOLATED)
_3250_/Y                                  9     30    -21 (VIOLATED)
_3561_/Y                                  9     30    -21 (VIOLATED)
_3825_/Y                                  9     30    -21 (VIOLATED)
_3912_/Y                                  9     30    -21 (VIOLATED)
_4167_/Y                                  9     30    -21 (VIOLATED)
_4198_/Y                                  9     30    -21 (VIOLATED)
_4338_/Y                                  9     30    -21 (VIOLATED)
_3262_/Y                                  9     29    -20 (VIOLATED)
_3267_/Y                                  9     29    -20 (VIOLATED)
_3268_/Y                                  9     29    -20 (VIOLATED)
_3272_/Y                                  9     29    -20 (VIOLATED)
_3278_/Y                                  9     29    -20 (VIOLATED)
_3562_/Y                                  9     29    -20 (VIOLATED)
_3563_/Y                                  9     29    -20 (VIOLATED)
_3564_/Y                                  9     29    -20 (VIOLATED)
_3913_/Y                                  9     29    -20 (VIOLATED)
_3919_/Y                                  9     29    -20 (VIOLATED)
_3923_/Y                                  9     29    -20 (VIOLATED)
_3924_/Y                                  9     29    -20 (VIOLATED)
_3927_/Y                                  9     29    -20 (VIOLATED)
_3928_/Y                                  9     29    -20 (VIOLATED)
_3931_/Y                                  9     29    -20 (VIOLATED)
_3932_/Y                                  9     29    -20 (VIOLATED)
_4168_/Y                                  9     29    -20 (VIOLATED)
_4199_/Y                                  9     29    -20 (VIOLATED)
_2902_/Y                                  9     28    -19 (VIOLATED)
_2948_/Y                                  9     28    -19 (VIOLATED)
_3270_/Y                                  9     28    -19 (VIOLATED)
_3566_/Y                                  9     28    -19 (VIOLATED)
_3929_/Y                                  9     28    -19 (VIOLATED)
_4347_/Y                                  9     27    -18 (VIOLATED)
_2394_/Y                                  9     26    -17 (VIOLATED)
_4333_/Y                                  9     26    -17 (VIOLATED)
_4334_/Y                                  9     24    -15 (VIOLATED)
_2560_/Y                                  9     22    -13 (VIOLATED)
_5225_/Q                                  9     20    -11 (VIOLATED)
_3569_/Y                                  9     19    -10 (VIOLATED)
_3909_/Y                                  9     19    -10 (VIOLATED)
_2677_/Y                                  9     17     -8 (VIOLATED)
_5098_/Q                                  9     17     -8 (VIOLATED)
_2591_/Y                                  9     16     -7 (VIOLATED)
_2681_/Y                                  9     16     -7 (VIOLATED)
_2564_/Y                                  9     15     -6 (VIOLATED)
_2576_/Y                                  9     15     -6 (VIOLATED)
_3560_/Y                                  9     15     -6 (VIOLATED)
_2858_/Y                                  9     14     -5 (VIOLATED)
_3550_/Y                                  9     14     -5 (VIOLATED)
_5223_/Q                                  9     13     -4 (VIOLATED)
_2567_/Y                                  9     12     -3 (VIOLATED)
_2946_/Y                                  9     12     -3 (VIOLATED)
_3532_/Y                                  9     12     -3 (VIOLATED)
_3910_/Y                                  9     12     -3 (VIOLATED)
_3922_/Y                                  9     12     -3 (VIOLATED)
_4974_/Q                                  9     12     -3 (VIOLATED)
_4975_/Q                                  9     12     -3 (VIOLATED)
_2599_/Y                                  9     11     -2 (VIOLATED)
_5224_/Q                                  9     11     -2 (VIOLATED)
_2402_/Y                                  9     10        (VIOLATED)
_2561_/Y                                  9     10        (VIOLATED)
_4664_/Y                                  9     10        (VIOLATED)
_5221_/Q                                  9     10        (VIOLATED)
_5228_/Q                                  9     10        (VIOLATED)
_5271_/Q                                  9     10        (VIOLATED)

max capacitance

Pin                                        Limit         Cap       Slack
------------------------------------------------------------------------
clk                                     0.200000    4.678812   -4.478811 (VIOLATED)
rst                                     0.200000    0.944974   -0.744974 (VIOLATED)
_5094_/Q                                0.200000    0.865581   -0.665581 (VIOLATED)
_2945_/Y                                0.200000    0.536243   -0.336243 (VIOLATED)
_3284_/Y                                0.200000    0.531090   -0.331090 (VIOLATED)
_5095_/Q                                0.200000    0.530499   -0.330499 (VIOLATED)
_3559_/Y                                0.200000    0.501475   -0.301475 (VIOLATED)
_2894_/Y                                0.200000    0.489706   -0.289706 (VIOLATED)
_3825_/Y                                0.200000    0.450657   -0.250657 (VIOLATED)
_3267_/Y                                0.200000    0.426726   -0.226726 (VIOLATED)
_2541_/Y                                0.200000    0.421304   -0.221304 (VIOLATED)
_3556_/Y                                0.200000    0.418792   -0.218792 (VIOLATED)
_2903_/Y                                0.200000    0.403187   -0.203187 (VIOLATED)
_2947_/Y                                0.200000    0.380502   -0.180502 (VIOLATED)
_2857_/Y                                0.200000    0.373925   -0.173925 (VIOLATED)
_3286_/Y                                0.200000    0.370455   -0.170455 (VIOLATED)
_3921_/Y                                0.200000    0.363245   -0.163245 (VIOLATED)
_2930_/Y                                0.200000    0.359964   -0.159964 (VIOLATED)
_3561_/Y                                0.200000    0.359034   -0.159034 (VIOLATED)
_3562_/Y                                0.200000    0.333943   -0.133943 (VIOLATED)
_2928_/Y                                0.200000    0.331663   -0.131663 (VIOLATED)
_2909_/Y                                0.200000    0.330731   -0.130731 (VIOLATED)
_3927_/Y                                0.200000    0.330436   -0.130436 (VIOLATED)
_4347_/Y                                0.200000    0.326544   -0.126544 (VIOLATED)
dft_mode                                0.200000    0.324410   -0.124410 (VIOLATED)
_3542_/Y                                0.200000    0.321257   -0.121257 (VIOLATED)
_3262_/Y                                0.200000    0.314896   -0.114896 (VIOLATED)
_3272_/Y                                0.200000    0.314517   -0.114517 (VIOLATED)
_3919_/Y                                0.200000    0.312432   -0.112432 (VIOLATED)
_2931_/Y                                0.200000    0.306303   -0.106303 (VIOLATED)
_3278_/Y                                0.200000    0.303151   -0.103151 (VIOLATED)
_3932_/Y                                0.200000    0.301632   -0.101631 (VIOLATED)
_3564_/Y                                0.200000    0.299981   -0.099981 (VIOLATED)
_3563_/Y                                0.200000    0.296183   -0.096183 (VIOLATED)
_3924_/Y                                0.200000    0.294478   -0.094478 (VIOLATED)
_3566_/Y                                0.200000    0.292579   -0.092579 (VIOLATED)
_3931_/Y                                0.200000    0.292185   -0.092185 (VIOLATED)
_3923_/Y                                0.200000    0.290475   -0.090475 (VIOLATED)
_3928_/Y                                0.200000    0.290250   -0.090250 (VIOLATED)
_3929_/Y                                0.200000    0.289902   -0.089902 (VIOLATED)
_3268_/Y                                0.200000    0.287691   -0.087691 (VIOLATED)
_3874_/Y                                0.200000    0.285626   -0.085626 (VIOLATED)
_3270_/Y                                0.200000    0.285304   -0.085304 (VIOLATED)
_2902_/Y                                0.200000    0.284711   -0.084711 (VIOLATED)
_3250_/Y                                0.200000    0.283713   -0.083713 (VIOLATED)
_2948_/Y                                0.200000    0.282949   -0.082949 (VIOLATED)
_2852_/Y                                0.200000    0.270732   -0.070732 (VIOLATED)
_3912_/Y                                0.200000    0.270514   -0.070514 (VIOLATED)
_3909_/Y                                0.200000    0.255469   -0.055469 (VIOLATED)
_4199_/Y                                0.200000    0.247880   -0.047880 (VIOLATED)
_4167_/Y                                0.200000    0.245942   -0.045942 (VIOLATED)
_4198_/Y                                0.200000    0.244975   -0.044975 (VIOLATED)
_4168_/Y                                0.200000    0.244268   -0.044268 (VIOLATED)
_2394_/Y                                0.200000    0.242923   -0.042923 (VIOLATED)
_3913_/Y                                0.200000    0.228784   -0.028784 (VIOLATED)
_3569_/Y                                0.200000    0.223329   -0.023329 (VIOLATED)
_5098_/Q                                0.200000    0.222133   -0.022133 (VIOLATED)
_2560_/Y                                0.200000    0.214434   -0.014434 (VIOLATED)
_3922_/Y                                0.200000    0.211594   -0.011594 (VIOLATED)



===========================================================================
report_parasitic_annotation -report_unannotated
============================================================================
Found 0 unannotated drivers.
Found 293 partially unannotated drivers.
 _2587_/Y
 _2588_/Y
 _2604_/Y
 _2610_/Y
 _2629_/Y
 _2641_/Y
 _2650_/Y
 _2657_/Y
 _2664_/Y
 _2668_/Y
 _2672_/Y
 _2676_/Y
 _2832_/Y
 _4771_/Q
 _4772_/Q
 _4773_/Q
 _4774_/Q
 _4775_/Q
 _4776_/Q
 _4777_/Q
 _4778_/Q
 _4779_/Q
 _4780_/Q
 _4781_/Q
 _4782_/Q
 _4783_/Q
 _4784_/Q
 _4785_/Q
 _4786_/Q
 _4787_/Q
 _4788_/Q
 _4789_/Q
 _4790_/Q
 _4791_/Q
 _4792_/Q
 _4793_/Q
 _4794_/Q
 _4795_/Q
 _4796_/Q
 _4797_/Q
 _4798_/Q
 _4799_/Q
 _4800_/Q
 _4801_/Q
 _4802_/Q
 _4803_/Q
 _4804_/Q
 _4805_/Q
 _4806_/Q
 _4807_/Q
 _4808_/Q
 _4809_/Q
 _4810_/Q
 _4811_/Q
 _4812_/Q
 _4813_/Q
 _4814_/Q
 _4815_/Q
 _4816_/Q
 _4817_/Q
 _4818_/Q
 _4819_/Q
 _4820_/Q
 _4821_/Q
 _4822_/Q
 _4823_/Q
 _4824_/Q
 _4825_/Q
 _4826_/Q
 _4827_/Q
 _4828_/Q
 _4829_/Q
 _4830_/Q
 _4831_/Q
 _4832_/Q
 _4833_/Q
 _4834_/Q
 _4835_/Q
 _4836_/Q
 _4837_/Q
 _4838_/Q
 _4839_/Q
 _4840_/Q
 _4841_/Q
 _4842_/Q
 _4843_/Q
 _4844_/Q
 _4845_/Q
 _4846_/Q
 _4847_/Q
 _4848_/Q
 _4849_/Q
 _4850_/Q
 _4851_/Q
 _4852_/Q
 _4853_/Q
 _4854_/Q
 _4855_/Q
 _4856_/Q
 _4857_/Q
 _4858_/Q
 _4859_/Q
 _4860_/Q
 _4861_/Q
 _4862_/Q
 _4863_/Q
 _4864_/Q
 _4865_/Q
 _4866_/Q
 _4867_/Q
 _4868_/Q
 _4869_/Q
 _4870_/Q
 _4871_/Q
 _4872_/Q
 _4873_/Q
 _4874_/Q
 _4875_/Q
 _4876_/Q
 _4877_/Q
 _4878_/Q
 _4879_/Q
 _4880_/Q
 _4881_/Q
 _4882_/Q
 _4883_/Q
 _4884_/Q
 _4885_/Q
 _4886_/Q
 _4887_/Q
 _4888_/Q
 _4889_/Q
 _4890_/Q
 _4891_/Q
 _4892_/Q
 _4893_/Q
 _4894_/Q
 _4895_/Q
 _4896_/Q
 _4897_/Q
 _4898_/Q
 _4899_/Q
 _4900_/Q
 _4901_/Q
 _4902_/Q
 _4903_/Q
 _4904_/Q
 _4905_/Q
 _4906_/Q
 _5303_/ZERO
 _5304_/ZERO
 _5305_/ZERO
 _5306_/ZERO
 _5307_/ZERO
 _5308_/ZERO
 _5309_/ZERO
 _5310_/ZERO
 _5311_/ZERO
 _5312_/ZERO
 _5313_/ZERO
 _5314_/ZERO
 _5315_/ZERO
 _5316_/ZERO
 _5317_/ZERO
 _5318_/ZERO
 _5319_/ZERO
 _5320_/ZERO
 _5321_/ZERO
 _5322_/ZERO
 _5323_/ZERO
 _5324_/ZERO
 _5325_/ZERO
 _5326_/ZERO
 _5327_/ZERO
 _5328_/ZERO
 _5329_/ZERO
 _5330_/ZERO
 _5331_/ZERO
 _5332_/ZERO
 _5333_/ZERO
 _5334_/ZERO
 _5335_/ZERO
 _5336_/ZERO
 _5337_/ZERO
 _5338_/ZERO
 _5339_/ZERO
 _5340_/ZERO
 _5341_/ZERO
 _5342_/ZERO
 _5343_/ZERO
 _5344_/ZERO
 _5345_/ZERO
 _5346_/ZERO
 _5347_/ZERO
 _5348_/ZERO
 _5349_/ZERO
 _5350_/ZERO
 _5351_/ZERO
 _5352_/ZERO
 _5353_/ZERO
 _5354_/ZERO
 _5355_/ZERO
 _5356_/ZERO
 _5357_/ZERO
 _5358_/ZERO
 _5359_/ZERO
 _5360_/ZERO
 _5361_/ZERO
 _5362_/ZERO
 _5363_/ZERO
 _5364_/ZERO
 _5365_/ZERO
 _5366_/ZERO
 _5367_/ZERO
 _5368_/ZERO
 _5369_/ZERO
 _5370_/ZERO
 _5371_/ZERO
 _5372_/ZERO
 _5373_/ZERO
 _5374_/ZERO
 _5375_/ZERO
 _5376_/ZERO
 _5377_/ZERO
 _5378_/ZERO
 _5379_/ZERO
 _5380_/ZERO
 _5381_/ZERO
 _5382_/ZERO
 _5383_/ZERO
 _5384_/ZERO
 _5385_/ZERO
 _5386_/ZERO
 _5387_/ZERO
 _5388_/ZERO
 _5389_/ZERO
 _5390_/ZERO
 _5391_/ZERO
 _5392_/ZERO
 _5393_/ZERO
 _5394_/ZERO
 _5395_/ZERO
 _5396_/ZERO
 _5397_/ZERO
 _5398_/ZERO
 _5399_/ZERO
 _5400_/ZERO
 _5401_/ZERO
 _5402_/ZERO
 _5403_/ZERO
 _5404_/ZERO
 _5405_/ZERO
 _5406_/ZERO
 _5407_/ZERO
 _5408_/ZERO
 _5409_/ZERO
 _5410_/ZERO
 _5411_/ZERO
 _5412_/ZERO
 _5413_/ZERO
 _5414_/ZERO
 _5415_/ZERO
 _5416_/ZERO
 _5417_/ZERO
 _5418_/ZERO
 _5419_/ZERO
 _5420_/ZERO
 _5421_/ZERO
 _5422_/ZERO
 _5423_/ZERO
 _5424_/ZERO
 _5425_/ZERO
 _5426_/ZERO
 _5427_/ZERO
 _5428_/ZERO
 _5429_/ZERO
 _5430_/ZERO
 _5431_/ZERO
 _5432_/ZERO
 _5433_/ZERO
 _5434_/ZERO
 _5435_/ZERO
 _5436_/ZERO
 _5437_/ZERO
 _5438_/ZERO
 _5478_/Y
 _5479_/Y
 _5480_/Y
 _5481_/Y
 _5482_/Y
 _5483_/Y
 _5484_/Y
 _5485_/Y

===========================================================================
max slew violation count 1637
Writing metric design__max_slew_violation__count__corner:nom_tt_025C_3v30: 1637
max fanout violation count 88
Writing metric design__max_fanout_violation__count__corner:nom_tt_025C_3v30: 88
max cap violation count 59
Writing metric design__max_cap_violation__count__corner:nom_tt_025C_3v30: 59
============================================================================

===========================================================================
check_setup -verbose -unconstrained_endpoints -multiple_clock -no_clock -no_input_delay -loops -generated_clocks
===========================================================================
