
 /----------------------------------------------------------------------------\
 |  yosys -- Yosys Open SYnthesis Suite                                       |
 |  Copyright (C) 2012 - 2026  Claire Xenia Wolf <claire@yosyshq.com>         |
 |  Distributed under an ISC-like license, type "license" to see terms        |
 \----------------------------------------------------------------------------/
 Yosys 0.62 (git sha1 7326bb7d6641500ecb285c291a54a662cb1e76cf, clang++ 21.1.2 -fPIC -O3)

1. Executing Liberty frontend: /home/etcfranc/NoCNoC/gf180mcu/gf180mcuD/libs.ref/gf180mcu_as_sc_mcu7t3v3/lib/gf180mcu_as_sc_mcu7t3v3__tt_025C_3v30.lib
Imported 66 cell types from liberty file.

2. Executing Liberty frontend: /home/etcfranc/NoCNoC/gf180mcu/gf180mcuD/libs.ref/gf180mcu_fd_io/lib/gf180mcu_fd_io__tt_025C_3v30.lib
Imported 15 cell types from liberty file.

3. Executing Liberty frontend: /home/etcfranc/NoCNoC/gf180mcu/gf180mcuD/libs.ref/gf180mcu_fd_io/lib/gf180mcu_ws_io__tt_025C_5v00.lib
Imported 2 cell types from liberty file.

4. Executing Verilog-2005 frontend: /home/etcfranc/NoCNoC/libs/gf180mcu_ocd_ip_sram/cells/gf180mcu_ocd_ip_sram__sram1024x8m8wm1/gf180mcu_ocd_ip_sram__sram1024x8m8wm1.blackbox.v
Parsing SystemVerilog input from `/home/etcfranc/NoCNoC/libs/gf180mcu_ocd_ip_sram/cells/gf180mcu_ocd_ip_sram__sram1024x8m8wm1/gf180mcu_ocd_ip_sram__sram1024x8m8wm1.blackbox.v' to AST representation.
Generating RTLIL representation for module `\gf180mcu_ocd_ip_sram__sram1024x8m8wm1'.
Successfully finished Verilog frontend.
[INFO] Using SDC file '/home/etcfranc/NoCNoC/librelane/noc_tile/runs/RUN_2026-05-08_18-38-35/06-yosys-synthesis/synthesis.abc.sdc' for ABC…wtaf

5. Executing Verilog-2005 frontend: /home/etcfranc/NoCNoC/src/mesh - Psi&Aan/mesh_tile.v
Parsing SystemVerilog input from `/home/etcfranc/NoCNoC/src/mesh - Psi&Aan/mesh_tile.v' to AST representation.
Storing AST representation for module `$abstract\mesh_tile'.
Successfully finished Verilog frontend.

6. Executing Verilog-2005 frontend: /home/etcfranc/NoCNoC/src/mesh - Psi&Aan/mesh_router.v
Parsing SystemVerilog input from `/home/etcfranc/NoCNoC/src/mesh - Psi&Aan/mesh_router.v' to AST representation.
Storing AST representation for module `$abstract\mesh_router'.
Successfully finished Verilog frontend.

7. Executing Verilog-2005 frontend: /home/etcfranc/NoCNoC/src/serv/rtl/serv_aligner.v
Parsing SystemVerilog input from `/home/etcfranc/NoCNoC/src/serv/rtl/serv_aligner.v' to AST representation.
Storing AST representation for module `$abstract\serv_aligner'.
Successfully finished Verilog frontend.

8. Executing Verilog-2005 frontend: /home/etcfranc/NoCNoC/src/serv/rtl/serv_alu.v
Parsing SystemVerilog input from `/home/etcfranc/NoCNoC/src/serv/rtl/serv_alu.v' to AST representation.
Storing AST representation for module `$abstract\serv_alu'.
Successfully finished Verilog frontend.

9. Executing Verilog-2005 frontend: /home/etcfranc/NoCNoC/src/serv/rtl/serv_bufreg.v
Parsing SystemVerilog input from `/home/etcfranc/NoCNoC/src/serv/rtl/serv_bufreg.v' to AST representation.
Storing AST representation for module `$abstract\serv_bufreg'.
Successfully finished Verilog frontend.

10. Executing Verilog-2005 frontend: /home/etcfranc/NoCNoC/src/serv/rtl/serv_bufreg2.v
Parsing SystemVerilog input from `/home/etcfranc/NoCNoC/src/serv/rtl/serv_bufreg2.v' to AST representation.
Storing AST representation for module `$abstract\serv_bufreg2'.
Successfully finished Verilog frontend.

11. Executing Verilog-2005 frontend: /home/etcfranc/NoCNoC/src/serv/rtl/serv_compdec.v
Parsing SystemVerilog input from `/home/etcfranc/NoCNoC/src/serv/rtl/serv_compdec.v' to AST representation.
Storing AST representation for module `$abstract\serv_compdec'.
Successfully finished Verilog frontend.

12. Executing Verilog-2005 frontend: /home/etcfranc/NoCNoC/src/serv/rtl/serv_csr.v
Parsing SystemVerilog input from `/home/etcfranc/NoCNoC/src/serv/rtl/serv_csr.v' to AST representation.
Storing AST representation for module `$abstract\serv_csr'.
Successfully finished Verilog frontend.

13. Executing Verilog-2005 frontend: /home/etcfranc/NoCNoC/src/serv/rtl/serv_ctrl.v
Parsing SystemVerilog input from `/home/etcfranc/NoCNoC/src/serv/rtl/serv_ctrl.v' to AST representation.
Storing AST representation for module `$abstract\serv_ctrl'.
Successfully finished Verilog frontend.

14. Executing Verilog-2005 frontend: /home/etcfranc/NoCNoC/src/serv/rtl/serv_debug.v
Parsing SystemVerilog input from `/home/etcfranc/NoCNoC/src/serv/rtl/serv_debug.v' to AST representation.
Storing AST representation for module `$abstract\serv_debug'.
Successfully finished Verilog frontend.

15. Executing Verilog-2005 frontend: /home/etcfranc/NoCNoC/src/serv/rtl/serv_decode.v
Parsing SystemVerilog input from `/home/etcfranc/NoCNoC/src/serv/rtl/serv_decode.v' to AST representation.
Storing AST representation for module `$abstract\serv_decode'.
Successfully finished Verilog frontend.

16. Executing Verilog-2005 frontend: /home/etcfranc/NoCNoC/src/serv/rtl/serv_immdec.v
Parsing SystemVerilog input from `/home/etcfranc/NoCNoC/src/serv/rtl/serv_immdec.v' to AST representation.
Storing AST representation for module `$abstract\serv_immdec'.
Successfully finished Verilog frontend.

17. Executing Verilog-2005 frontend: /home/etcfranc/NoCNoC/src/serv/rtl/serv_mem_if.v
Parsing SystemVerilog input from `/home/etcfranc/NoCNoC/src/serv/rtl/serv_mem_if.v' to AST representation.
Storing AST representation for module `$abstract\serv_mem_if'.
Successfully finished Verilog frontend.

18. Executing Verilog-2005 frontend: /home/etcfranc/NoCNoC/src/serv/rtl/serv_rf_if.v
Parsing SystemVerilog input from `/home/etcfranc/NoCNoC/src/serv/rtl/serv_rf_if.v' to AST representation.
Storing AST representation for module `$abstract\serv_rf_if'.
Successfully finished Verilog frontend.

19. Executing Verilog-2005 frontend: /home/etcfranc/NoCNoC/src/serv/rtl/serv_rf_ram.v
Parsing SystemVerilog input from `/home/etcfranc/NoCNoC/src/serv/rtl/serv_rf_ram.v' to AST representation.
Storing AST representation for module `$abstract\serv_rf_ram'.
Successfully finished Verilog frontend.

20. Executing Verilog-2005 frontend: /home/etcfranc/NoCNoC/src/serv/rtl/serv_rf_ram_if.v
Parsing SystemVerilog input from `/home/etcfranc/NoCNoC/src/serv/rtl/serv_rf_ram_if.v' to AST representation.
Storing AST representation for module `$abstract\serv_rf_ram_if'.
Successfully finished Verilog frontend.

21. Executing Verilog-2005 frontend: /home/etcfranc/NoCNoC/src/serv/rtl/serv_rf_top.v
Parsing SystemVerilog input from `/home/etcfranc/NoCNoC/src/serv/rtl/serv_rf_top.v' to AST representation.
Storing AST representation for module `$abstract\serv_rf_top'.
Successfully finished Verilog frontend.

22. Executing Verilog-2005 frontend: /home/etcfranc/NoCNoC/src/serv/rtl/serv_state.v
Parsing SystemVerilog input from `/home/etcfranc/NoCNoC/src/serv/rtl/serv_state.v' to AST representation.
Storing AST representation for module `$abstract\serv_state'.
Successfully finished Verilog frontend.

23. Executing Verilog-2005 frontend: /home/etcfranc/NoCNoC/src/serv/rtl/serv_synth_wrapper.v
Parsing SystemVerilog input from `/home/etcfranc/NoCNoC/src/serv/rtl/serv_synth_wrapper.v' to AST representation.
Storing AST representation for module `$abstract\serv_synth_wrapper'.
Successfully finished Verilog frontend.

24. Executing Verilog-2005 frontend: /home/etcfranc/NoCNoC/src/serv/rtl/serv_top.v
Parsing SystemVerilog input from `/home/etcfranc/NoCNoC/src/serv/rtl/serv_top.v' to AST representation.
Storing AST representation for module `$abstract\serv_top'.
Successfully finished Verilog frontend.

25. Executing Verilog-2005 frontend: /home/etcfranc/NoCNoC/src/serv/servile/servile.v
Parsing SystemVerilog input from `/home/etcfranc/NoCNoC/src/serv/servile/servile.v' to AST representation.
Storing AST representation for module `$abstract\servile'.
Successfully finished Verilog frontend.

26. Executing Verilog-2005 frontend: /home/etcfranc/NoCNoC/src/serv/servile/servile_arbiter.v
Parsing SystemVerilog input from `/home/etcfranc/NoCNoC/src/serv/servile/servile_arbiter.v' to AST representation.
Storing AST representation for module `$abstract\servile_arbiter'.
Successfully finished Verilog frontend.

27. Executing Verilog-2005 frontend: /home/etcfranc/NoCNoC/src/serv/servile/servile_mux.v
Parsing SystemVerilog input from `/home/etcfranc/NoCNoC/src/serv/servile/servile_mux.v' to AST representation.
Storing AST representation for module `$abstract\servile_mux'.
Successfully finished Verilog frontend.

28. Executing Verilog-2005 frontend: /home/etcfranc/NoCNoC/src/serv/servile/servile_rf_mem_if.v
Parsing SystemVerilog input from `/home/etcfranc/NoCNoC/src/serv/servile/servile_rf_mem_if.v' to AST representation.
Storing AST representation for module `$abstract\servile_rf_mem_if'.
Successfully finished Verilog frontend.

29. Executing Verilog-2005 frontend: /home/etcfranc/NoCNoC/src/subservient/rtl/sram2048x8_gf180.v
Parsing SystemVerilog input from `/home/etcfranc/NoCNoC/src/subservient/rtl/sram2048x8_gf180.v' to AST representation.
Storing AST representation for module `$abstract\sram2048x8_gf180'.
Successfully finished Verilog frontend.

30. Executing Verilog-2005 frontend: /home/etcfranc/NoCNoC/src/subservient/rtl/subservient_core.v
Parsing SystemVerilog input from `/home/etcfranc/NoCNoC/src/subservient/rtl/subservient_core.v' to AST representation.
Storing AST representation for module `$abstract\subservient_core'.
Successfully finished Verilog frontend.

31. Executing Verilog-2005 frontend: /home/etcfranc/NoCNoC/src/subservient/rtl/subservient_rf_ram_if.v
Parsing SystemVerilog input from `/home/etcfranc/NoCNoC/src/subservient/rtl/subservient_rf_ram_if.v' to AST representation.
Storing AST representation for module `$abstract\subservient_rf_ram_if'.
Successfully finished Verilog frontend.

32. Executing HIERARCHY pass (managing design hierarchy).

33. Executing AST frontend in derive mode using pre-parsed AST for module `\mesh_tile'.
Generating RTLIL representation for module `\mesh_tile'.

33.1. Analyzing design hierarchy..
Top module:  \mesh_tile
Parameter \MY_ID = 4'0000

33.2. Executing AST frontend in derive mode using pre-parsed AST for module `\mesh_router'.
Parameter \MY_ID = 4'0000
Generating RTLIL representation for module `$paramod\mesh_router\MY_ID=4'0000'.

33.3. Executing AST frontend in derive mode using pre-parsed AST for module `\sram2048x8_gf180'.
Generating RTLIL representation for module `\sram2048x8_gf180'.
Parameter \memsize = 2048

33.4. Executing AST frontend in derive mode using pre-parsed AST for module `\subservient_core'.
Parameter \memsize = 2048
Generating RTLIL representation for module `$paramod\subservient_core\memsize=s32'00000000000000000000100000000000'.

33.5. Analyzing design hierarchy..
Top module:  \mesh_tile
Used module:     $paramod\mesh_router\MY_ID=4'0000
Used module:     \sram2048x8_gf180
Used module:     $paramod\subservient_core\memsize=s32'00000000000000000000100000000000
Parameter \reset_strategy = 1296649801
Parameter \rf_width = 8
Parameter \with_csr = 1

33.6. Executing AST frontend in derive mode using pre-parsed AST for module `\servile'.
Parameter \reset_strategy = 1296649801
Parameter \rf_width = 8
Parameter \with_csr = 1
Generating RTLIL representation for module `$paramod$5d687c93bb8ae2c134ea134003a45acb1754b8ea\servile'.
Parameter \depth = 2048
Parameter \rf_regs = 36

33.7. Executing AST frontend in derive mode using pre-parsed AST for module `\servile_rf_mem_if'.
Parameter \depth = 2048
Parameter \rf_regs = 36
Generating RTLIL representation for module `$paramod$66c001530bf531c4d0ead1bd2714da422040d366\servile_rf_mem_if'.

33.8. Analyzing design hierarchy..
Top module:  \mesh_tile
Used module:     $paramod\mesh_router\MY_ID=4'0000
Used module:     \sram2048x8_gf180
Used module:     $paramod\subservient_core\memsize=s32'00000000000000000000100000000000
Used module:         $paramod$5d687c93bb8ae2c134ea134003a45acb1754b8ea\servile
Used module:         $paramod$66c001530bf531c4d0ead1bd2714da422040d366\servile_rf_mem_if
Parameter \WITH_CSR = 1
Parameter \W = 1
Parameter \PRE_REGISTER = 1'1
Parameter \RESET_STRATEGY = 1296649801
Parameter \RESET_PC = 0
Parameter \DEBUG = 1'0
Parameter \MDU = 1'0
Parameter \COMPRESSED = 1'0

33.9. Executing AST frontend in derive mode using pre-parsed AST for module `\serv_top'.
Parameter \WITH_CSR = 1
Parameter \W = 1
Parameter \PRE_REGISTER = 1'1
Parameter \RESET_STRATEGY = 1296649801
Parameter \RESET_PC = 0
Parameter \DEBUG = 1'0
Parameter \MDU = 1'0
Parameter \COMPRESSED = 1'0
Generating RTLIL representation for module `$paramod$71071d578d64cf2b9b55dab146290615dbda78fc\serv_top'.
Parameter \width = 8
Parameter \W = 1
Parameter \reset_strategy = 1296649801
Parameter \csr_regs = 4

33.10. Executing AST frontend in derive mode using pre-parsed AST for module `\serv_rf_ram_if'.
Parameter \width = 8
Parameter \W = 1
Parameter \reset_strategy = 1296649801
Parameter \csr_regs = 4
Generating RTLIL representation for module `$paramod$7dfcbd4a24f0bfdcc2f47551222fe0ba6c7d84ba\serv_rf_ram_if'.

33.11. Executing AST frontend in derive mode using pre-parsed AST for module `\servile_arbiter'.
Generating RTLIL representation for module `\servile_arbiter'.
Parameter \sim = 1'0

33.12. Executing AST frontend in derive mode using pre-parsed AST for module `\servile_mux'.
Parameter \sim = 1'0
Generating RTLIL representation for module `$paramod\servile_mux\sim=1'0'.

33.13. Analyzing design hierarchy..
Top module:  \mesh_tile
Used module:     $paramod\mesh_router\MY_ID=4'0000
Used module:     \sram2048x8_gf180
Used module:     $paramod\subservient_core\memsize=s32'00000000000000000000100000000000
Used module:         $paramod$5d687c93bb8ae2c134ea134003a45acb1754b8ea\servile
Used module:             $paramod$71071d578d64cf2b9b55dab146290615dbda78fc\serv_top
Used module:             $paramod$7dfcbd4a24f0bfdcc2f47551222fe0ba6c7d84ba\serv_rf_ram_if
Used module:             \servile_arbiter
Used module:             $paramod\servile_mux\sim=1'0
Used module:         $paramod$66c001530bf531c4d0ead1bd2714da422040d366\servile_rf_mem_if
Parameter \RESET_STRATEGY = 1296649801
Parameter \W = 1

33.14. Executing AST frontend in derive mode using pre-parsed AST for module `\serv_csr'.
Parameter \RESET_STRATEGY = 1296649801
Parameter \W = 1
Generating RTLIL representation for module `$paramod$3e7b4dd89124d05b1503dd2b902960520f2771f4\serv_csr'.
Parameter \WITH_CSR = 1'1
Parameter \W = 1

33.15. Executing AST frontend in derive mode using pre-parsed AST for module `\serv_mem_if'.
Parameter \WITH_CSR = 1'1
Parameter \W = 1
Generating RTLIL representation for module `$paramod\serv_mem_if\WITH_CSR=1'1\W=s32'00000000000000000000000000000001'.
Parameter \WITH_CSR = 1
Parameter \W = 1

33.16. Executing AST frontend in derive mode using pre-parsed AST for module `\serv_rf_if'.
Parameter \WITH_CSR = 1
Parameter \W = 1
Generating RTLIL representation for module `$paramod$e1f948ce0562a6173fd622abd894e278bdd3effe\serv_rf_if'.
Parameter \W = 1

33.17. Executing AST frontend in derive mode using pre-parsed AST for module `\serv_alu'.
Parameter \W = 1
Generating RTLIL representation for module `$paramod\serv_alu\W=s32'00000000000000000000000000000001'.
Parameter \RESET_STRATEGY = 1296649801
Parameter \RESET_PC = 0
Parameter \WITH_CSR = 1
Parameter \W = 1

33.18. Executing AST frontend in derive mode using pre-parsed AST for module `\serv_ctrl'.
Parameter \RESET_STRATEGY = 1296649801
Parameter \RESET_PC = 0
Parameter \WITH_CSR = 1
Parameter \W = 1
Generating RTLIL representation for module `$paramod$9612b4840d8ba9073515f47ec1c47f8b049edc33\serv_ctrl'.
Parameter \W = 1

33.19. Executing AST frontend in derive mode using pre-parsed AST for module `\serv_bufreg2'.
Parameter \W = 1
Generating RTLIL representation for module `$paramod\serv_bufreg2\W=s32'00000000000000000000000000000001'.
Parameter \MDU = 1'0
Parameter \W = 1

33.20. Executing AST frontend in derive mode using pre-parsed AST for module `\serv_bufreg'.
Parameter \MDU = 1'0
Parameter \W = 1
Generating RTLIL representation for module `$paramod\serv_bufreg\MDU=1'0\W=s32'00000000000000000000000000000001'.
Parameter \W = 1

33.21. Executing AST frontend in derive mode using pre-parsed AST for module `\serv_immdec'.
Parameter \W = 1
Generating RTLIL representation for module `$paramod\serv_immdec\W=s32'00000000000000000000000000000001'.
Parameter \PRE_REGISTER = 1'1
Parameter \MDU = 1'0

33.22. Executing AST frontend in derive mode using pre-parsed AST for module `\serv_decode'.
Parameter \PRE_REGISTER = 1'1
Parameter \MDU = 1'0
Generating RTLIL representation for module `$paramod\serv_decode\PRE_REGISTER=1'1\MDU=1'0'.
Parameter \RESET_STRATEGY = 1296649801
Parameter \WITH_CSR = 1'1
Parameter \ALIGN = 1'0
Parameter \MDU = 1'0
Parameter \W = 1

33.23. Executing AST frontend in derive mode using pre-parsed AST for module `\serv_state'.
Parameter \RESET_STRATEGY = 1296649801
Parameter \WITH_CSR = 1'1
Parameter \ALIGN = 1'0
Parameter \MDU = 1'0
Parameter \W = 1
Generating RTLIL representation for module `$paramod$f3cec78d1cfbbfc8778027792a43ce84e0717e5d\serv_state'.

33.24. Analyzing design hierarchy..
Top module:  \mesh_tile
Used module:     $paramod\mesh_router\MY_ID=4'0000
Used module:     \sram2048x8_gf180
Used module:     $paramod\subservient_core\memsize=s32'00000000000000000000100000000000
Used module:         $paramod$5d687c93bb8ae2c134ea134003a45acb1754b8ea\servile
Used module:             $paramod$71071d578d64cf2b9b55dab146290615dbda78fc\serv_top
Used module:                 $paramod$3e7b4dd89124d05b1503dd2b902960520f2771f4\serv_csr
Used module:                 $paramod\serv_mem_if\WITH_CSR=1'1\W=s32'00000000000000000000000000000001
Used module:                 $paramod$e1f948ce0562a6173fd622abd894e278bdd3effe\serv_rf_if
Used module:                 $paramod\serv_alu\W=s32'00000000000000000000000000000001
Used module:                 $paramod$9612b4840d8ba9073515f47ec1c47f8b049edc33\serv_ctrl
Used module:                 $paramod\serv_bufreg2\W=s32'00000000000000000000000000000001
Used module:                 $paramod\serv_bufreg\MDU=1'0\W=s32'00000000000000000000000000000001
Used module:                 $paramod\serv_immdec\W=s32'00000000000000000000000000000001
Used module:                 $paramod\serv_decode\PRE_REGISTER=1'1\MDU=1'0
Used module:                 $paramod$f3cec78d1cfbbfc8778027792a43ce84e0717e5d\serv_state
Used module:             $paramod$7dfcbd4a24f0bfdcc2f47551222fe0ba6c7d84ba\serv_rf_ram_if
Used module:             \servile_arbiter
Used module:             $paramod\servile_mux\sim=1'0
Used module:         $paramod$66c001530bf531c4d0ead1bd2714da422040d366\servile_rf_mem_if

33.25. Analyzing design hierarchy..
Top module:  \mesh_tile
Used module:     $paramod\mesh_router\MY_ID=4'0000
Used module:     \sram2048x8_gf180
Used module:     $paramod\subservient_core\memsize=s32'00000000000000000000100000000000
Used module:         $paramod$5d687c93bb8ae2c134ea134003a45acb1754b8ea\servile
Used module:             $paramod$71071d578d64cf2b9b55dab146290615dbda78fc\serv_top
Used module:                 $paramod$3e7b4dd89124d05b1503dd2b902960520f2771f4\serv_csr
Used module:                 $paramod\serv_mem_if\WITH_CSR=1'1\W=s32'00000000000000000000000000000001
Used module:                 $paramod$e1f948ce0562a6173fd622abd894e278bdd3effe\serv_rf_if
Used module:                 $paramod\serv_alu\W=s32'00000000000000000000000000000001
Used module:                 $paramod$9612b4840d8ba9073515f47ec1c47f8b049edc33\serv_ctrl
Used module:                 $paramod\serv_bufreg2\W=s32'00000000000000000000000000000001
Used module:                 $paramod\serv_bufreg\MDU=1'0\W=s32'00000000000000000000000000000001
Used module:                 $paramod\serv_immdec\W=s32'00000000000000000000000000000001
Used module:                 $paramod\serv_decode\PRE_REGISTER=1'1\MDU=1'0
Used module:                 $paramod$f3cec78d1cfbbfc8778027792a43ce84e0717e5d\serv_state
Used module:             $paramod$7dfcbd4a24f0bfdcc2f47551222fe0ba6c7d84ba\serv_rf_ram_if
Used module:             \servile_arbiter
Used module:             $paramod\servile_mux\sim=1'0
Used module:         $paramod$66c001530bf531c4d0ead1bd2714da422040d366\servile_rf_mem_if
Removing unused module `$abstract\subservient_rf_ram_if'.
Removing unused module `$abstract\subservient_core'.
Removing unused module `$abstract\sram2048x8_gf180'.
Removing unused module `$abstract\servile_rf_mem_if'.
Removing unused module `$abstract\servile_mux'.
Removing unused module `$abstract\servile_arbiter'.
Removing unused module `$abstract\servile'.
Removing unused module `$abstract\serv_top'.
Removing unused module `$abstract\serv_synth_wrapper'.
Removing unused module `$abstract\serv_state'.
Removing unused module `$abstract\serv_rf_top'.
Removing unused module `$abstract\serv_rf_ram_if'.
Removing unused module `$abstract\serv_rf_ram'.
Removing unused module `$abstract\serv_rf_if'.
Removing unused module `$abstract\serv_mem_if'.
Removing unused module `$abstract\serv_immdec'.
Removing unused module `$abstract\serv_decode'.
Removing unused module `$abstract\serv_debug'.
Removing unused module `$abstract\serv_ctrl'.
Removing unused module `$abstract\serv_csr'.
Removing unused module `$abstract\serv_compdec'.
Removing unused module `$abstract\serv_bufreg2'.
Removing unused module `$abstract\serv_bufreg'.
Removing unused module `$abstract\serv_alu'.
Removing unused module `$abstract\serv_aligner'.
Removing unused module `$abstract\mesh_router'.
Removing unused module `$abstract\mesh_tile'.
Removed 27 unused modules.
Renaming module mesh_tile to mesh_tile.

34. Executing ATTRMAP pass (move or copy attributes).

35. Executing HIERARCHY pass (managing design hierarchy).

35.1. Analyzing design hierarchy..
Top module:  \mesh_tile
Used module:     $paramod\mesh_router\MY_ID=4'0000
Used module:     \sram2048x8_gf180
Used module:     $paramod\subservient_core\memsize=s32'00000000000000000000100000000000
Used module:         $paramod$5d687c93bb8ae2c134ea134003a45acb1754b8ea\servile
Used module:             $paramod$71071d578d64cf2b9b55dab146290615dbda78fc\serv_top
Used module:                 $paramod$3e7b4dd89124d05b1503dd2b902960520f2771f4\serv_csr
Used module:                 $paramod\serv_mem_if\WITH_CSR=1'1\W=s32'00000000000000000000000000000001
Used module:                 $paramod$e1f948ce0562a6173fd622abd894e278bdd3effe\serv_rf_if
Used module:                 $paramod\serv_alu\W=s32'00000000000000000000000000000001
Used module:                 $paramod$9612b4840d8ba9073515f47ec1c47f8b049edc33\serv_ctrl
Used module:                 $paramod\serv_bufreg2\W=s32'00000000000000000000000000000001
Used module:                 $paramod\serv_bufreg\MDU=1'0\W=s32'00000000000000000000000000000001
Used module:                 $paramod\serv_immdec\W=s32'00000000000000000000000000000001
Used module:                 $paramod\serv_decode\PRE_REGISTER=1'1\MDU=1'0
Used module:                 $paramod$f3cec78d1cfbbfc8778027792a43ce84e0717e5d\serv_state
Used module:             $paramod$7dfcbd4a24f0bfdcc2f47551222fe0ba6c7d84ba\serv_rf_ram_if
Used module:             \servile_arbiter
Used module:             $paramod\servile_mux\sim=1'0
Used module:         $paramod$66c001530bf531c4d0ead1bd2714da422040d366\servile_rf_mem_if

35.2. Analyzing design hierarchy..
Top module:  \mesh_tile
Used module:     $paramod\mesh_router\MY_ID=4'0000
Used module:     \sram2048x8_gf180
Used module:     $paramod\subservient_core\memsize=s32'00000000000000000000100000000000
Used module:         $paramod$5d687c93bb8ae2c134ea134003a45acb1754b8ea\servile
Used module:             $paramod$71071d578d64cf2b9b55dab146290615dbda78fc\serv_top
Used module:                 $paramod$3e7b4dd89124d05b1503dd2b902960520f2771f4\serv_csr
Used module:                 $paramod\serv_mem_if\WITH_CSR=1'1\W=s32'00000000000000000000000000000001
Used module:                 $paramod$e1f948ce0562a6173fd622abd894e278bdd3effe\serv_rf_if
Used module:                 $paramod\serv_alu\W=s32'00000000000000000000000000000001
Used module:                 $paramod$9612b4840d8ba9073515f47ec1c47f8b049edc33\serv_ctrl
Used module:                 $paramod\serv_bufreg2\W=s32'00000000000000000000000000000001
Used module:                 $paramod\serv_bufreg\MDU=1'0\W=s32'00000000000000000000000000000001
Used module:                 $paramod\serv_immdec\W=s32'00000000000000000000000000000001
Used module:                 $paramod\serv_decode\PRE_REGISTER=1'1\MDU=1'0
Used module:                 $paramod$f3cec78d1cfbbfc8778027792a43ce84e0717e5d\serv_state
Used module:             $paramod$7dfcbd4a24f0bfdcc2f47551222fe0ba6c7d84ba\serv_rf_ram_if
Used module:             \servile_arbiter
Used module:             $paramod\servile_mux\sim=1'0
Used module:         $paramod$66c001530bf531c4d0ead1bd2714da422040d366\servile_rf_mem_if
Removed 0 unused modules.

36. Executing PROC_CLEAN pass (remove empty switches from decision trees).
Found and cleaned up 1 empty switch in `$paramod$3e7b4dd89124d05b1503dd2b902960520f2771f4\serv_csr.$proc$/home/etcfranc/NoCNoC/src/serv/rtl/serv_csr.v:98$524'.
Found and cleaned up 1 empty switch in `$paramod$7dfcbd4a24f0bfdcc2f47551222fe0ba6c7d84ba\serv_rf_ram_if.$proc$/home/etcfranc/NoCNoC/src/serv/rtl/serv_rf_ram_if.v:158$472'.
Found and cleaned up 1 empty switch in `$paramod$f3cec78d1cfbbfc8778027792a43ce84e0717e5d\serv_state.$proc$/home/etcfranc/NoCNoC/src/serv/rtl/serv_state.v:147$977'.
Found and cleaned up 1 empty switch in `$paramod$9612b4840d8ba9073515f47ec1c47f8b049edc33\serv_ctrl.$proc$/home/etcfranc/NoCNoC/src/serv/rtl/serv_ctrl.v:101$671'.
Removing empty process `$paramod$9612b4840d8ba9073515f47ec1c47f8b049edc33\serv_ctrl.$proc$/home/etcfranc/NoCNoC/src/serv/rtl/serv_ctrl.v:101$671'.
Found and cleaned up 1 empty switch in `$paramod$9612b4840d8ba9073515f47ec1c47f8b049edc33\serv_ctrl.$proc$/home/etcfranc/NoCNoC/src/serv/rtl/serv_ctrl.v:103$660'.
Cleaned up 5 empty switches.

37. Executing PROC_RMDEAD pass (remove dead branches from decision trees).
Marked 2 switch rules as full_case in process $proc$/home/etcfranc/NoCNoC/src/mesh$20-$20Psi&Aan/mesh_tile.v:123$9 in module mesh_tile.
Marked 1 switch rules as full_case in process $proc$/home/etcfranc/NoCNoC/src/mesh$20-$20Psi&Aan/mesh_tile.v:81$2 in module mesh_tile.
Marked 1 switch rules as full_case in process $proc$/home/etcfranc/NoCNoC/src/mesh$20-$20Psi&Aan/mesh_router.v:337$425 in module $paramod\mesh_router\MY_ID=4'0000.
Marked 162 switch rules as full_case in process $proc$/home/etcfranc/NoCNoC/src/mesh$20-$20Psi&Aan/mesh_router.v:286$109 in module $paramod\mesh_router\MY_ID=4'0000.
Marked 1 switch rules as full_case in process $proc$/home/etcfranc/NoCNoC/src/mesh$20-$20Psi&Aan/mesh_router.v:231$96 in module $paramod\mesh_router\MY_ID=4'0000.
Marked 3 switch rules as full_case in process $proc$/home/etcfranc/NoCNoC/src/mesh$20-$20Psi&Aan/mesh_router.v:166$68 in module $paramod\mesh_router\MY_ID=4'0000.
Marked 1 switch rules as full_case in process $proc$/home/etcfranc/NoCNoC/src/mesh$20-$20Psi&Aan/mesh_router.v:159$63 in module $paramod\mesh_router\MY_ID=4'0000.
Marked 1 switch rules as full_case in process $proc$/home/etcfranc/NoCNoC/src/mesh$20-$20Psi&Aan/mesh_router.v:88$54 in module $paramod\mesh_router\MY_ID=4'0000.
Removed a total of 0 dead cases.

38. Executing PROC_PRUNE pass (remove redundant assignments in processes).
Removed 14 redundant assignments.
Promoted 98 assignments to connections.

39. Executing PROC_INIT pass (extract init attributes).

40. Executing PROC_ARST pass (detect async resets in processes).
Found async reset \rst in `\mesh_tile.$proc$/home/etcfranc/NoCNoC/src/mesh$20-$20Psi&Aan/mesh_tile.v:81$2'.

41. Executing PROC_ROM pass (convert switches to ROMs).
Converted 0 switches.
<suppressed ~213 debug messages>

42. Executing PROC_MUX pass (convert decision trees to multiplexers).
Creating decoders for process `\mesh_tile.$proc$/home/etcfranc/NoCNoC/src/mesh$20-$20Psi&Aan/mesh_tile.v:123$9'.
     1/5: $0\nb_pop[0:0]
     2/5: $0\nb_wen[0:0]
     3/5: $0\nb_data_latch[7:0]
     4/5: $0\nb_addr_latch[10:0]
     5/5: $0\nb_state[1:0]
Creating decoders for process `\mesh_tile.$proc$/home/etcfranc/NoCNoC/src/mesh$20-$20Psi&Aan/mesh_tile.v:81$2'.
     1/1: $0\boot_mode_q[0:0]
Creating decoders for process `$paramod\serv_mem_if\WITH_CSR=1'1\W=s32'00000000000000000000000000000001.$proc$/home/etcfranc/NoCNoC/src/serv/rtl/serv_mem_if.v:47$586'.
     1/1: $0\signbit[0:0]
Creating decoders for process `$paramod$3e7b4dd89124d05b1503dd2b902960520f2771f4\serv_csr.$proc$/home/etcfranc/NoCNoC/src/serv/rtl/serv_csr.v:98$524'.
     1/10: $0\mcause3_0[3:0] [1]
     2/10: $0\mcause3_0[3:0] [0]
     3/10: $0\mcause3_0[3:0] [2]
     4/10: $0\mcause3_0[3:0] [3]
     5/10: $0\timer_irq_r[0:0]
     6/10: $0\mcause31[0:0]
     7/10: $0\mie_mtie[0:0]
     8/10: $0\mstatus_mpie[0:0]
     9/10: $0\mstatus_mie[0:0]
    10/10: $0\o_new_irq[0:0]
Creating decoders for process `$paramod\servile_mux\sim=1'0.$proc$/home/etcfranc/NoCNoC/src/serv/servile/servile_mux.v:96$501'.
Creating decoders for process `$paramod$7dfcbd4a24f0bfdcc2f47551222fe0ba6c7d84ba\serv_rf_ram_if.$proc$/home/etcfranc/NoCNoC/src/serv/rtl/serv_rf_ram_if.v:148$480'.
     1/1: $0\rdata1[6:0]
Creating decoders for process `$paramod$7dfcbd4a24f0bfdcc2f47551222fe0ba6c7d84ba\serv_rf_ram_if.$proc$/home/etcfranc/NoCNoC/src/serv/rtl/serv_rf_ram_if.v:81$477'.
Creating decoders for process `$paramod$7dfcbd4a24f0bfdcc2f47551222fe0ba6c7d84ba\serv_rf_ram_if.$proc$/home/etcfranc/NoCNoC/src/serv/rtl/serv_rf_ram_if.v:158$472'.
     1/5: $0\rdata0[7:0]
     2/5: $0\rgnt[0:0]
     3/5: $0\rreq_r[0:0]
     4/5: $0\rcnt[4:0]
     5/5: $0\rgate[0:0]
Creating decoders for process `$paramod$7dfcbd4a24f0bfdcc2f47551222fe0ba6c7d84ba\serv_rf_ram_if.$proc$/home/etcfranc/NoCNoC/src/serv/rtl/serv_rf_ram_if.v:102$468'.
     1/2: $0\wen1_r[0:0]
     2/2: $0\wen0_r[0:0]
Creating decoders for process `$paramod$66c001530bf531c4d0ead1bd2714da422040d366\servile_rf_mem_if.$proc$/home/etcfranc/NoCNoC/src/serv/servile/servile_rf_mem_if.v:61$450'.
     1/5: $0\wb_rdt[23:0] [23:16]
     2/5: $0\wb_rdt[23:0] [15:8]
     3/5: $0\wb_rdt[23:0] [7:0]
     4/5: $0\o_wb_ack[0:0]
     5/5: $0\bsel[1:0]
Creating decoders for process `\sram2048x8_gf180.$proc$/home/etcfranc/NoCNoC/src/subservient/rtl/sram2048x8_gf180.v:92$429'.
     1/1: $0\bank_sel_q[0:0]
Creating decoders for process `$paramod\mesh_router\MY_ID=4'0000.$proc$/home/etcfranc/NoCNoC/src/mesh$20-$20Psi&Aan/mesh_router.v:337$425'.
     1/8: $0\se_out[33:0]
     2/8: $0\sw_out[33:0]
     3/8: $0\nw_out[33:0]
     4/8: $0\ne_out[33:0]
     5/8: $0\w_out[33:0]
     6/8: $0\e_out[33:0]
     7/8: $0\s_out[33:0]
     8/8: $0\n_out[33:0]
Creating decoders for process `$paramod\mesh_router\MY_ID=4'0000.$proc$/home/etcfranc/NoCNoC/src/mesh$20-$20Psi&Aan/mesh_router.v:286$109'.
     1/585: $90\next_w[33:0]
     2/585: $90\next_e[33:0]
     3/585: $89\next_e[33:0]
     4/585: $89\next_w[33:0]
     5/585: $81\next_n[33:0]
     6/585: $80\next_n[33:0]
     7/585: $88\next_w[33:0]
     8/585: $88\next_e[33:0]
     9/585: $72\next_s[33:0]
    10/585: $71\next_s[33:0]
    11/585: $87\next_w[33:0]
    12/585: $87\next_e[33:0]
    13/585: $79\next_n[33:0]
    14/585: $63\next_nw[33:0]
    15/585: $62\next_nw[33:0]
    16/585: $86\next_w[33:0]
    17/585: $86\next_e[33:0]
    18/585: $70\next_s[33:0]
    19/585: $78\next_n[33:0]
    20/585: $54\next_ne[33:0]
    21/585: $53\next_ne[33:0]
    22/585: $61\next_nw[33:0]
    23/585: $85\next_w[33:0]
    24/585: $85\next_e[33:0]
    25/585: $69\next_s[33:0]
    26/585: $77\next_n[33:0]
    27/585: $45\next_sw[33:0]
    28/585: $44\next_sw[33:0]
    29/585: $60\next_nw[33:0]
    30/585: $52\next_ne[33:0]
    31/585: $84\next_w[33:0]
    32/585: $84\next_e[33:0]
    33/585: $68\next_s[33:0]
    34/585: $76\next_n[33:0]
    35/585: $36\next_se[33:0]
    36/585: $35\next_se[33:0]
    37/585: $43\next_sw[33:0]
    38/585: $59\next_nw[33:0]
    39/585: $51\next_ne[33:0]
    40/585: $83\next_w[33:0]
    41/585: $83\next_e[33:0]
    42/585: $67\next_s[33:0]
    43/585: $75\next_n[33:0]
    44/585: $27\next_eject[33:0]
    45/585: $26\next_eject[33:0]
    46/585: $42\next_sw[33:0]
    47/585: $34\next_se[33:0]
    48/585: $58\next_nw[33:0]
    49/585: $50\next_ne[33:0]
    50/585: $82\next_w[33:0]
    51/585: $82\next_e[33:0]
    52/585: $66\next_s[33:0]
    53/585: $74\next_n[33:0]
    54/585: $25\next_eject[33:0]
    55/585: $41\next_sw[33:0]
    56/585: $33\next_se[33:0]
    57/585: $57\next_nw[33:0]
    58/585: $49\next_ne[33:0]
    59/585: $81\next_w[33:0]
    60/585: $81\next_e[33:0]
    61/585: $65\next_s[33:0]
    62/585: $73\next_n[33:0]
    63/585: $1\route_one$func$/home/etcfranc/NoCNoC/src/mesh$20-$20Psi&Aan/mesh_router.v:298$45.tgt_col[1:0]$395
    64/585: $1\route_one$func$/home/etcfranc/NoCNoC/src/mesh$20-$20Psi&Aan/mesh_router.v:298$45.tgt_row[1:0]$394
    65/585: $1\route_one$func$/home/etcfranc/NoCNoC/src/mesh$20-$20Psi&Aan/mesh_router.v:298$45.flit[33:0]$393
    66/585: $80\next_w[33:0]
    67/585: $80\next_e[33:0]
    68/585: $79\next_e[33:0]
    69/585: $79\next_w[33:0]
    70/585: $72\next_n[33:0]
    71/585: $71\next_n[33:0]
    72/585: $78\next_w[33:0]
    73/585: $78\next_e[33:0]
    74/585: $64\next_s[33:0]
    75/585: $63\next_s[33:0]
    76/585: $77\next_w[33:0]
    77/585: $77\next_e[33:0]
    78/585: $70\next_n[33:0]
    79/585: $56\next_nw[33:0]
    80/585: $55\next_nw[33:0]
    81/585: $76\next_w[33:0]
    82/585: $76\next_e[33:0]
    83/585: $62\next_s[33:0]
    84/585: $69\next_n[33:0]
    85/585: $48\next_ne[33:0]
    86/585: $47\next_ne[33:0]
    87/585: $54\next_nw[33:0]
    88/585: $75\next_w[33:0]
    89/585: $75\next_e[33:0]
    90/585: $61\next_s[33:0]
    91/585: $68\next_n[33:0]
    92/585: $40\next_sw[33:0]
    93/585: $39\next_sw[33:0]
    94/585: $53\next_nw[33:0]
    95/585: $46\next_ne[33:0]
    96/585: $74\next_w[33:0]
    97/585: $74\next_e[33:0]
    98/585: $60\next_s[33:0]
    99/585: $67\next_n[33:0]
   100/585: $32\next_se[33:0]
   101/585: $31\next_se[33:0]
   102/585: $38\next_sw[33:0]
   103/585: $52\next_nw[33:0]
   104/585: $45\next_ne[33:0]
   105/585: $73\next_w[33:0]
   106/585: $73\next_e[33:0]
   107/585: $59\next_s[33:0]
   108/585: $66\next_n[33:0]
   109/585: $24\next_eject[33:0]
   110/585: $23\next_eject[33:0]
   111/585: $37\next_sw[33:0]
   112/585: $30\next_se[33:0]
   113/585: $51\next_nw[33:0]
   114/585: $44\next_ne[33:0]
   115/585: $72\next_w[33:0]
   116/585: $72\next_e[33:0]
   117/585: $58\next_s[33:0]
   118/585: $65\next_n[33:0]
   119/585: $22\next_eject[33:0]
   120/585: $36\next_sw[33:0]
   121/585: $29\next_se[33:0]
   122/585: $50\next_nw[33:0]
   123/585: $43\next_ne[33:0]
   124/585: $71\next_w[33:0]
   125/585: $71\next_e[33:0]
   126/585: $57\next_s[33:0]
   127/585: $64\next_n[33:0]
   128/585: $1\route_one$func$/home/etcfranc/NoCNoC/src/mesh$20-$20Psi&Aan/mesh_router.v:297$44.tgt_col[1:0]$363
   129/585: $1\route_one$func$/home/etcfranc/NoCNoC/src/mesh$20-$20Psi&Aan/mesh_router.v:297$44.tgt_row[1:0]$362
   130/585: $1\route_one$func$/home/etcfranc/NoCNoC/src/mesh$20-$20Psi&Aan/mesh_router.v:297$44.flit[33:0]$361
   131/585: $70\next_w[33:0]
   132/585: $70\next_e[33:0]
   133/585: $69\next_e[33:0]
   134/585: $69\next_w[33:0]
   135/585: $63\next_n[33:0]
   136/585: $62\next_n[33:0]
   137/585: $68\next_w[33:0]
   138/585: $68\next_e[33:0]
   139/585: $56\next_s[33:0]
   140/585: $55\next_s[33:0]
   141/585: $67\next_w[33:0]
   142/585: $67\next_e[33:0]
   143/585: $61\next_n[33:0]
   144/585: $49\next_nw[33:0]
   145/585: $48\next_nw[33:0]
   146/585: $66\next_w[33:0]
   147/585: $66\next_e[33:0]
   148/585: $54\next_s[33:0]
   149/585: $60\next_n[33:0]
   150/585: $42\next_ne[33:0]
   151/585: $41\next_ne[33:0]
   152/585: $47\next_nw[33:0]
   153/585: $65\next_w[33:0]
   154/585: $65\next_e[33:0]
   155/585: $53\next_s[33:0]
   156/585: $59\next_n[33:0]
   157/585: $35\next_sw[33:0]
   158/585: $34\next_sw[33:0]
   159/585: $46\next_nw[33:0]
   160/585: $40\next_ne[33:0]
   161/585: $64\next_w[33:0]
   162/585: $64\next_e[33:0]
   163/585: $52\next_s[33:0]
   164/585: $58\next_n[33:0]
   165/585: $28\next_se[33:0]
   166/585: $27\next_se[33:0]
   167/585: $33\next_sw[33:0]
   168/585: $45\next_nw[33:0]
   169/585: $39\next_ne[33:0]
   170/585: $63\next_w[33:0]
   171/585: $63\next_e[33:0]
   172/585: $51\next_s[33:0]
   173/585: $57\next_n[33:0]
   174/585: $21\next_eject[33:0]
   175/585: $20\next_eject[33:0]
   176/585: $32\next_sw[33:0]
   177/585: $26\next_se[33:0]
   178/585: $44\next_nw[33:0]
   179/585: $38\next_ne[33:0]
   180/585: $62\next_w[33:0]
   181/585: $62\next_e[33:0]
   182/585: $50\next_s[33:0]
   183/585: $56\next_n[33:0]
   184/585: $19\next_eject[33:0]
   185/585: $31\next_sw[33:0]
   186/585: $25\next_se[33:0]
   187/585: $43\next_nw[33:0]
   188/585: $37\next_ne[33:0]
   189/585: $61\next_w[33:0]
   190/585: $61\next_e[33:0]
   191/585: $49\next_s[33:0]
   192/585: $55\next_n[33:0]
   193/585: $1\route_one$func$/home/etcfranc/NoCNoC/src/mesh$20-$20Psi&Aan/mesh_router.v:296$43.tgt_col[1:0]$331
   194/585: $1\route_one$func$/home/etcfranc/NoCNoC/src/mesh$20-$20Psi&Aan/mesh_router.v:296$43.tgt_row[1:0]$330
   195/585: $1\route_one$func$/home/etcfranc/NoCNoC/src/mesh$20-$20Psi&Aan/mesh_router.v:296$43.flit[33:0]$329
   196/585: $60\next_w[33:0]
   197/585: $60\next_e[33:0]
   198/585: $59\next_e[33:0]
   199/585: $59\next_w[33:0]
   200/585: $54\next_n[33:0]
   201/585: $53\next_n[33:0]
   202/585: $58\next_w[33:0]
   203/585: $58\next_e[33:0]
   204/585: $48\next_s[33:0]
   205/585: $47\next_s[33:0]
   206/585: $57\next_w[33:0]
   207/585: $57\next_e[33:0]
   208/585: $52\next_n[33:0]
   209/585: $42\next_nw[33:0]
   210/585: $41\next_nw[33:0]
   211/585: $56\next_w[33:0]
   212/585: $56\next_e[33:0]
   213/585: $46\next_s[33:0]
   214/585: $51\next_n[33:0]
   215/585: $36\next_ne[33:0]
   216/585: $35\next_ne[33:0]
   217/585: $40\next_nw[33:0]
   218/585: $55\next_w[33:0]
   219/585: $55\next_e[33:0]
   220/585: $45\next_s[33:0]
   221/585: $50\next_n[33:0]
   222/585: $30\next_sw[33:0]
   223/585: $29\next_sw[33:0]
   224/585: $39\next_nw[33:0]
   225/585: $34\next_ne[33:0]
   226/585: $54\next_w[33:0]
   227/585: $54\next_e[33:0]
   228/585: $44\next_s[33:0]
   229/585: $49\next_n[33:0]
   230/585: $24\next_se[33:0]
   231/585: $23\next_se[33:0]
   232/585: $28\next_sw[33:0]
   233/585: $38\next_nw[33:0]
   234/585: $33\next_ne[33:0]
   235/585: $53\next_w[33:0]
   236/585: $53\next_e[33:0]
   237/585: $43\next_s[33:0]
   238/585: $48\next_n[33:0]
   239/585: $18\next_eject[33:0]
   240/585: $17\next_eject[33:0]
   241/585: $27\next_sw[33:0]
   242/585: $22\next_se[33:0]
   243/585: $37\next_nw[33:0]
   244/585: $32\next_ne[33:0]
   245/585: $52\next_w[33:0]
   246/585: $52\next_e[33:0]
   247/585: $42\next_s[33:0]
   248/585: $47\next_n[33:0]
   249/585: $16\next_eject[33:0]
   250/585: $26\next_sw[33:0]
   251/585: $21\next_se[33:0]
   252/585: $36\next_nw[33:0]
   253/585: $31\next_ne[33:0]
   254/585: $51\next_w[33:0]
   255/585: $51\next_e[33:0]
   256/585: $41\next_s[33:0]
   257/585: $46\next_n[33:0]
   258/585: $1\route_one$func$/home/etcfranc/NoCNoC/src/mesh$20-$20Psi&Aan/mesh_router.v:295$42.tgt_col[1:0]$299
   259/585: $1\route_one$func$/home/etcfranc/NoCNoC/src/mesh$20-$20Psi&Aan/mesh_router.v:295$42.tgt_row[1:0]$298
   260/585: $1\route_one$func$/home/etcfranc/NoCNoC/src/mesh$20-$20Psi&Aan/mesh_router.v:295$42.flit[33:0]$297
   261/585: $50\next_w[33:0]
   262/585: $50\next_e[33:0]
   263/585: $49\next_e[33:0]
   264/585: $49\next_w[33:0]
   265/585: $45\next_n[33:0]
   266/585: $44\next_n[33:0]
   267/585: $48\next_w[33:0]
   268/585: $48\next_e[33:0]
   269/585: $40\next_s[33:0]
   270/585: $39\next_s[33:0]
   271/585: $47\next_w[33:0]
   272/585: $47\next_e[33:0]
   273/585: $43\next_n[33:0]
   274/585: $35\next_nw[33:0]
   275/585: $34\next_nw[33:0]
   276/585: $46\next_w[33:0]
   277/585: $46\next_e[33:0]
   278/585: $38\next_s[33:0]
   279/585: $42\next_n[33:0]
   280/585: $30\next_ne[33:0]
   281/585: $29\next_ne[33:0]
   282/585: $33\next_nw[33:0]
   283/585: $45\next_w[33:0]
   284/585: $45\next_e[33:0]
   285/585: $37\next_s[33:0]
   286/585: $41\next_n[33:0]
   287/585: $25\next_sw[33:0]
   288/585: $24\next_sw[33:0]
   289/585: $32\next_nw[33:0]
   290/585: $28\next_ne[33:0]
   291/585: $44\next_w[33:0]
   292/585: $44\next_e[33:0]
   293/585: $36\next_s[33:0]
   294/585: $40\next_n[33:0]
   295/585: $20\next_se[33:0]
   296/585: $19\next_se[33:0]
   297/585: $23\next_sw[33:0]
   298/585: $31\next_nw[33:0]
   299/585: $27\next_ne[33:0]
   300/585: $43\next_w[33:0]
   301/585: $43\next_e[33:0]
   302/585: $35\next_s[33:0]
   303/585: $39\next_n[33:0]
   304/585: $15\next_eject[33:0]
   305/585: $14\next_eject[33:0]
   306/585: $22\next_sw[33:0]
   307/585: $18\next_se[33:0]
   308/585: $30\next_nw[33:0]
   309/585: $26\next_ne[33:0]
   310/585: $42\next_w[33:0]
   311/585: $42\next_e[33:0]
   312/585: $34\next_s[33:0]
   313/585: $38\next_n[33:0]
   314/585: $13\next_eject[33:0]
   315/585: $21\next_sw[33:0]
   316/585: $17\next_se[33:0]
   317/585: $29\next_nw[33:0]
   318/585: $25\next_ne[33:0]
   319/585: $41\next_w[33:0]
   320/585: $41\next_e[33:0]
   321/585: $33\next_s[33:0]
   322/585: $37\next_n[33:0]
   323/585: $1\route_one$func$/home/etcfranc/NoCNoC/src/mesh$20-$20Psi&Aan/mesh_router.v:294$41.tgt_col[1:0]$267
   324/585: $1\route_one$func$/home/etcfranc/NoCNoC/src/mesh$20-$20Psi&Aan/mesh_router.v:294$41.tgt_row[1:0]$266
   325/585: $1\route_one$func$/home/etcfranc/NoCNoC/src/mesh$20-$20Psi&Aan/mesh_router.v:294$41.flit[33:0]$265
   326/585: $40\next_w[33:0]
   327/585: $40\next_e[33:0]
   328/585: $39\next_e[33:0]
   329/585: $39\next_w[33:0]
   330/585: $36\next_n[33:0]
   331/585: $35\next_n[33:0]
   332/585: $38\next_w[33:0]
   333/585: $38\next_e[33:0]
   334/585: $32\next_s[33:0]
   335/585: $31\next_s[33:0]
   336/585: $37\next_w[33:0]
   337/585: $37\next_e[33:0]
   338/585: $34\next_n[33:0]
   339/585: $28\next_nw[33:0]
   340/585: $27\next_nw[33:0]
   341/585: $36\next_w[33:0]
   342/585: $36\next_e[33:0]
   343/585: $30\next_s[33:0]
   344/585: $33\next_n[33:0]
   345/585: $24\next_ne[33:0]
   346/585: $23\next_ne[33:0]
   347/585: $26\next_nw[33:0]
   348/585: $35\next_w[33:0]
   349/585: $35\next_e[33:0]
   350/585: $29\next_s[33:0]
   351/585: $32\next_n[33:0]
   352/585: $20\next_sw[33:0]
   353/585: $19\next_sw[33:0]
   354/585: $25\next_nw[33:0]
   355/585: $22\next_ne[33:0]
   356/585: $34\next_w[33:0]
   357/585: $34\next_e[33:0]
   358/585: $28\next_s[33:0]
   359/585: $31\next_n[33:0]
   360/585: $16\next_se[33:0]
   361/585: $15\next_se[33:0]
   362/585: $18\next_sw[33:0]
   363/585: $24\next_nw[33:0]
   364/585: $21\next_ne[33:0]
   365/585: $33\next_w[33:0]
   366/585: $33\next_e[33:0]
   367/585: $27\next_s[33:0]
   368/585: $30\next_n[33:0]
   369/585: $12\next_eject[33:0]
   370/585: $11\next_eject[33:0]
   371/585: $17\next_sw[33:0]
   372/585: $14\next_se[33:0]
   373/585: $23\next_nw[33:0]
   374/585: $20\next_ne[33:0]
   375/585: $32\next_w[33:0]
   376/585: $32\next_e[33:0]
   377/585: $26\next_s[33:0]
   378/585: $29\next_n[33:0]
   379/585: $10\next_eject[33:0]
   380/585: $16\next_sw[33:0]
   381/585: $13\next_se[33:0]
   382/585: $22\next_nw[33:0]
   383/585: $19\next_ne[33:0]
   384/585: $31\next_w[33:0]
   385/585: $31\next_e[33:0]
   386/585: $25\next_s[33:0]
   387/585: $28\next_n[33:0]
   388/585: $1\route_one$func$/home/etcfranc/NoCNoC/src/mesh$20-$20Psi&Aan/mesh_router.v:293$40.tgt_col[1:0]$235
   389/585: $1\route_one$func$/home/etcfranc/NoCNoC/src/mesh$20-$20Psi&Aan/mesh_router.v:293$40.tgt_row[1:0]$234
   390/585: $1\route_one$func$/home/etcfranc/NoCNoC/src/mesh$20-$20Psi&Aan/mesh_router.v:293$40.flit[33:0]$233
   391/585: $30\next_w[33:0]
   392/585: $30\next_e[33:0]
   393/585: $29\next_e[33:0]
   394/585: $29\next_w[33:0]
   395/585: $27\next_n[33:0]
   396/585: $26\next_n[33:0]
   397/585: $28\next_w[33:0]
   398/585: $28\next_e[33:0]
   399/585: $24\next_s[33:0]
   400/585: $23\next_s[33:0]
   401/585: $27\next_w[33:0]
   402/585: $27\next_e[33:0]
   403/585: $25\next_n[33:0]
   404/585: $21\next_nw[33:0]
   405/585: $20\next_nw[33:0]
   406/585: $26\next_w[33:0]
   407/585: $26\next_e[33:0]
   408/585: $22\next_s[33:0]
   409/585: $24\next_n[33:0]
   410/585: $18\next_ne[33:0]
   411/585: $17\next_ne[33:0]
   412/585: $19\next_nw[33:0]
   413/585: $25\next_w[33:0]
   414/585: $25\next_e[33:0]
   415/585: $21\next_s[33:0]
   416/585: $23\next_n[33:0]
   417/585: $15\next_sw[33:0]
   418/585: $14\next_sw[33:0]
   419/585: $18\next_nw[33:0]
   420/585: $16\next_ne[33:0]
   421/585: $24\next_w[33:0]
   422/585: $24\next_e[33:0]
   423/585: $20\next_s[33:0]
   424/585: $22\next_n[33:0]
   425/585: $12\next_se[33:0]
   426/585: $11\next_se[33:0]
   427/585: $13\next_sw[33:0]
   428/585: $17\next_nw[33:0]
   429/585: $15\next_ne[33:0]
   430/585: $23\next_w[33:0]
   431/585: $23\next_e[33:0]
   432/585: $19\next_s[33:0]
   433/585: $21\next_n[33:0]
   434/585: $9\next_eject[33:0]
   435/585: $8\next_eject[33:0]
   436/585: $12\next_sw[33:0]
   437/585: $10\next_se[33:0]
   438/585: $16\next_nw[33:0]
   439/585: $14\next_ne[33:0]
   440/585: $22\next_w[33:0]
   441/585: $22\next_e[33:0]
   442/585: $18\next_s[33:0]
   443/585: $20\next_n[33:0]
   444/585: $7\next_eject[33:0]
   445/585: $11\next_sw[33:0]
   446/585: $9\next_se[33:0]
   447/585: $15\next_nw[33:0]
   448/585: $13\next_ne[33:0]
   449/585: $21\next_w[33:0]
   450/585: $21\next_e[33:0]
   451/585: $17\next_s[33:0]
   452/585: $19\next_n[33:0]
   453/585: $1\route_one$func$/home/etcfranc/NoCNoC/src/mesh$20-$20Psi&Aan/mesh_router.v:292$39.tgt_col[1:0]$203
   454/585: $1\route_one$func$/home/etcfranc/NoCNoC/src/mesh$20-$20Psi&Aan/mesh_router.v:292$39.tgt_row[1:0]$202
   455/585: $1\route_one$func$/home/etcfranc/NoCNoC/src/mesh$20-$20Psi&Aan/mesh_router.v:292$39.flit[33:0]$201
   456/585: $20\next_w[33:0]
   457/585: $20\next_e[33:0]
   458/585: $19\next_e[33:0]
   459/585: $19\next_w[33:0]
   460/585: $18\next_n[33:0]
   461/585: $17\next_n[33:0]
   462/585: $18\next_w[33:0]
   463/585: $18\next_e[33:0]
   464/585: $16\next_s[33:0]
   465/585: $15\next_s[33:0]
   466/585: $17\next_w[33:0]
   467/585: $17\next_e[33:0]
   468/585: $16\next_n[33:0]
   469/585: $14\next_nw[33:0]
   470/585: $13\next_nw[33:0]
   471/585: $16\next_w[33:0]
   472/585: $16\next_e[33:0]
   473/585: $14\next_s[33:0]
   474/585: $15\next_n[33:0]
   475/585: $12\next_ne[33:0]
   476/585: $11\next_ne[33:0]
   477/585: $12\next_nw[33:0]
   478/585: $15\next_w[33:0]
   479/585: $15\next_e[33:0]
   480/585: $13\next_s[33:0]
   481/585: $14\next_n[33:0]
   482/585: $10\next_sw[33:0]
   483/585: $9\next_sw[33:0]
   484/585: $11\next_nw[33:0]
   485/585: $10\next_ne[33:0]
   486/585: $14\next_w[33:0]
   487/585: $14\next_e[33:0]
   488/585: $12\next_s[33:0]
   489/585: $13\next_n[33:0]
   490/585: $8\next_se[33:0]
   491/585: $7\next_se[33:0]
   492/585: $8\next_sw[33:0]
   493/585: $10\next_nw[33:0]
   494/585: $9\next_ne[33:0]
   495/585: $13\next_w[33:0]
   496/585: $13\next_e[33:0]
   497/585: $11\next_s[33:0]
   498/585: $12\next_n[33:0]
   499/585: $6\next_eject[33:0]
   500/585: $5\next_eject[33:0]
   501/585: $7\next_sw[33:0]
   502/585: $6\next_se[33:0]
   503/585: $9\next_nw[33:0]
   504/585: $8\next_ne[33:0]
   505/585: $12\next_w[33:0]
   506/585: $12\next_e[33:0]
   507/585: $10\next_s[33:0]
   508/585: $11\next_n[33:0]
   509/585: $4\next_eject[33:0]
   510/585: $6\next_sw[33:0]
   511/585: $5\next_se[33:0]
   512/585: $8\next_nw[33:0]
   513/585: $7\next_ne[33:0]
   514/585: $11\next_w[33:0]
   515/585: $11\next_e[33:0]
   516/585: $9\next_s[33:0]
   517/585: $10\next_n[33:0]
   518/585: $1\route_one$func$/home/etcfranc/NoCNoC/src/mesh$20-$20Psi&Aan/mesh_router.v:291$38.tgt_col[1:0]$171
   519/585: $1\route_one$func$/home/etcfranc/NoCNoC/src/mesh$20-$20Psi&Aan/mesh_router.v:291$38.tgt_row[1:0]$170
   520/585: $1\route_one$func$/home/etcfranc/NoCNoC/src/mesh$20-$20Psi&Aan/mesh_router.v:291$38.flit[33:0]$169
   521/585: $10\next_w[33:0]
   522/585: $10\next_e[33:0]
   523/585: $9\next_e[33:0]
   524/585: $9\next_w[33:0]
   525/585: $9\next_n[33:0]
   526/585: $8\next_n[33:0]
   527/585: $8\next_w[33:0]
   528/585: $8\next_e[33:0]
   529/585: $8\next_s[33:0]
   530/585: $7\next_s[33:0]
   531/585: $7\next_w[33:0]
   532/585: $7\next_e[33:0]
   533/585: $7\next_n[33:0]
   534/585: $7\next_nw[33:0]
   535/585: $6\next_nw[33:0]
   536/585: $6\next_w[33:0]
   537/585: $6\next_e[33:0]
   538/585: $6\next_s[33:0]
   539/585: $6\next_n[33:0]
   540/585: $6\next_ne[33:0]
   541/585: $5\next_ne[33:0]
   542/585: $5\next_nw[33:0]
   543/585: $5\next_w[33:0]
   544/585: $5\next_e[33:0]
   545/585: $5\next_s[33:0]
   546/585: $5\next_n[33:0]
   547/585: $5\next_sw[33:0]
   548/585: $4\next_sw[33:0]
   549/585: $4\next_nw[33:0]
   550/585: $4\next_ne[33:0]
   551/585: $4\next_w[33:0]
   552/585: $4\next_e[33:0]
   553/585: $4\next_s[33:0]
   554/585: $4\next_n[33:0]
   555/585: $4\next_se[33:0]
   556/585: $3\next_se[33:0]
   557/585: $3\next_sw[33:0]
   558/585: $3\next_nw[33:0]
   559/585: $3\next_ne[33:0]
   560/585: $3\next_w[33:0]
   561/585: $3\next_e[33:0]
   562/585: $3\next_s[33:0]
   563/585: $3\next_n[33:0]
   564/585: $3\next_eject[33:0]
   565/585: $2\next_eject[33:0]
   566/585: $2\next_sw[33:0]
   567/585: $2\next_se[33:0]
   568/585: $2\next_nw[33:0]
   569/585: $2\next_ne[33:0]
   570/585: $2\next_w[33:0]
   571/585: $2\next_e[33:0]
   572/585: $2\next_s[33:0]
   573/585: $2\next_n[33:0]
   574/585: $1\next_eject[33:0]
   575/585: $1\next_sw[33:0]
   576/585: $1\next_se[33:0]
   577/585: $1\next_nw[33:0]
   578/585: $1\next_ne[33:0]
   579/585: $1\next_w[33:0]
   580/585: $1\next_e[33:0]
   581/585: $1\next_s[33:0]
   582/585: $1\next_n[33:0]
   583/585: $1\route_one$func$/home/etcfranc/NoCNoC/src/mesh$20-$20Psi&Aan/mesh_router.v:290$37.tgt_col[1:0]$139
   584/585: $1\route_one$func$/home/etcfranc/NoCNoC/src/mesh$20-$20Psi&Aan/mesh_router.v:290$37.tgt_row[1:0]$138
   585/585: $1\route_one$func$/home/etcfranc/NoCNoC/src/mesh$20-$20Psi&Aan/mesh_router.v:290$37.flit[33:0]$137
Creating decoders for process `$paramod\mesh_router\MY_ID=4'0000.$proc$/home/etcfranc/NoCNoC/src/mesh$20-$20Psi&Aan/mesh_router.v:231$96'.
     1/1: $0\fifo_head_reg[33:0]
Creating decoders for process `$paramod\mesh_router\MY_ID=4'0000.$proc$/home/etcfranc/NoCNoC/src/mesh$20-$20Psi&Aan/mesh_router.v:166$68'.
     1/14: $2$memwr$\fifo_mem$/home/etcfranc/NoCNoC/src/mesh$20-$20Psi&Aan/mesh_router.v:175$50_EN[33:0]$85
     2/14: $2$memwr$\fifo_mem$/home/etcfranc/NoCNoC/src/mesh$20-$20Psi&Aan/mesh_router.v:175$50_DATA[33:0]$84
     3/14: $2$memwr$\fifo_mem$/home/etcfranc/NoCNoC/src/mesh$20-$20Psi&Aan/mesh_router.v:175$50_ADDR[1:0]$83
     4/14: $1\i[31:0]
     5/14: $1$memwr$\fifo_mem$/home/etcfranc/NoCNoC/src/mesh$20-$20Psi&Aan/mesh_router.v:172$49_EN[33:0]$79
     6/14: $1$memwr$\fifo_mem$/home/etcfranc/NoCNoC/src/mesh$20-$20Psi&Aan/mesh_router.v:172$48_EN[33:0]$78
     7/14: $1$memwr$\fifo_mem$/home/etcfranc/NoCNoC/src/mesh$20-$20Psi&Aan/mesh_router.v:172$47_EN[33:0]$77
     8/14: $1$memwr$\fifo_mem$/home/etcfranc/NoCNoC/src/mesh$20-$20Psi&Aan/mesh_router.v:172$46_EN[33:0]$76
     9/14: $1$memwr$\fifo_mem$/home/etcfranc/NoCNoC/src/mesh$20-$20Psi&Aan/mesh_router.v:175$50_EN[33:0]$82
    10/14: $1$memwr$\fifo_mem$/home/etcfranc/NoCNoC/src/mesh$20-$20Psi&Aan/mesh_router.v:175$50_DATA[33:0]$81
    11/14: $1$memwr$\fifo_mem$/home/etcfranc/NoCNoC/src/mesh$20-$20Psi&Aan/mesh_router.v:175$50_ADDR[1:0]$80
    12/14: $0\fifo_count[2:0]
    13/14: $0\fifo_rd_ptr[1:0]
    14/14: $0\fifo_wr_ptr[1:0]
Creating decoders for process `$paramod\mesh_router\MY_ID=4'0000.$proc$/home/etcfranc/NoCNoC/src/mesh$20-$20Psi&Aan/mesh_router.v:159$63'.
     1/1: $0\cpu_read_q[0:0]
Creating decoders for process `$paramod\mesh_router\MY_ID=4'0000.$proc$/home/etcfranc/NoCNoC/src/mesh$20-$20Psi&Aan/mesh_router.v:88$54'.
     1/1: $0\inject_flit[33:0]
Creating decoders for process `$paramod$f3cec78d1cfbbfc8778027792a43ce84e0717e5d\serv_state.$proc$/home/etcfranc/NoCNoC/src/serv/rtl/serv_state.v:230$994'.
     1/1: $0\gen_csr.misalign_trap_sync_r[0:0]
Creating decoders for process `$paramod$f3cec78d1cfbbfc8778027792a43ce84e0717e5d\serv_state.$proc$/home/etcfranc/NoCNoC/src/serv/rtl/serv_state.v:198$987'.
     1/2: $0\gen_cnt_w_eq_1.cnt_lsb[3:0]
     2/2: $0\o_cnt[2:0]
Creating decoders for process `$paramod$f3cec78d1cfbbfc8778027792a43ce84e0717e5d\serv_state.$proc$/home/etcfranc/NoCNoC/src/serv/rtl/serv_state.v:147$977'.
     1/3: $0\ibus_cyc[0:0]
     2/3: $0\init_done[0:0]
     3/3: $0\o_ctrl_jump[0:0]
Creating decoders for process `$paramod\serv_decode\PRE_REGISTER=1'1\MDU=1'0.$proc$/home/etcfranc/NoCNoC/src/serv/rtl/serv_decode.v:255$902'.
Creating decoders for process `$paramod\serv_decode\PRE_REGISTER=1'1\MDU=1'0.$proc$/home/etcfranc/NoCNoC/src/serv/rtl/serv_decode.v:242$901'.
     1/8: $0\imm30[0:0]
     2/8: $0\imm25[0:0]
     3/8: $0\op26[0:0]
     4/8: $0\op22[0:0]
     5/8: $0\op21[0:0]
     6/8: $0\op20[0:0]
     7/8: $0\funct3[2:0]
     8/8: $0\opcode[4:0]
Creating decoders for process `$paramod\serv_immdec\W=s32'00000000000000000000000000000001.$proc$/home/etcfranc/NoCNoC/src/serv/rtl/serv_immdec.v:49$745'.
     1/6: $0\gen_immdec_w_eq_1.imm11_7[4:0]
     2/6: $0\gen_immdec_w_eq_1.imm24_20[4:0]
     3/6: $0\gen_immdec_w_eq_1.imm30_25[5:0]
     4/6: $0\gen_immdec_w_eq_1.imm7[0:0]
     5/6: $0\gen_immdec_w_eq_1.imm19_12_20[8:0]
     6/6: $0\gen_immdec_w_eq_1.imm31[0:0]
Creating decoders for process `$paramod\serv_bufreg\MDU=1'0\W=s32'00000000000000000000000000000001.$proc$/home/etcfranc/NoCNoC/src/serv/rtl/serv_bufreg.v:62$734'.
     1/2: $0\data[31:0] [31:2]
     2/2: $0\data[31:0] [1:0]
Creating decoders for process `$paramod\serv_bufreg\MDU=1'0\W=s32'00000000000000000000000000000001.$proc$/home/etcfranc/NoCNoC/src/serv/rtl/serv_bufreg.v:54$732'.
Creating decoders for process `$paramod\serv_bufreg2\W=s32'00000000000000000000000000000001.$proc$/home/etcfranc/NoCNoC/src/serv/rtl/serv_bufreg2.v:98$713'.
     1/2: $0\dlo[23:0]
     2/2: $0\dhi[7:0]
Creating decoders for process `$paramod$9612b4840d8ba9073515f47ec1c47f8b049edc33\serv_ctrl.$proc$/home/etcfranc/NoCNoC/src/serv/rtl/serv_ctrl.v:103$660'.
     1/1: $0\o_ibus_adr[31:0]
Creating decoders for process `$paramod\serv_alu\W=s32'00000000000000000000000000000001.$proc$/home/etcfranc/NoCNoC/src/serv/rtl/serv_alu.v:79$646'.
     1/1: $0\cmp_r[0:0]

43. Executing PROC_DLATCH pass (convert process syncs to latches).
No latch inferred for signal `$paramod\servile_mux\sim=1'0.\sim_ack' from process `$paramod\servile_mux\sim=1'0.$proc$/home/etcfranc/NoCNoC/src/serv/servile/servile_mux.v:96$501'.
No latch inferred for signal `$paramod\mesh_router\MY_ID=4'0000.\next_n' from process `$paramod\mesh_router\MY_ID=4'0000.$proc$/home/etcfranc/NoCNoC/src/mesh$20-$20Psi&Aan/mesh_router.v:286$109'.
No latch inferred for signal `$paramod\mesh_router\MY_ID=4'0000.\next_s' from process `$paramod\mesh_router\MY_ID=4'0000.$proc$/home/etcfranc/NoCNoC/src/mesh$20-$20Psi&Aan/mesh_router.v:286$109'.
No latch inferred for signal `$paramod\mesh_router\MY_ID=4'0000.\next_e' from process `$paramod\mesh_router\MY_ID=4'0000.$proc$/home/etcfranc/NoCNoC/src/mesh$20-$20Psi&Aan/mesh_router.v:286$109'.
No latch inferred for signal `$paramod\mesh_router\MY_ID=4'0000.\next_w' from process `$paramod\mesh_router\MY_ID=4'0000.$proc$/home/etcfranc/NoCNoC/src/mesh$20-$20Psi&Aan/mesh_router.v:286$109'.
No latch inferred for signal `$paramod\mesh_router\MY_ID=4'0000.\next_ne' from process `$paramod\mesh_router\MY_ID=4'0000.$proc$/home/etcfranc/NoCNoC/src/mesh$20-$20Psi&Aan/mesh_router.v:286$109'.
No latch inferred for signal `$paramod\mesh_router\MY_ID=4'0000.\next_nw' from process `$paramod\mesh_router\MY_ID=4'0000.$proc$/home/etcfranc/NoCNoC/src/mesh$20-$20Psi&Aan/mesh_router.v:286$109'.
No latch inferred for signal `$paramod\mesh_router\MY_ID=4'0000.\next_se' from process `$paramod\mesh_router\MY_ID=4'0000.$proc$/home/etcfranc/NoCNoC/src/mesh$20-$20Psi&Aan/mesh_router.v:286$109'.
No latch inferred for signal `$paramod\mesh_router\MY_ID=4'0000.\next_sw' from process `$paramod\mesh_router\MY_ID=4'0000.$proc$/home/etcfranc/NoCNoC/src/mesh$20-$20Psi&Aan/mesh_router.v:286$109'.
No latch inferred for signal `$paramod\mesh_router\MY_ID=4'0000.\next_eject' from process `$paramod\mesh_router\MY_ID=4'0000.$proc$/home/etcfranc/NoCNoC/src/mesh$20-$20Psi&Aan/mesh_router.v:286$109'.
No latch inferred for signal `$paramod\mesh_router\MY_ID=4'0000.\route_one$func$/home/etcfranc/NoCNoC/src/mesh$20-$20Psi&Aan/mesh_router.v:290$37.flit' from process `$paramod\mesh_router\MY_ID=4'0000.$proc$/home/etcfranc/NoCNoC/src/mesh$20-$20Psi&Aan/mesh_router.v:286$109'.
No latch inferred for signal `$paramod\mesh_router\MY_ID=4'0000.\route_one$func$/home/etcfranc/NoCNoC/src/mesh$20-$20Psi&Aan/mesh_router.v:290$37.tgt_row' from process `$paramod\mesh_router\MY_ID=4'0000.$proc$/home/etcfranc/NoCNoC/src/mesh$20-$20Psi&Aan/mesh_router.v:286$109'.
No latch inferred for signal `$paramod\mesh_router\MY_ID=4'0000.\route_one$func$/home/etcfranc/NoCNoC/src/mesh$20-$20Psi&Aan/mesh_router.v:290$37.tgt_col' from process `$paramod\mesh_router\MY_ID=4'0000.$proc$/home/etcfranc/NoCNoC/src/mesh$20-$20Psi&Aan/mesh_router.v:286$109'.
No latch inferred for signal `$paramod\mesh_router\MY_ID=4'0000.\route_one$func$/home/etcfranc/NoCNoC/src/mesh$20-$20Psi&Aan/mesh_router.v:291$38.flit' from process `$paramod\mesh_router\MY_ID=4'0000.$proc$/home/etcfranc/NoCNoC/src/mesh$20-$20Psi&Aan/mesh_router.v:286$109'.
No latch inferred for signal `$paramod\mesh_router\MY_ID=4'0000.\route_one$func$/home/etcfranc/NoCNoC/src/mesh$20-$20Psi&Aan/mesh_router.v:291$38.tgt_row' from process `$paramod\mesh_router\MY_ID=4'0000.$proc$/home/etcfranc/NoCNoC/src/mesh$20-$20Psi&Aan/mesh_router.v:286$109'.
No latch inferred for signal `$paramod\mesh_router\MY_ID=4'0000.\route_one$func$/home/etcfranc/NoCNoC/src/mesh$20-$20Psi&Aan/mesh_router.v:291$38.tgt_col' from process `$paramod\mesh_router\MY_ID=4'0000.$proc$/home/etcfranc/NoCNoC/src/mesh$20-$20Psi&Aan/mesh_router.v:286$109'.
No latch inferred for signal `$paramod\mesh_router\MY_ID=4'0000.\route_one$func$/home/etcfranc/NoCNoC/src/mesh$20-$20Psi&Aan/mesh_router.v:292$39.flit' from process `$paramod\mesh_router\MY_ID=4'0000.$proc$/home/etcfranc/NoCNoC/src/mesh$20-$20Psi&Aan/mesh_router.v:286$109'.
No latch inferred for signal `$paramod\mesh_router\MY_ID=4'0000.\route_one$func$/home/etcfranc/NoCNoC/src/mesh$20-$20Psi&Aan/mesh_router.v:292$39.tgt_row' from process `$paramod\mesh_router\MY_ID=4'0000.$proc$/home/etcfranc/NoCNoC/src/mesh$20-$20Psi&Aan/mesh_router.v:286$109'.
No latch inferred for signal `$paramod\mesh_router\MY_ID=4'0000.\route_one$func$/home/etcfranc/NoCNoC/src/mesh$20-$20Psi&Aan/mesh_router.v:292$39.tgt_col' from process `$paramod\mesh_router\MY_ID=4'0000.$proc$/home/etcfranc/NoCNoC/src/mesh$20-$20Psi&Aan/mesh_router.v:286$109'.
No latch inferred for signal `$paramod\mesh_router\MY_ID=4'0000.\route_one$func$/home/etcfranc/NoCNoC/src/mesh$20-$20Psi&Aan/mesh_router.v:293$40.flit' from process `$paramod\mesh_router\MY_ID=4'0000.$proc$/home/etcfranc/NoCNoC/src/mesh$20-$20Psi&Aan/mesh_router.v:286$109'.
No latch inferred for signal `$paramod\mesh_router\MY_ID=4'0000.\route_one$func$/home/etcfranc/NoCNoC/src/mesh$20-$20Psi&Aan/mesh_router.v:293$40.tgt_row' from process `$paramod\mesh_router\MY_ID=4'0000.$proc$/home/etcfranc/NoCNoC/src/mesh$20-$20Psi&Aan/mesh_router.v:286$109'.
No latch inferred for signal `$paramod\mesh_router\MY_ID=4'0000.\route_one$func$/home/etcfranc/NoCNoC/src/mesh$20-$20Psi&Aan/mesh_router.v:293$40.tgt_col' from process `$paramod\mesh_router\MY_ID=4'0000.$proc$/home/etcfranc/NoCNoC/src/mesh$20-$20Psi&Aan/mesh_router.v:286$109'.
No latch inferred for signal `$paramod\mesh_router\MY_ID=4'0000.\route_one$func$/home/etcfranc/NoCNoC/src/mesh$20-$20Psi&Aan/mesh_router.v:294$41.flit' from process `$paramod\mesh_router\MY_ID=4'0000.$proc$/home/etcfranc/NoCNoC/src/mesh$20-$20Psi&Aan/mesh_router.v:286$109'.
No latch inferred for signal `$paramod\mesh_router\MY_ID=4'0000.\route_one$func$/home/etcfranc/NoCNoC/src/mesh$20-$20Psi&Aan/mesh_router.v:294$41.tgt_row' from process `$paramod\mesh_router\MY_ID=4'0000.$proc$/home/etcfranc/NoCNoC/src/mesh$20-$20Psi&Aan/mesh_router.v:286$109'.
No latch inferred for signal `$paramod\mesh_router\MY_ID=4'0000.\route_one$func$/home/etcfranc/NoCNoC/src/mesh$20-$20Psi&Aan/mesh_router.v:294$41.tgt_col' from process `$paramod\mesh_router\MY_ID=4'0000.$proc$/home/etcfranc/NoCNoC/src/mesh$20-$20Psi&Aan/mesh_router.v:286$109'.
No latch inferred for signal `$paramod\mesh_router\MY_ID=4'0000.\route_one$func$/home/etcfranc/NoCNoC/src/mesh$20-$20Psi&Aan/mesh_router.v:295$42.flit' from process `$paramod\mesh_router\MY_ID=4'0000.$proc$/home/etcfranc/NoCNoC/src/mesh$20-$20Psi&Aan/mesh_router.v:286$109'.
No latch inferred for signal `$paramod\mesh_router\MY_ID=4'0000.\route_one$func$/home/etcfranc/NoCNoC/src/mesh$20-$20Psi&Aan/mesh_router.v:295$42.tgt_row' from process `$paramod\mesh_router\MY_ID=4'0000.$proc$/home/etcfranc/NoCNoC/src/mesh$20-$20Psi&Aan/mesh_router.v:286$109'.
No latch inferred for signal `$paramod\mesh_router\MY_ID=4'0000.\route_one$func$/home/etcfranc/NoCNoC/src/mesh$20-$20Psi&Aan/mesh_router.v:295$42.tgt_col' from process `$paramod\mesh_router\MY_ID=4'0000.$proc$/home/etcfranc/NoCNoC/src/mesh$20-$20Psi&Aan/mesh_router.v:286$109'.
No latch inferred for signal `$paramod\mesh_router\MY_ID=4'0000.\route_one$func$/home/etcfranc/NoCNoC/src/mesh$20-$20Psi&Aan/mesh_router.v:296$43.flit' from process `$paramod\mesh_router\MY_ID=4'0000.$proc$/home/etcfranc/NoCNoC/src/mesh$20-$20Psi&Aan/mesh_router.v:286$109'.
No latch inferred for signal `$paramod\mesh_router\MY_ID=4'0000.\route_one$func$/home/etcfranc/NoCNoC/src/mesh$20-$20Psi&Aan/mesh_router.v:296$43.tgt_row' from process `$paramod\mesh_router\MY_ID=4'0000.$proc$/home/etcfranc/NoCNoC/src/mesh$20-$20Psi&Aan/mesh_router.v:286$109'.
No latch inferred for signal `$paramod\mesh_router\MY_ID=4'0000.\route_one$func$/home/etcfranc/NoCNoC/src/mesh$20-$20Psi&Aan/mesh_router.v:296$43.tgt_col' from process `$paramod\mesh_router\MY_ID=4'0000.$proc$/home/etcfranc/NoCNoC/src/mesh$20-$20Psi&Aan/mesh_router.v:286$109'.
No latch inferred for signal `$paramod\mesh_router\MY_ID=4'0000.\route_one$func$/home/etcfranc/NoCNoC/src/mesh$20-$20Psi&Aan/mesh_router.v:297$44.flit' from process `$paramod\mesh_router\MY_ID=4'0000.$proc$/home/etcfranc/NoCNoC/src/mesh$20-$20Psi&Aan/mesh_router.v:286$109'.
No latch inferred for signal `$paramod\mesh_router\MY_ID=4'0000.\route_one$func$/home/etcfranc/NoCNoC/src/mesh$20-$20Psi&Aan/mesh_router.v:297$44.tgt_row' from process `$paramod\mesh_router\MY_ID=4'0000.$proc$/home/etcfranc/NoCNoC/src/mesh$20-$20Psi&Aan/mesh_router.v:286$109'.
No latch inferred for signal `$paramod\mesh_router\MY_ID=4'0000.\route_one$func$/home/etcfranc/NoCNoC/src/mesh$20-$20Psi&Aan/mesh_router.v:297$44.tgt_col' from process `$paramod\mesh_router\MY_ID=4'0000.$proc$/home/etcfranc/NoCNoC/src/mesh$20-$20Psi&Aan/mesh_router.v:286$109'.
No latch inferred for signal `$paramod\mesh_router\MY_ID=4'0000.\route_one$func$/home/etcfranc/NoCNoC/src/mesh$20-$20Psi&Aan/mesh_router.v:298$45.flit' from process `$paramod\mesh_router\MY_ID=4'0000.$proc$/home/etcfranc/NoCNoC/src/mesh$20-$20Psi&Aan/mesh_router.v:286$109'.
No latch inferred for signal `$paramod\mesh_router\MY_ID=4'0000.\route_one$func$/home/etcfranc/NoCNoC/src/mesh$20-$20Psi&Aan/mesh_router.v:298$45.tgt_row' from process `$paramod\mesh_router\MY_ID=4'0000.$proc$/home/etcfranc/NoCNoC/src/mesh$20-$20Psi&Aan/mesh_router.v:286$109'.
No latch inferred for signal `$paramod\mesh_router\MY_ID=4'0000.\route_one$func$/home/etcfranc/NoCNoC/src/mesh$20-$20Psi&Aan/mesh_router.v:298$45.tgt_col' from process `$paramod\mesh_router\MY_ID=4'0000.$proc$/home/etcfranc/NoCNoC/src/mesh$20-$20Psi&Aan/mesh_router.v:286$109'.
No latch inferred for signal `$paramod\serv_decode\PRE_REGISTER=1'1\MDU=1'0.\o_ext_funct3' from process `$paramod\serv_decode\PRE_REGISTER=1'1\MDU=1'0.$proc$/home/etcfranc/NoCNoC/src/serv/rtl/serv_decode.v:255$902'.
No latch inferred for signal `$paramod\serv_decode\PRE_REGISTER=1'1\MDU=1'0.\o_bne_or_bge' from process `$paramod\serv_decode\PRE_REGISTER=1'1\MDU=1'0.$proc$/home/etcfranc/NoCNoC/src/serv/rtl/serv_decode.v:255$902'.
No latch inferred for signal `$paramod\serv_decode\PRE_REGISTER=1'1\MDU=1'0.\o_cond_branch' from process `$paramod\serv_decode\PRE_REGISTER=1'1\MDU=1'0.$proc$/home/etcfranc/NoCNoC/src/serv/rtl/serv_decode.v:255$902'.
No latch inferred for signal `$paramod\serv_decode\PRE_REGISTER=1'1\MDU=1'0.\o_dbus_en' from process `$paramod\serv_decode\PRE_REGISTER=1'1\MDU=1'0.$proc$/home/etcfranc/NoCNoC/src/serv/rtl/serv_decode.v:255$902'.
No latch inferred for signal `$paramod\serv_decode\PRE_REGISTER=1'1\MDU=1'0.\o_e_op' from process `$paramod\serv_decode\PRE_REGISTER=1'1\MDU=1'0.$proc$/home/etcfranc/NoCNoC/src/serv/rtl/serv_decode.v:255$902'.
No latch inferred for signal `$paramod\serv_decode\PRE_REGISTER=1'1\MDU=1'0.\o_ebreak' from process `$paramod\serv_decode\PRE_REGISTER=1'1\MDU=1'0.$proc$/home/etcfranc/NoCNoC/src/serv/rtl/serv_decode.v:255$902'.
No latch inferred for signal `$paramod\serv_decode\PRE_REGISTER=1'1\MDU=1'0.\o_branch_op' from process `$paramod\serv_decode\PRE_REGISTER=1'1\MDU=1'0.$proc$/home/etcfranc/NoCNoC/src/serv/rtl/serv_decode.v:255$902'.
No latch inferred for signal `$paramod\serv_decode\PRE_REGISTER=1'1\MDU=1'0.\o_shift_op' from process `$paramod\serv_decode\PRE_REGISTER=1'1\MDU=1'0.$proc$/home/etcfranc/NoCNoC/src/serv/rtl/serv_decode.v:255$902'.
No latch inferred for signal `$paramod\serv_decode\PRE_REGISTER=1'1\MDU=1'0.\o_rd_op' from process `$paramod\serv_decode\PRE_REGISTER=1'1\MDU=1'0.$proc$/home/etcfranc/NoCNoC/src/serv/rtl/serv_decode.v:255$902'.
No latch inferred for signal `$paramod\serv_decode\PRE_REGISTER=1'1\MDU=1'0.\o_sh_right' from process `$paramod\serv_decode\PRE_REGISTER=1'1\MDU=1'0.$proc$/home/etcfranc/NoCNoC/src/serv/rtl/serv_decode.v:255$902'.
No latch inferred for signal `$paramod\serv_decode\PRE_REGISTER=1'1\MDU=1'0.\o_mdu_op' from process `$paramod\serv_decode\PRE_REGISTER=1'1\MDU=1'0.$proc$/home/etcfranc/NoCNoC/src/serv/rtl/serv_decode.v:255$902'.
No latch inferred for signal `$paramod\serv_decode\PRE_REGISTER=1'1\MDU=1'0.\o_two_stage_op' from process `$paramod\serv_decode\PRE_REGISTER=1'1\MDU=1'0.$proc$/home/etcfranc/NoCNoC/src/serv/rtl/serv_decode.v:255$902'.
No latch inferred for signal `$paramod\serv_decode\PRE_REGISTER=1'1\MDU=1'0.\o_bufreg_rs1_en' from process `$paramod\serv_decode\PRE_REGISTER=1'1\MDU=1'0.$proc$/home/etcfranc/NoCNoC/src/serv/rtl/serv_decode.v:255$902'.
No latch inferred for signal `$paramod\serv_decode\PRE_REGISTER=1'1\MDU=1'0.\o_bufreg_imm_en' from process `$paramod\serv_decode\PRE_REGISTER=1'1\MDU=1'0.$proc$/home/etcfranc/NoCNoC/src/serv/rtl/serv_decode.v:255$902'.
No latch inferred for signal `$paramod\serv_decode\PRE_REGISTER=1'1\MDU=1'0.\o_bufreg_clr_lsb' from process `$paramod\serv_decode\PRE_REGISTER=1'1\MDU=1'0.$proc$/home/etcfranc/NoCNoC/src/serv/rtl/serv_decode.v:255$902'.
No latch inferred for signal `$paramod\serv_decode\PRE_REGISTER=1'1\MDU=1'0.\o_bufreg_sh_signed' from process `$paramod\serv_decode\PRE_REGISTER=1'1\MDU=1'0.$proc$/home/etcfranc/NoCNoC/src/serv/rtl/serv_decode.v:255$902'.
No latch inferred for signal `$paramod\serv_decode\PRE_REGISTER=1'1\MDU=1'0.\o_op_b_source' from process `$paramod\serv_decode\PRE_REGISTER=1'1\MDU=1'0.$proc$/home/etcfranc/NoCNoC/src/serv/rtl/serv_decode.v:255$902'.
No latch inferred for signal `$paramod\serv_decode\PRE_REGISTER=1'1\MDU=1'0.\o_ctrl_jal_or_jalr' from process `$paramod\serv_decode\PRE_REGISTER=1'1\MDU=1'0.$proc$/home/etcfranc/NoCNoC/src/serv/rtl/serv_decode.v:255$902'.
No latch inferred for signal `$paramod\serv_decode\PRE_REGISTER=1'1\MDU=1'0.\o_ctrl_utype' from process `$paramod\serv_decode\PRE_REGISTER=1'1\MDU=1'0.$proc$/home/etcfranc/NoCNoC/src/serv/rtl/serv_decode.v:255$902'.
No latch inferred for signal `$paramod\serv_decode\PRE_REGISTER=1'1\MDU=1'0.\o_ctrl_pc_rel' from process `$paramod\serv_decode\PRE_REGISTER=1'1\MDU=1'0.$proc$/home/etcfranc/NoCNoC/src/serv/rtl/serv_decode.v:255$902'.
No latch inferred for signal `$paramod\serv_decode\PRE_REGISTER=1'1\MDU=1'0.\o_ctrl_mret' from process `$paramod\serv_decode\PRE_REGISTER=1'1\MDU=1'0.$proc$/home/etcfranc/NoCNoC/src/serv/rtl/serv_decode.v:255$902'.
No latch inferred for signal `$paramod\serv_decode\PRE_REGISTER=1'1\MDU=1'0.\o_alu_sub' from process `$paramod\serv_decode\PRE_REGISTER=1'1\MDU=1'0.$proc$/home/etcfranc/NoCNoC/src/serv/rtl/serv_decode.v:255$902'.
No latch inferred for signal `$paramod\serv_decode\PRE_REGISTER=1'1\MDU=1'0.\o_alu_bool_op' from process `$paramod\serv_decode\PRE_REGISTER=1'1\MDU=1'0.$proc$/home/etcfranc/NoCNoC/src/serv/rtl/serv_decode.v:255$902'.
No latch inferred for signal `$paramod\serv_decode\PRE_REGISTER=1'1\MDU=1'0.\o_alu_cmp_eq' from process `$paramod\serv_decode\PRE_REGISTER=1'1\MDU=1'0.$proc$/home/etcfranc/NoCNoC/src/serv/rtl/serv_decode.v:255$902'.
No latch inferred for signal `$paramod\serv_decode\PRE_REGISTER=1'1\MDU=1'0.\o_alu_cmp_sig' from process `$paramod\serv_decode\PRE_REGISTER=1'1\MDU=1'0.$proc$/home/etcfranc/NoCNoC/src/serv/rtl/serv_decode.v:255$902'.
No latch inferred for signal `$paramod\serv_decode\PRE_REGISTER=1'1\MDU=1'0.\o_alu_rd_sel' from process `$paramod\serv_decode\PRE_REGISTER=1'1\MDU=1'0.$proc$/home/etcfranc/NoCNoC/src/serv/rtl/serv_decode.v:255$902'.
No latch inferred for signal `$paramod\serv_decode\PRE_REGISTER=1'1\MDU=1'0.\o_mem_cmd' from process `$paramod\serv_decode\PRE_REGISTER=1'1\MDU=1'0.$proc$/home/etcfranc/NoCNoC/src/serv/rtl/serv_decode.v:255$902'.
No latch inferred for signal `$paramod\serv_decode\PRE_REGISTER=1'1\MDU=1'0.\o_mem_signed' from process `$paramod\serv_decode\PRE_REGISTER=1'1\MDU=1'0.$proc$/home/etcfranc/NoCNoC/src/serv/rtl/serv_decode.v:255$902'.
No latch inferred for signal `$paramod\serv_decode\PRE_REGISTER=1'1\MDU=1'0.\o_mem_word' from process `$paramod\serv_decode\PRE_REGISTER=1'1\MDU=1'0.$proc$/home/etcfranc/NoCNoC/src/serv/rtl/serv_decode.v:255$902'.
No latch inferred for signal `$paramod\serv_decode\PRE_REGISTER=1'1\MDU=1'0.\o_mem_half' from process `$paramod\serv_decode\PRE_REGISTER=1'1\MDU=1'0.$proc$/home/etcfranc/NoCNoC/src/serv/rtl/serv_decode.v:255$902'.
No latch inferred for signal `$paramod\serv_decode\PRE_REGISTER=1'1\MDU=1'0.\o_csr_en' from process `$paramod\serv_decode\PRE_REGISTER=1'1\MDU=1'0.$proc$/home/etcfranc/NoCNoC/src/serv/rtl/serv_decode.v:255$902'.
No latch inferred for signal `$paramod\serv_decode\PRE_REGISTER=1'1\MDU=1'0.\o_csr_addr' from process `$paramod\serv_decode\PRE_REGISTER=1'1\MDU=1'0.$proc$/home/etcfranc/NoCNoC/src/serv/rtl/serv_decode.v:255$902'.
No latch inferred for signal `$paramod\serv_decode\PRE_REGISTER=1'1\MDU=1'0.\o_csr_mstatus_en' from process `$paramod\serv_decode\PRE_REGISTER=1'1\MDU=1'0.$proc$/home/etcfranc/NoCNoC/src/serv/rtl/serv_decode.v:255$902'.
No latch inferred for signal `$paramod\serv_decode\PRE_REGISTER=1'1\MDU=1'0.\o_csr_mie_en' from process `$paramod\serv_decode\PRE_REGISTER=1'1\MDU=1'0.$proc$/home/etcfranc/NoCNoC/src/serv/rtl/serv_decode.v:255$902'.
No latch inferred for signal `$paramod\serv_decode\PRE_REGISTER=1'1\MDU=1'0.\o_csr_mcause_en' from process `$paramod\serv_decode\PRE_REGISTER=1'1\MDU=1'0.$proc$/home/etcfranc/NoCNoC/src/serv/rtl/serv_decode.v:255$902'.
No latch inferred for signal `$paramod\serv_decode\PRE_REGISTER=1'1\MDU=1'0.\o_csr_source' from process `$paramod\serv_decode\PRE_REGISTER=1'1\MDU=1'0.$proc$/home/etcfranc/NoCNoC/src/serv/rtl/serv_decode.v:255$902'.
No latch inferred for signal `$paramod\serv_decode\PRE_REGISTER=1'1\MDU=1'0.\o_csr_d_sel' from process `$paramod\serv_decode\PRE_REGISTER=1'1\MDU=1'0.$proc$/home/etcfranc/NoCNoC/src/serv/rtl/serv_decode.v:255$902'.
No latch inferred for signal `$paramod\serv_decode\PRE_REGISTER=1'1\MDU=1'0.\o_csr_imm_en' from process `$paramod\serv_decode\PRE_REGISTER=1'1\MDU=1'0.$proc$/home/etcfranc/NoCNoC/src/serv/rtl/serv_decode.v:255$902'.
No latch inferred for signal `$paramod\serv_decode\PRE_REGISTER=1'1\MDU=1'0.\o_mtval_pc' from process `$paramod\serv_decode\PRE_REGISTER=1'1\MDU=1'0.$proc$/home/etcfranc/NoCNoC/src/serv/rtl/serv_decode.v:255$902'.
No latch inferred for signal `$paramod\serv_decode\PRE_REGISTER=1'1\MDU=1'0.\o_immdec_ctrl' from process `$paramod\serv_decode\PRE_REGISTER=1'1\MDU=1'0.$proc$/home/etcfranc/NoCNoC/src/serv/rtl/serv_decode.v:255$902'.
No latch inferred for signal `$paramod\serv_decode\PRE_REGISTER=1'1\MDU=1'0.\o_immdec_en' from process `$paramod\serv_decode\PRE_REGISTER=1'1\MDU=1'0.$proc$/home/etcfranc/NoCNoC/src/serv/rtl/serv_decode.v:255$902'.
No latch inferred for signal `$paramod\serv_decode\PRE_REGISTER=1'1\MDU=1'0.\o_rd_mem_en' from process `$paramod\serv_decode\PRE_REGISTER=1'1\MDU=1'0.$proc$/home/etcfranc/NoCNoC/src/serv/rtl/serv_decode.v:255$902'.
No latch inferred for signal `$paramod\serv_decode\PRE_REGISTER=1'1\MDU=1'0.\o_rd_csr_en' from process `$paramod\serv_decode\PRE_REGISTER=1'1\MDU=1'0.$proc$/home/etcfranc/NoCNoC/src/serv/rtl/serv_decode.v:255$902'.
No latch inferred for signal `$paramod\serv_decode\PRE_REGISTER=1'1\MDU=1'0.\o_rd_alu_en' from process `$paramod\serv_decode\PRE_REGISTER=1'1\MDU=1'0.$proc$/home/etcfranc/NoCNoC/src/serv/rtl/serv_decode.v:255$902'.

44. Executing PROC_DFF pass (convert process syncs to FFs).
Creating register for signal `\mesh_tile.\nb_state' using process `\mesh_tile.$proc$/home/etcfranc/NoCNoC/src/mesh$20-$20Psi&Aan/mesh_tile.v:123$9'.
  created $dff cell `$procdff$8655' with positive edge clock.
Creating register for signal `\mesh_tile.\nb_addr_latch' using process `\mesh_tile.$proc$/home/etcfranc/NoCNoC/src/mesh$20-$20Psi&Aan/mesh_tile.v:123$9'.
  created $dff cell `$procdff$8656' with positive edge clock.
Creating register for signal `\mesh_tile.\nb_data_latch' using process `\mesh_tile.$proc$/home/etcfranc/NoCNoC/src/mesh$20-$20Psi&Aan/mesh_tile.v:123$9'.
  created $dff cell `$procdff$8657' with positive edge clock.
Creating register for signal `\mesh_tile.\nb_wen' using process `\mesh_tile.$proc$/home/etcfranc/NoCNoC/src/mesh$20-$20Psi&Aan/mesh_tile.v:123$9'.
  created $dff cell `$procdff$8658' with positive edge clock.
Creating register for signal `\mesh_tile.\nb_pop' using process `\mesh_tile.$proc$/home/etcfranc/NoCNoC/src/mesh$20-$20Psi&Aan/mesh_tile.v:123$9'.
  created $dff cell `$procdff$8659' with positive edge clock.
Creating register for signal `\mesh_tile.\boot_mode_q' using process `\mesh_tile.$proc$/home/etcfranc/NoCNoC/src/mesh$20-$20Psi&Aan/mesh_tile.v:81$2'.
  created $adff cell `$procdff$8662' with positive edge clock and positive level reset.
Creating register for signal `$paramod\serv_mem_if\WITH_CSR=1'1\W=s32'00000000000000000000000000000001.\signbit' using process `$paramod\serv_mem_if\WITH_CSR=1'1\W=s32'00000000000000000000000000000001.$proc$/home/etcfranc/NoCNoC/src/serv/rtl/serv_mem_if.v:47$586'.
  created $dff cell `$procdff$8663' with positive edge clock.
Creating register for signal `$paramod$3e7b4dd89124d05b1503dd2b902960520f2771f4\serv_csr.\o_new_irq' using process `$paramod$3e7b4dd89124d05b1503dd2b902960520f2771f4\serv_csr.$proc$/home/etcfranc/NoCNoC/src/serv/rtl/serv_csr.v:98$524'.
  created $dff cell `$procdff$8664' with positive edge clock.
Creating register for signal `$paramod$3e7b4dd89124d05b1503dd2b902960520f2771f4\serv_csr.\mstatus_mie' using process `$paramod$3e7b4dd89124d05b1503dd2b902960520f2771f4\serv_csr.$proc$/home/etcfranc/NoCNoC/src/serv/rtl/serv_csr.v:98$524'.
  created $dff cell `$procdff$8665' with positive edge clock.
Creating register for signal `$paramod$3e7b4dd89124d05b1503dd2b902960520f2771f4\serv_csr.\mstatus_mpie' using process `$paramod$3e7b4dd89124d05b1503dd2b902960520f2771f4\serv_csr.$proc$/home/etcfranc/NoCNoC/src/serv/rtl/serv_csr.v:98$524'.
  created $dff cell `$procdff$8666' with positive edge clock.
Creating register for signal `$paramod$3e7b4dd89124d05b1503dd2b902960520f2771f4\serv_csr.\mie_mtie' using process `$paramod$3e7b4dd89124d05b1503dd2b902960520f2771f4\serv_csr.$proc$/home/etcfranc/NoCNoC/src/serv/rtl/serv_csr.v:98$524'.
  created $dff cell `$procdff$8667' with positive edge clock.
Creating register for signal `$paramod$3e7b4dd89124d05b1503dd2b902960520f2771f4\serv_csr.\mcause31' using process `$paramod$3e7b4dd89124d05b1503dd2b902960520f2771f4\serv_csr.$proc$/home/etcfranc/NoCNoC/src/serv/rtl/serv_csr.v:98$524'.
  created $dff cell `$procdff$8668' with positive edge clock.
Creating register for signal `$paramod$3e7b4dd89124d05b1503dd2b902960520f2771f4\serv_csr.\mcause3_0' using process `$paramod$3e7b4dd89124d05b1503dd2b902960520f2771f4\serv_csr.$proc$/home/etcfranc/NoCNoC/src/serv/rtl/serv_csr.v:98$524'.
  created $dff cell `$procdff$8669' with positive edge clock.
Creating register for signal `$paramod$3e7b4dd89124d05b1503dd2b902960520f2771f4\serv_csr.\timer_irq_r' using process `$paramod$3e7b4dd89124d05b1503dd2b902960520f2771f4\serv_csr.$proc$/home/etcfranc/NoCNoC/src/serv/rtl/serv_csr.v:98$524'.
  created $dff cell `$procdff$8670' with positive edge clock.
Creating register for signal `$paramod$7dfcbd4a24f0bfdcc2f47551222fe0ba6c7d84ba\serv_rf_ram_if.\rdata1' using process `$paramod$7dfcbd4a24f0bfdcc2f47551222fe0ba6c7d84ba\serv_rf_ram_if.$proc$/home/etcfranc/NoCNoC/src/serv/rtl/serv_rf_ram_if.v:148$480'.
  created $dff cell `$procdff$8671' with positive edge clock.
Creating register for signal `$paramod$7dfcbd4a24f0bfdcc2f47551222fe0ba6c7d84ba\serv_rf_ram_if.\gen_wtrig_ratio_neq_2.wtrig0_r' using process `$paramod$7dfcbd4a24f0bfdcc2f47551222fe0ba6c7d84ba\serv_rf_ram_if.$proc$/home/etcfranc/NoCNoC/src/serv/rtl/serv_rf_ram_if.v:81$477'.
  created $dff cell `$procdff$8672' with positive edge clock.
Creating register for signal `$paramod$7dfcbd4a24f0bfdcc2f47551222fe0ba6c7d84ba\serv_rf_ram_if.\rdata0' using process `$paramod$7dfcbd4a24f0bfdcc2f47551222fe0ba6c7d84ba\serv_rf_ram_if.$proc$/home/etcfranc/NoCNoC/src/serv/rtl/serv_rf_ram_if.v:158$472'.
  created $dff cell `$procdff$8673' with positive edge clock.
Creating register for signal `$paramod$7dfcbd4a24f0bfdcc2f47551222fe0ba6c7d84ba\serv_rf_ram_if.\rgnt' using process `$paramod$7dfcbd4a24f0bfdcc2f47551222fe0ba6c7d84ba\serv_rf_ram_if.$proc$/home/etcfranc/NoCNoC/src/serv/rtl/serv_rf_ram_if.v:158$472'.
  created $dff cell `$procdff$8674' with positive edge clock.
Creating register for signal `$paramod$7dfcbd4a24f0bfdcc2f47551222fe0ba6c7d84ba\serv_rf_ram_if.\rcnt' using process `$paramod$7dfcbd4a24f0bfdcc2f47551222fe0ba6c7d84ba\serv_rf_ram_if.$proc$/home/etcfranc/NoCNoC/src/serv/rtl/serv_rf_ram_if.v:158$472'.
  created $dff cell `$procdff$8675' with positive edge clock.
Creating register for signal `$paramod$7dfcbd4a24f0bfdcc2f47551222fe0ba6c7d84ba\serv_rf_ram_if.\rtrig1' using process `$paramod$7dfcbd4a24f0bfdcc2f47551222fe0ba6c7d84ba\serv_rf_ram_if.$proc$/home/etcfranc/NoCNoC/src/serv/rtl/serv_rf_ram_if.v:158$472'.
  created $dff cell `$procdff$8676' with positive edge clock.
Creating register for signal `$paramod$7dfcbd4a24f0bfdcc2f47551222fe0ba6c7d84ba\serv_rf_ram_if.\rgate' using process `$paramod$7dfcbd4a24f0bfdcc2f47551222fe0ba6c7d84ba\serv_rf_ram_if.$proc$/home/etcfranc/NoCNoC/src/serv/rtl/serv_rf_ram_if.v:158$472'.
  created $dff cell `$procdff$8677' with positive edge clock.
Creating register for signal `$paramod$7dfcbd4a24f0bfdcc2f47551222fe0ba6c7d84ba\serv_rf_ram_if.\rreq_r' using process `$paramod$7dfcbd4a24f0bfdcc2f47551222fe0ba6c7d84ba\serv_rf_ram_if.$proc$/home/etcfranc/NoCNoC/src/serv/rtl/serv_rf_ram_if.v:158$472'.
  created $dff cell `$procdff$8678' with positive edge clock.
Creating register for signal `$paramod$7dfcbd4a24f0bfdcc2f47551222fe0ba6c7d84ba\serv_rf_ram_if.\wdata0_r' using process `$paramod$7dfcbd4a24f0bfdcc2f47551222fe0ba6c7d84ba\serv_rf_ram_if.$proc$/home/etcfranc/NoCNoC/src/serv/rtl/serv_rf_ram_if.v:102$468'.
  created $dff cell `$procdff$8679' with positive edge clock.
Creating register for signal `$paramod$7dfcbd4a24f0bfdcc2f47551222fe0ba6c7d84ba\serv_rf_ram_if.\wdata1_r' using process `$paramod$7dfcbd4a24f0bfdcc2f47551222fe0ba6c7d84ba\serv_rf_ram_if.$proc$/home/etcfranc/NoCNoC/src/serv/rtl/serv_rf_ram_if.v:102$468'.
  created $dff cell `$procdff$8680' with positive edge clock.
Creating register for signal `$paramod$7dfcbd4a24f0bfdcc2f47551222fe0ba6c7d84ba\serv_rf_ram_if.\wen0_r' using process `$paramod$7dfcbd4a24f0bfdcc2f47551222fe0ba6c7d84ba\serv_rf_ram_if.$proc$/home/etcfranc/NoCNoC/src/serv/rtl/serv_rf_ram_if.v:102$468'.
  created $dff cell `$procdff$8681' with positive edge clock.
Creating register for signal `$paramod$7dfcbd4a24f0bfdcc2f47551222fe0ba6c7d84ba\serv_rf_ram_if.\wen1_r' using process `$paramod$7dfcbd4a24f0bfdcc2f47551222fe0ba6c7d84ba\serv_rf_ram_if.$proc$/home/etcfranc/NoCNoC/src/serv/rtl/serv_rf_ram_if.v:102$468'.
  created $dff cell `$procdff$8682' with positive edge clock.
Creating register for signal `$paramod$66c001530bf531c4d0ead1bd2714da422040d366\servile_rf_mem_if.\o_wb_ack' using process `$paramod$66c001530bf531c4d0ead1bd2714da422040d366\servile_rf_mem_if.$proc$/home/etcfranc/NoCNoC/src/serv/servile/servile_rf_mem_if.v:61$450'.
  created $dff cell `$procdff$8683' with positive edge clock.
Creating register for signal `$paramod$66c001530bf531c4d0ead1bd2714da422040d366\servile_rf_mem_if.\bsel' using process `$paramod$66c001530bf531c4d0ead1bd2714da422040d366\servile_rf_mem_if.$proc$/home/etcfranc/NoCNoC/src/serv/servile/servile_rf_mem_if.v:61$450'.
  created $dff cell `$procdff$8684' with positive edge clock.
Creating register for signal `$paramod$66c001530bf531c4d0ead1bd2714da422040d366\servile_rf_mem_if.\wb_rdt' using process `$paramod$66c001530bf531c4d0ead1bd2714da422040d366\servile_rf_mem_if.$proc$/home/etcfranc/NoCNoC/src/serv/servile/servile_rf_mem_if.v:61$450'.
  created $dff cell `$procdff$8685' with positive edge clock.
Creating register for signal `$paramod$66c001530bf531c4d0ead1bd2714da422040d366\servile_rf_mem_if.\regzero' using process `$paramod$66c001530bf531c4d0ead1bd2714da422040d366\servile_rf_mem_if.$proc$/home/etcfranc/NoCNoC/src/serv/servile/servile_rf_mem_if.v:61$450'.
  created $dff cell `$procdff$8686' with positive edge clock.
Creating register for signal `\sram2048x8_gf180.\bank_sel_q' using process `\sram2048x8_gf180.$proc$/home/etcfranc/NoCNoC/src/subservient/rtl/sram2048x8_gf180.v:92$429'.
  created $dff cell `$procdff$8687' with positive edge clock.
Creating register for signal `$paramod\mesh_router\MY_ID=4'0000.\ne_out' using process `$paramod\mesh_router\MY_ID=4'0000.$proc$/home/etcfranc/NoCNoC/src/mesh$20-$20Psi&Aan/mesh_router.v:337$425'.
  created $dff cell `$procdff$8688' with positive edge clock.
Creating register for signal `$paramod\mesh_router\MY_ID=4'0000.\nw_out' using process `$paramod\mesh_router\MY_ID=4'0000.$proc$/home/etcfranc/NoCNoC/src/mesh$20-$20Psi&Aan/mesh_router.v:337$425'.
  created $dff cell `$procdff$8689' with positive edge clock.
Creating register for signal `$paramod\mesh_router\MY_ID=4'0000.\se_out' using process `$paramod\mesh_router\MY_ID=4'0000.$proc$/home/etcfranc/NoCNoC/src/mesh$20-$20Psi&Aan/mesh_router.v:337$425'.
  created $dff cell `$procdff$8690' with positive edge clock.
Creating register for signal `$paramod\mesh_router\MY_ID=4'0000.\sw_out' using process `$paramod\mesh_router\MY_ID=4'0000.$proc$/home/etcfranc/NoCNoC/src/mesh$20-$20Psi&Aan/mesh_router.v:337$425'.
  created $dff cell `$procdff$8691' with positive edge clock.
Creating register for signal `$paramod\mesh_router\MY_ID=4'0000.\n_out' using process `$paramod\mesh_router\MY_ID=4'0000.$proc$/home/etcfranc/NoCNoC/src/mesh$20-$20Psi&Aan/mesh_router.v:337$425'.
  created $dff cell `$procdff$8692' with positive edge clock.
Creating register for signal `$paramod\mesh_router\MY_ID=4'0000.\s_out' using process `$paramod\mesh_router\MY_ID=4'0000.$proc$/home/etcfranc/NoCNoC/src/mesh$20-$20Psi&Aan/mesh_router.v:337$425'.
  created $dff cell `$procdff$8693' with positive edge clock.
Creating register for signal `$paramod\mesh_router\MY_ID=4'0000.\e_out' using process `$paramod\mesh_router\MY_ID=4'0000.$proc$/home/etcfranc/NoCNoC/src/mesh$20-$20Psi&Aan/mesh_router.v:337$425'.
  created $dff cell `$procdff$8694' with positive edge clock.
Creating register for signal `$paramod\mesh_router\MY_ID=4'0000.\w_out' using process `$paramod\mesh_router\MY_ID=4'0000.$proc$/home/etcfranc/NoCNoC/src/mesh$20-$20Psi&Aan/mesh_router.v:337$425'.
  created $dff cell `$procdff$8695' with positive edge clock.
Creating register for signal `$paramod\mesh_router\MY_ID=4'0000.\fifo_head_reg' using process `$paramod\mesh_router\MY_ID=4'0000.$proc$/home/etcfranc/NoCNoC/src/mesh$20-$20Psi&Aan/mesh_router.v:231$96'.
  created $dff cell `$procdff$8696' with positive edge clock.
Creating register for signal `$paramod\mesh_router\MY_ID=4'0000.\i' using process `$paramod\mesh_router\MY_ID=4'0000.$proc$/home/etcfranc/NoCNoC/src/mesh$20-$20Psi&Aan/mesh_router.v:166$68'.
  created $dff cell `$procdff$8697' with positive edge clock.
Creating register for signal `$paramod\mesh_router\MY_ID=4'0000.\fifo_wr_ptr' using process `$paramod\mesh_router\MY_ID=4'0000.$proc$/home/etcfranc/NoCNoC/src/mesh$20-$20Psi&Aan/mesh_router.v:166$68'.
  created $dff cell `$procdff$8698' with positive edge clock.
Creating register for signal `$paramod\mesh_router\MY_ID=4'0000.\fifo_rd_ptr' using process `$paramod\mesh_router\MY_ID=4'0000.$proc$/home/etcfranc/NoCNoC/src/mesh$20-$20Psi&Aan/mesh_router.v:166$68'.
  created $dff cell `$procdff$8699' with positive edge clock.
Creating register for signal `$paramod\mesh_router\MY_ID=4'0000.\fifo_count' using process `$paramod\mesh_router\MY_ID=4'0000.$proc$/home/etcfranc/NoCNoC/src/mesh$20-$20Psi&Aan/mesh_router.v:166$68'.
  created $dff cell `$procdff$8700' with positive edge clock.
Creating register for signal `$paramod\mesh_router\MY_ID=4'0000.$memwr$\fifo_mem$/home/etcfranc/NoCNoC/src/mesh$20-$20Psi&Aan/mesh_router.v:172$46_EN' using process `$paramod\mesh_router\MY_ID=4'0000.$proc$/home/etcfranc/NoCNoC/src/mesh$20-$20Psi&Aan/mesh_router.v:166$68'.
  created $dff cell `$procdff$8701' with positive edge clock.
Creating register for signal `$paramod\mesh_router\MY_ID=4'0000.$memwr$\fifo_mem$/home/etcfranc/NoCNoC/src/mesh$20-$20Psi&Aan/mesh_router.v:172$47_EN' using process `$paramod\mesh_router\MY_ID=4'0000.$proc$/home/etcfranc/NoCNoC/src/mesh$20-$20Psi&Aan/mesh_router.v:166$68'.
  created $dff cell `$procdff$8702' with positive edge clock.
Creating register for signal `$paramod\mesh_router\MY_ID=4'0000.$memwr$\fifo_mem$/home/etcfranc/NoCNoC/src/mesh$20-$20Psi&Aan/mesh_router.v:172$48_EN' using process `$paramod\mesh_router\MY_ID=4'0000.$proc$/home/etcfranc/NoCNoC/src/mesh$20-$20Psi&Aan/mesh_router.v:166$68'.
  created $dff cell `$procdff$8703' with positive edge clock.
Creating register for signal `$paramod\mesh_router\MY_ID=4'0000.$memwr$\fifo_mem$/home/etcfranc/NoCNoC/src/mesh$20-$20Psi&Aan/mesh_router.v:172$49_EN' using process `$paramod\mesh_router\MY_ID=4'0000.$proc$/home/etcfranc/NoCNoC/src/mesh$20-$20Psi&Aan/mesh_router.v:166$68'.
  created $dff cell `$procdff$8704' with positive edge clock.
Creating register for signal `$paramod\mesh_router\MY_ID=4'0000.$memwr$\fifo_mem$/home/etcfranc/NoCNoC/src/mesh$20-$20Psi&Aan/mesh_router.v:175$50_ADDR' using process `$paramod\mesh_router\MY_ID=4'0000.$proc$/home/etcfranc/NoCNoC/src/mesh$20-$20Psi&Aan/mesh_router.v:166$68'.
  created $dff cell `$procdff$8705' with positive edge clock.
Creating register for signal `$paramod\mesh_router\MY_ID=4'0000.$memwr$\fifo_mem$/home/etcfranc/NoCNoC/src/mesh$20-$20Psi&Aan/mesh_router.v:175$50_DATA' using process `$paramod\mesh_router\MY_ID=4'0000.$proc$/home/etcfranc/NoCNoC/src/mesh$20-$20Psi&Aan/mesh_router.v:166$68'.
  created $dff cell `$procdff$8706' with positive edge clock.
Creating register for signal `$paramod\mesh_router\MY_ID=4'0000.$memwr$\fifo_mem$/home/etcfranc/NoCNoC/src/mesh$20-$20Psi&Aan/mesh_router.v:175$50_EN' using process `$paramod\mesh_router\MY_ID=4'0000.$proc$/home/etcfranc/NoCNoC/src/mesh$20-$20Psi&Aan/mesh_router.v:166$68'.
  created $dff cell `$procdff$8707' with positive edge clock.
Creating register for signal `$paramod\mesh_router\MY_ID=4'0000.\cpu_read_q' using process `$paramod\mesh_router\MY_ID=4'0000.$proc$/home/etcfranc/NoCNoC/src/mesh$20-$20Psi&Aan/mesh_router.v:159$63'.
  created $dff cell `$procdff$8708' with positive edge clock.
Creating register for signal `$paramod\mesh_router\MY_ID=4'0000.\inject_flit' using process `$paramod\mesh_router\MY_ID=4'0000.$proc$/home/etcfranc/NoCNoC/src/mesh$20-$20Psi&Aan/mesh_router.v:88$54'.
  created $dff cell `$procdff$8709' with positive edge clock.
Creating register for signal `$paramod$f3cec78d1cfbbfc8778027792a43ce84e0717e5d\serv_state.\gen_csr.misalign_trap_sync_r' using process `$paramod$f3cec78d1cfbbfc8778027792a43ce84e0717e5d\serv_state.$proc$/home/etcfranc/NoCNoC/src/serv/rtl/serv_state.v:230$994'.
  created $dff cell `$procdff$8710' with positive edge clock.
Creating register for signal `$paramod$f3cec78d1cfbbfc8778027792a43ce84e0717e5d\serv_state.\o_cnt' using process `$paramod$f3cec78d1cfbbfc8778027792a43ce84e0717e5d\serv_state.$proc$/home/etcfranc/NoCNoC/src/serv/rtl/serv_state.v:198$987'.
  created $dff cell `$procdff$8711' with positive edge clock.
Creating register for signal `$paramod$f3cec78d1cfbbfc8778027792a43ce84e0717e5d\serv_state.\gen_cnt_w_eq_1.cnt_lsb' using process `$paramod$f3cec78d1cfbbfc8778027792a43ce84e0717e5d\serv_state.$proc$/home/etcfranc/NoCNoC/src/serv/rtl/serv_state.v:198$987'.
  created $dff cell `$procdff$8712' with positive edge clock.
Creating register for signal `$paramod$f3cec78d1cfbbfc8778027792a43ce84e0717e5d\serv_state.\o_ctrl_jump' using process `$paramod$f3cec78d1cfbbfc8778027792a43ce84e0717e5d\serv_state.$proc$/home/etcfranc/NoCNoC/src/serv/rtl/serv_state.v:147$977'.
  created $dff cell `$procdff$8713' with positive edge clock.
Creating register for signal `$paramod$f3cec78d1cfbbfc8778027792a43ce84e0717e5d\serv_state.\init_done' using process `$paramod$f3cec78d1cfbbfc8778027792a43ce84e0717e5d\serv_state.$proc$/home/etcfranc/NoCNoC/src/serv/rtl/serv_state.v:147$977'.
  created $dff cell `$procdff$8714' with positive edge clock.
Creating register for signal `$paramod$f3cec78d1cfbbfc8778027792a43ce84e0717e5d\serv_state.\ibus_cyc' using process `$paramod$f3cec78d1cfbbfc8778027792a43ce84e0717e5d\serv_state.$proc$/home/etcfranc/NoCNoC/src/serv/rtl/serv_state.v:147$977'.
  created $dff cell `$procdff$8715' with positive edge clock.
Creating register for signal `$paramod\serv_decode\PRE_REGISTER=1'1\MDU=1'0.\opcode' using process `$paramod\serv_decode\PRE_REGISTER=1'1\MDU=1'0.$proc$/home/etcfranc/NoCNoC/src/serv/rtl/serv_decode.v:242$901'.
  created $dff cell `$procdff$8716' with positive edge clock.
Creating register for signal `$paramod\serv_decode\PRE_REGISTER=1'1\MDU=1'0.\funct3' using process `$paramod\serv_decode\PRE_REGISTER=1'1\MDU=1'0.$proc$/home/etcfranc/NoCNoC/src/serv/rtl/serv_decode.v:242$901'.
  created $dff cell `$procdff$8717' with positive edge clock.
Creating register for signal `$paramod\serv_decode\PRE_REGISTER=1'1\MDU=1'0.\op20' using process `$paramod\serv_decode\PRE_REGISTER=1'1\MDU=1'0.$proc$/home/etcfranc/NoCNoC/src/serv/rtl/serv_decode.v:242$901'.
  created $dff cell `$procdff$8718' with positive edge clock.
Creating register for signal `$paramod\serv_decode\PRE_REGISTER=1'1\MDU=1'0.\op21' using process `$paramod\serv_decode\PRE_REGISTER=1'1\MDU=1'0.$proc$/home/etcfranc/NoCNoC/src/serv/rtl/serv_decode.v:242$901'.
  created $dff cell `$procdff$8719' with positive edge clock.
Creating register for signal `$paramod\serv_decode\PRE_REGISTER=1'1\MDU=1'0.\op22' using process `$paramod\serv_decode\PRE_REGISTER=1'1\MDU=1'0.$proc$/home/etcfranc/NoCNoC/src/serv/rtl/serv_decode.v:242$901'.
  created $dff cell `$procdff$8720' with positive edge clock.
Creating register for signal `$paramod\serv_decode\PRE_REGISTER=1'1\MDU=1'0.\op26' using process `$paramod\serv_decode\PRE_REGISTER=1'1\MDU=1'0.$proc$/home/etcfranc/NoCNoC/src/serv/rtl/serv_decode.v:242$901'.
  created $dff cell `$procdff$8721' with positive edge clock.
Creating register for signal `$paramod\serv_decode\PRE_REGISTER=1'1\MDU=1'0.\imm25' using process `$paramod\serv_decode\PRE_REGISTER=1'1\MDU=1'0.$proc$/home/etcfranc/NoCNoC/src/serv/rtl/serv_decode.v:242$901'.
  created $dff cell `$procdff$8722' with positive edge clock.
Creating register for signal `$paramod\serv_decode\PRE_REGISTER=1'1\MDU=1'0.\imm30' using process `$paramod\serv_decode\PRE_REGISTER=1'1\MDU=1'0.$proc$/home/etcfranc/NoCNoC/src/serv/rtl/serv_decode.v:242$901'.
  created $dff cell `$procdff$8723' with positive edge clock.
Creating register for signal `$paramod\serv_immdec\W=s32'00000000000000000000000000000001.\gen_immdec_w_eq_1.imm31' using process `$paramod\serv_immdec\W=s32'00000000000000000000000000000001.$proc$/home/etcfranc/NoCNoC/src/serv/rtl/serv_immdec.v:49$745'.
  created $dff cell `$procdff$8724' with positive edge clock.
Creating register for signal `$paramod\serv_immdec\W=s32'00000000000000000000000000000001.\gen_immdec_w_eq_1.imm19_12_20' using process `$paramod\serv_immdec\W=s32'00000000000000000000000000000001.$proc$/home/etcfranc/NoCNoC/src/serv/rtl/serv_immdec.v:49$745'.
  created $dff cell `$procdff$8725' with positive edge clock.
Creating register for signal `$paramod\serv_immdec\W=s32'00000000000000000000000000000001.\gen_immdec_w_eq_1.imm7' using process `$paramod\serv_immdec\W=s32'00000000000000000000000000000001.$proc$/home/etcfranc/NoCNoC/src/serv/rtl/serv_immdec.v:49$745'.
  created $dff cell `$procdff$8726' with positive edge clock.
Creating register for signal `$paramod\serv_immdec\W=s32'00000000000000000000000000000001.\gen_immdec_w_eq_1.imm30_25' using process `$paramod\serv_immdec\W=s32'00000000000000000000000000000001.$proc$/home/etcfranc/NoCNoC/src/serv/rtl/serv_immdec.v:49$745'.
  created $dff cell `$procdff$8727' with positive edge clock.
Creating register for signal `$paramod\serv_immdec\W=s32'00000000000000000000000000000001.\gen_immdec_w_eq_1.imm24_20' using process `$paramod\serv_immdec\W=s32'00000000000000000000000000000001.$proc$/home/etcfranc/NoCNoC/src/serv/rtl/serv_immdec.v:49$745'.
  created $dff cell `$procdff$8728' with positive edge clock.
Creating register for signal `$paramod\serv_immdec\W=s32'00000000000000000000000000000001.\gen_immdec_w_eq_1.imm11_7' using process `$paramod\serv_immdec\W=s32'00000000000000000000000000000001.$proc$/home/etcfranc/NoCNoC/src/serv/rtl/serv_immdec.v:49$745'.
  created $dff cell `$procdff$8729' with positive edge clock.
Creating register for signal `$paramod\serv_bufreg\MDU=1'0\W=s32'00000000000000000000000000000001.\data' using process `$paramod\serv_bufreg\MDU=1'0\W=s32'00000000000000000000000000000001.$proc$/home/etcfranc/NoCNoC/src/serv/rtl/serv_bufreg.v:62$734'.
  created $dff cell `$procdff$8730' with positive edge clock.
Creating register for signal `$paramod\serv_bufreg\MDU=1'0\W=s32'00000000000000000000000000000001.\c_r' using process `$paramod\serv_bufreg\MDU=1'0\W=s32'00000000000000000000000000000001.$proc$/home/etcfranc/NoCNoC/src/serv/rtl/serv_bufreg.v:54$732'.
  created $dff cell `$procdff$8731' with positive edge clock.
Creating register for signal `$paramod\serv_bufreg2\W=s32'00000000000000000000000000000001.\dhi' using process `$paramod\serv_bufreg2\W=s32'00000000000000000000000000000001.$proc$/home/etcfranc/NoCNoC/src/serv/rtl/serv_bufreg2.v:98$713'.
  created $dff cell `$procdff$8732' with positive edge clock.
Creating register for signal `$paramod\serv_bufreg2\W=s32'00000000000000000000000000000001.\dlo' using process `$paramod\serv_bufreg2\W=s32'00000000000000000000000000000001.$proc$/home/etcfranc/NoCNoC/src/serv/rtl/serv_bufreg2.v:98$713'.
  created $dff cell `$procdff$8733' with positive edge clock.
Creating register for signal `$paramod$9612b4840d8ba9073515f47ec1c47f8b049edc33\serv_ctrl.\o_ibus_adr' using process `$paramod$9612b4840d8ba9073515f47ec1c47f8b049edc33\serv_ctrl.$proc$/home/etcfranc/NoCNoC/src/serv/rtl/serv_ctrl.v:103$660'.
  created $dff cell `$procdff$8734' with positive edge clock.
Creating register for signal `$paramod$9612b4840d8ba9073515f47ec1c47f8b049edc33\serv_ctrl.\pc_plus_4_cy_r' using process `$paramod$9612b4840d8ba9073515f47ec1c47f8b049edc33\serv_ctrl.$proc$/home/etcfranc/NoCNoC/src/serv/rtl/serv_ctrl.v:103$660'.
  created $dff cell `$procdff$8735' with positive edge clock.
Creating register for signal `$paramod$9612b4840d8ba9073515f47ec1c47f8b049edc33\serv_ctrl.\pc_plus_offset_cy_r' using process `$paramod$9612b4840d8ba9073515f47ec1c47f8b049edc33\serv_ctrl.$proc$/home/etcfranc/NoCNoC/src/serv/rtl/serv_ctrl.v:103$660'.
  created $dff cell `$procdff$8736' with positive edge clock.
Creating register for signal `$paramod\serv_alu\W=s32'00000000000000000000000000000001.\cmp_r' using process `$paramod\serv_alu\W=s32'00000000000000000000000000000001.$proc$/home/etcfranc/NoCNoC/src/serv/rtl/serv_alu.v:79$646'.
  created $dff cell `$procdff$8737' with positive edge clock.
Creating register for signal `$paramod\serv_alu\W=s32'00000000000000000000000000000001.\add_cy_r' using process `$paramod\serv_alu\W=s32'00000000000000000000000000000001.$proc$/home/etcfranc/NoCNoC/src/serv/rtl/serv_alu.v:79$646'.
  created $dff cell `$procdff$8738' with positive edge clock.

45. Executing PROC_MEMWR pass (convert process memory writes to cells).

46. Executing PROC_CLEAN pass (remove empty switches from decision trees).
Found and cleaned up 3 empty switches in `\mesh_tile.$proc$/home/etcfranc/NoCNoC/src/mesh$20-$20Psi&Aan/mesh_tile.v:123$9'.
Removing empty process `mesh_tile.$proc$/home/etcfranc/NoCNoC/src/mesh$20-$20Psi&Aan/mesh_tile.v:123$9'.
Removing empty process `mesh_tile.$proc$/home/etcfranc/NoCNoC/src/mesh$20-$20Psi&Aan/mesh_tile.v:81$2'.
Found and cleaned up 1 empty switch in `$paramod\serv_mem_if\WITH_CSR=1'1\W=s32'00000000000000000000000000000001.$proc$/home/etcfranc/NoCNoC/src/serv/rtl/serv_mem_if.v:47$586'.
Removing empty process `$paramod\serv_mem_if\WITH_CSR=1'1\W=s32'00000000000000000000000000000001.$proc$/home/etcfranc/NoCNoC/src/serv/rtl/serv_mem_if.v:47$586'.
Found and cleaned up 7 empty switches in `$paramod$3e7b4dd89124d05b1503dd2b902960520f2771f4\serv_csr.$proc$/home/etcfranc/NoCNoC/src/serv/rtl/serv_csr.v:98$524'.
Removing empty process `$paramod$3e7b4dd89124d05b1503dd2b902960520f2771f4\serv_csr.$proc$/home/etcfranc/NoCNoC/src/serv/rtl/serv_csr.v:98$524'.
Removing empty process `$paramod\servile_mux\sim=1'0.$proc$/home/etcfranc/NoCNoC/src/serv/servile/servile_mux.v:96$501'.
Found and cleaned up 1 empty switch in `$paramod$7dfcbd4a24f0bfdcc2f47551222fe0ba6c7d84ba\serv_rf_ram_if.$proc$/home/etcfranc/NoCNoC/src/serv/rtl/serv_rf_ram_if.v:148$480'.
Removing empty process `$paramod$7dfcbd4a24f0bfdcc2f47551222fe0ba6c7d84ba\serv_rf_ram_if.$proc$/home/etcfranc/NoCNoC/src/serv/rtl/serv_rf_ram_if.v:148$480'.
Removing empty process `$paramod$7dfcbd4a24f0bfdcc2f47551222fe0ba6c7d84ba\serv_rf_ram_if.$proc$/home/etcfranc/NoCNoC/src/serv/rtl/serv_rf_ram_if.v:81$477'.
Found and cleaned up 4 empty switches in `$paramod$7dfcbd4a24f0bfdcc2f47551222fe0ba6c7d84ba\serv_rf_ram_if.$proc$/home/etcfranc/NoCNoC/src/serv/rtl/serv_rf_ram_if.v:158$472'.
Removing empty process `$paramod$7dfcbd4a24f0bfdcc2f47551222fe0ba6c7d84ba\serv_rf_ram_if.$proc$/home/etcfranc/NoCNoC/src/serv/rtl/serv_rf_ram_if.v:158$472'.
Found and cleaned up 1 empty switch in `$paramod$7dfcbd4a24f0bfdcc2f47551222fe0ba6c7d84ba\serv_rf_ram_if.$proc$/home/etcfranc/NoCNoC/src/serv/rtl/serv_rf_ram_if.v:102$468'.
Removing empty process `$paramod$7dfcbd4a24f0bfdcc2f47551222fe0ba6c7d84ba\serv_rf_ram_if.$proc$/home/etcfranc/NoCNoC/src/serv/rtl/serv_rf_ram_if.v:102$468'.
Found and cleaned up 5 empty switches in `$paramod$66c001530bf531c4d0ead1bd2714da422040d366\servile_rf_mem_if.$proc$/home/etcfranc/NoCNoC/src/serv/servile/servile_rf_mem_if.v:61$450'.
Removing empty process `$paramod$66c001530bf531c4d0ead1bd2714da422040d366\servile_rf_mem_if.$proc$/home/etcfranc/NoCNoC/src/serv/servile/servile_rf_mem_if.v:61$450'.
Found and cleaned up 1 empty switch in `\sram2048x8_gf180.$proc$/home/etcfranc/NoCNoC/src/subservient/rtl/sram2048x8_gf180.v:92$429'.
Removing empty process `sram2048x8_gf180.$proc$/home/etcfranc/NoCNoC/src/subservient/rtl/sram2048x8_gf180.v:92$429'.
Found and cleaned up 1 empty switch in `$paramod\mesh_router\MY_ID=4'0000.$proc$/home/etcfranc/NoCNoC/src/mesh$20-$20Psi&Aan/mesh_router.v:337$425'.
Removing empty process `$paramod\mesh_router\MY_ID=4'0000.$proc$/home/etcfranc/NoCNoC/src/mesh$20-$20Psi&Aan/mesh_router.v:337$425'.
Found and cleaned up 162 empty switches in `$paramod\mesh_router\MY_ID=4'0000.$proc$/home/etcfranc/NoCNoC/src/mesh$20-$20Psi&Aan/mesh_router.v:286$109'.
Removing empty process `$paramod\mesh_router\MY_ID=4'0000.$proc$/home/etcfranc/NoCNoC/src/mesh$20-$20Psi&Aan/mesh_router.v:286$109'.
Found and cleaned up 1 empty switch in `$paramod\mesh_router\MY_ID=4'0000.$proc$/home/etcfranc/NoCNoC/src/mesh$20-$20Psi&Aan/mesh_router.v:231$96'.
Removing empty process `$paramod\mesh_router\MY_ID=4'0000.$proc$/home/etcfranc/NoCNoC/src/mesh$20-$20Psi&Aan/mesh_router.v:231$96'.
Found and cleaned up 5 empty switches in `$paramod\mesh_router\MY_ID=4'0000.$proc$/home/etcfranc/NoCNoC/src/mesh$20-$20Psi&Aan/mesh_router.v:166$68'.
Removing empty process `$paramod\mesh_router\MY_ID=4'0000.$proc$/home/etcfranc/NoCNoC/src/mesh$20-$20Psi&Aan/mesh_router.v:166$68'.
Found and cleaned up 1 empty switch in `$paramod\mesh_router\MY_ID=4'0000.$proc$/home/etcfranc/NoCNoC/src/mesh$20-$20Psi&Aan/mesh_router.v:159$63'.
Removing empty process `$paramod\mesh_router\MY_ID=4'0000.$proc$/home/etcfranc/NoCNoC/src/mesh$20-$20Psi&Aan/mesh_router.v:159$63'.
Found and cleaned up 2 empty switches in `$paramod\mesh_router\MY_ID=4'0000.$proc$/home/etcfranc/NoCNoC/src/mesh$20-$20Psi&Aan/mesh_router.v:88$54'.
Removing empty process `$paramod\mesh_router\MY_ID=4'0000.$proc$/home/etcfranc/NoCNoC/src/mesh$20-$20Psi&Aan/mesh_router.v:88$54'.
Found and cleaned up 1 empty switch in `$paramod$f3cec78d1cfbbfc8778027792a43ce84e0717e5d\serv_state.$proc$/home/etcfranc/NoCNoC/src/serv/rtl/serv_state.v:230$994'.
Removing empty process `$paramod$f3cec78d1cfbbfc8778027792a43ce84e0717e5d\serv_state.$proc$/home/etcfranc/NoCNoC/src/serv/rtl/serv_state.v:230$994'.
Found and cleaned up 1 empty switch in `$paramod$f3cec78d1cfbbfc8778027792a43ce84e0717e5d\serv_state.$proc$/home/etcfranc/NoCNoC/src/serv/rtl/serv_state.v:198$987'.
Removing empty process `$paramod$f3cec78d1cfbbfc8778027792a43ce84e0717e5d\serv_state.$proc$/home/etcfranc/NoCNoC/src/serv/rtl/serv_state.v:198$987'.
Found and cleaned up 3 empty switches in `$paramod$f3cec78d1cfbbfc8778027792a43ce84e0717e5d\serv_state.$proc$/home/etcfranc/NoCNoC/src/serv/rtl/serv_state.v:147$977'.
Removing empty process `$paramod$f3cec78d1cfbbfc8778027792a43ce84e0717e5d\serv_state.$proc$/home/etcfranc/NoCNoC/src/serv/rtl/serv_state.v:147$977'.
Removing empty process `$paramod\serv_decode\PRE_REGISTER=1'1\MDU=1'0.$proc$/home/etcfranc/NoCNoC/src/serv/rtl/serv_decode.v:255$902'.
Found and cleaned up 1 empty switch in `$paramod\serv_decode\PRE_REGISTER=1'1\MDU=1'0.$proc$/home/etcfranc/NoCNoC/src/serv/rtl/serv_decode.v:242$901'.
Removing empty process `$paramod\serv_decode\PRE_REGISTER=1'1\MDU=1'0.$proc$/home/etcfranc/NoCNoC/src/serv/rtl/serv_decode.v:242$901'.
Found and cleaned up 6 empty switches in `$paramod\serv_immdec\W=s32'00000000000000000000000000000001.$proc$/home/etcfranc/NoCNoC/src/serv/rtl/serv_immdec.v:49$745'.
Removing empty process `$paramod\serv_immdec\W=s32'00000000000000000000000000000001.$proc$/home/etcfranc/NoCNoC/src/serv/rtl/serv_immdec.v:49$745'.
Found and cleaned up 2 empty switches in `$paramod\serv_bufreg\MDU=1'0\W=s32'00000000000000000000000000000001.$proc$/home/etcfranc/NoCNoC/src/serv/rtl/serv_bufreg.v:62$734'.
Removing empty process `$paramod\serv_bufreg\MDU=1'0\W=s32'00000000000000000000000000000001.$proc$/home/etcfranc/NoCNoC/src/serv/rtl/serv_bufreg.v:62$734'.
Removing empty process `$paramod\serv_bufreg\MDU=1'0\W=s32'00000000000000000000000000000001.$proc$/home/etcfranc/NoCNoC/src/serv/rtl/serv_bufreg.v:54$732'.
Found and cleaned up 2 empty switches in `$paramod\serv_bufreg2\W=s32'00000000000000000000000000000001.$proc$/home/etcfranc/NoCNoC/src/serv/rtl/serv_bufreg2.v:98$713'.
Removing empty process `$paramod\serv_bufreg2\W=s32'00000000000000000000000000000001.$proc$/home/etcfranc/NoCNoC/src/serv/rtl/serv_bufreg2.v:98$713'.
Found and cleaned up 1 empty switch in `$paramod$9612b4840d8ba9073515f47ec1c47f8b049edc33\serv_ctrl.$proc$/home/etcfranc/NoCNoC/src/serv/rtl/serv_ctrl.v:103$660'.
Removing empty process `$paramod$9612b4840d8ba9073515f47ec1c47f8b049edc33\serv_ctrl.$proc$/home/etcfranc/NoCNoC/src/serv/rtl/serv_ctrl.v:103$660'.
Found and cleaned up 1 empty switch in `$paramod\serv_alu\W=s32'00000000000000000000000000000001.$proc$/home/etcfranc/NoCNoC/src/serv/rtl/serv_alu.v:79$646'.
Removing empty process `$paramod\serv_alu\W=s32'00000000000000000000000000000001.$proc$/home/etcfranc/NoCNoC/src/serv/rtl/serv_alu.v:79$646'.
Cleaned up 213 empty switches.

47. Executing CHECK pass (checking for obvious problems).
Checking module mesh_tile...
Checking module $paramod\serv_mem_if\WITH_CSR=1'1\W=s32'00000000000000000000000000000001...
Checking module $paramod$3e7b4dd89124d05b1503dd2b902960520f2771f4\serv_csr...
Checking module $paramod\servile_mux\sim=1'0...
Checking module servile_arbiter...
Checking module $paramod$7dfcbd4a24f0bfdcc2f47551222fe0ba6c7d84ba\serv_rf_ram_if...
Checking module $paramod$71071d578d64cf2b9b55dab146290615dbda78fc\serv_top...
Checking module $paramod$66c001530bf531c4d0ead1bd2714da422040d366\servile_rf_mem_if...
Checking module $paramod$5d687c93bb8ae2c134ea134003a45acb1754b8ea\servile...
Checking module $paramod\subservient_core\memsize=s32'00000000000000000000100000000000...
Checking module sram2048x8_gf180...
Checking module $paramod\mesh_router\MY_ID=4'0000...
Checking module $paramod$e1f948ce0562a6173fd622abd894e278bdd3effe\serv_rf_if...
Checking module $paramod$f3cec78d1cfbbfc8778027792a43ce84e0717e5d\serv_state...
Checking module $paramod\serv_decode\PRE_REGISTER=1'1\MDU=1'0...
Checking module $paramod\serv_immdec\W=s32'00000000000000000000000000000001...
Checking module $paramod\serv_bufreg\MDU=1'0\W=s32'00000000000000000000000000000001...
Checking module $paramod\serv_bufreg2\W=s32'00000000000000000000000000000001...
Checking module $paramod$9612b4840d8ba9073515f47ec1c47f8b049edc33\serv_ctrl...
Checking module $paramod\serv_alu\W=s32'00000000000000000000000000000001...
Found and reported 0 problems.

48. Executing OPT_EXPR pass (perform const folding).
Optimizing module mesh_tile.
<suppressed ~9 debug messages>
Optimizing module $paramod\serv_mem_if\WITH_CSR=1'1\W=s32'00000000000000000000000000000001.
<suppressed ~3 debug messages>
Optimizing module $paramod$3e7b4dd89124d05b1503dd2b902960520f2771f4\serv_csr.
<suppressed ~1 debug messages>
Optimizing module $paramod\servile_mux\sim=1'0.
<suppressed ~8 debug messages>
Optimizing module servile_arbiter.
Optimizing module $paramod$7dfcbd4a24f0bfdcc2f47551222fe0ba6c7d84ba\serv_rf_ram_if.
<suppressed ~1 debug messages>
Optimizing module $paramod$71071d578d64cf2b9b55dab146290615dbda78fc\serv_top.
Optimizing module $paramod$66c001530bf531c4d0ead1bd2714da422040d366\servile_rf_mem_if.
<suppressed ~3 debug messages>
Optimizing module $paramod$5d687c93bb8ae2c134ea134003a45acb1754b8ea\servile.
<suppressed ~1 debug messages>
Optimizing module $paramod\subservient_core\memsize=s32'00000000000000000000100000000000.
Optimizing module sram2048x8_gf180.
<suppressed ~1 debug messages>
Optimizing module $paramod\mesh_router\MY_ID=4'0000.
<suppressed ~102 debug messages>
Optimizing module $paramod$e1f948ce0562a6173fd622abd894e278bdd3effe\serv_rf_if.
<suppressed ~1 debug messages>
Optimizing module $paramod$f3cec78d1cfbbfc8778027792a43ce84e0717e5d\serv_state.
<suppressed ~14 debug messages>
Optimizing module $paramod\serv_decode\PRE_REGISTER=1'1\MDU=1'0.
<suppressed ~15 debug messages>
Optimizing module $paramod\serv_immdec\W=s32'00000000000000000000000000000001.
Optimizing module $paramod\serv_bufreg\MDU=1'0\W=s32'00000000000000000000000000000001.
<suppressed ~2 debug messages>
Optimizing module $paramod\serv_bufreg2\W=s32'00000000000000000000000000000001.
<suppressed ~2 debug messages>
Optimizing module $paramod$9612b4840d8ba9073515f47ec1c47f8b049edc33\serv_ctrl.
Optimizing module $paramod\serv_alu\W=s32'00000000000000000000000000000001.
<suppressed ~1 debug messages>

49. Executing FLATTEN pass (flatten design).
Deleting now unused module $paramod\serv_mem_if\WITH_CSR=1'1\W=s32'00000000000000000000000000000001.
Deleting now unused module $paramod$3e7b4dd89124d05b1503dd2b902960520f2771f4\serv_csr.
Deleting now unused module $paramod\servile_mux\sim=1'0.
Deleting now unused module servile_arbiter.
Deleting now unused module $paramod$7dfcbd4a24f0bfdcc2f47551222fe0ba6c7d84ba\serv_rf_ram_if.
Deleting now unused module $paramod$71071d578d64cf2b9b55dab146290615dbda78fc\serv_top.
Deleting now unused module $paramod$66c001530bf531c4d0ead1bd2714da422040d366\servile_rf_mem_if.
Deleting now unused module $paramod$5d687c93bb8ae2c134ea134003a45acb1754b8ea\servile.
Deleting now unused module $paramod\subservient_core\memsize=s32'00000000000000000000100000000000.
Deleting now unused module sram2048x8_gf180.
Deleting now unused module $paramod\mesh_router\MY_ID=4'0000.
Deleting now unused module $paramod$e1f948ce0562a6173fd622abd894e278bdd3effe\serv_rf_if.
Deleting now unused module $paramod$f3cec78d1cfbbfc8778027792a43ce84e0717e5d\serv_state.
Deleting now unused module $paramod\serv_decode\PRE_REGISTER=1'1\MDU=1'0.
Deleting now unused module $paramod\serv_immdec\W=s32'00000000000000000000000000000001.
Deleting now unused module $paramod\serv_bufreg\MDU=1'0\W=s32'00000000000000000000000000000001.
Deleting now unused module $paramod\serv_bufreg2\W=s32'00000000000000000000000000000001.
Deleting now unused module $paramod$9612b4840d8ba9073515f47ec1c47f8b049edc33\serv_ctrl.
Deleting now unused module $paramod\serv_alu\W=s32'00000000000000000000000000000001.
<suppressed ~19 debug messages>

50. Executing OPT_EXPR pass (perform const folding).
Optimizing module mesh_tile.
<suppressed ~8 debug messages>

51. Executing OPT_CLEAN pass (remove unused cells and wires).
Finding unused cells or wires in module \mesh_tile..
Removed 144 unused cells and 3731 unused wires.
<suppressed ~171 debug messages>

52. Executing OPT_EXPR pass (perform const folding).
Optimizing module mesh_tile.

53. Executing OPT_MERGE pass (detect identical cells).
Finding identical cells in module `\mesh_tile'.
Computing hashes of 3364 cells of `\mesh_tile'.
Finding duplicate cells in `\mesh_tile'.
Computing hashes of 3223 cells of `\mesh_tile'.
Finding duplicate cells in `\mesh_tile'.
Computing hashes of 3218 cells of `\mesh_tile'.
Finding duplicate cells in `\mesh_tile'.
Computing hashes of 3217 cells of `\mesh_tile'.
Finding duplicate cells in `\mesh_tile'.
<suppressed ~441 debug messages>
Removed a total of 147 cells.

54. Executing OPT_MUXTREE pass (detect dead branches in mux trees).
Running muxtree optimizer on module \mesh_tile..
  Creating internal representation of mux trees.
  Evaluating internal representation of mux trees.
      Replacing known input bits on port A of cell $flatten\router_inst.$procmux$1771: \sw_in -> { 1'1 \sw_in [32:0] }
      Replacing known input bits on port B of cell $flatten\router_inst.$procmux$1771: $flatten\router_inst.$29\next_se[33:0] -> { 1'1 $flatten\router_inst.$29\next_se[33:0] [32:0] }
      Replacing known input bits on port A of cell $flatten\router_inst.$procmux$1672: \sw_in -> { 1'1 \sw_in [32:0] }
      Replacing known input bits on port B of cell $flatten\router_inst.$procmux$1672: $flatten\router_inst.$36\next_sw[33:0] -> { 1'1 $flatten\router_inst.$36\next_sw[33:0] [32:0] }
      Replacing known input bits on port A of cell $flatten\router_inst.$procmux$1453: \sw_in -> { 1'1 \sw_in [32:0] }
      Replacing known input bits on port B of cell $flatten\router_inst.$procmux$1453: $flatten\router_inst.$50\next_nw[33:0] -> { 1'1 $flatten\router_inst.$50\next_nw[33:0] [32:0] }
      Replacing known input bits on port A of cell $flatten\router_inst.$procmux$1564: \sw_in -> { 1'1 \sw_in [32:0] }
      Replacing known input bits on port B of cell $flatten\router_inst.$procmux$1564: $flatten\router_inst.$43\next_ne[33:0] -> { 1'1 $flatten\router_inst.$43\next_ne[33:0] [32:0] }
      Replacing known input bits on port A of cell $flatten\router_inst.$procmux$1131: \sw_in -> { 1'1 \sw_in [32:0] }
      Replacing known input bits on port B of cell $flatten\router_inst.$procmux$1131: $flatten\router_inst.$71\next_w[33:0] -> { 1'1 $flatten\router_inst.$71\next_w[33:0] [32:0] }
      Replacing known input bits on port A of cell $flatten\router_inst.$procmux$1162: \sw_in -> { 1'1 \sw_in [32:0] }
      Replacing known input bits on port B of cell $flatten\router_inst.$procmux$1162: $flatten\router_inst.$71\next_e[33:0] -> { 1'1 $flatten\router_inst.$71\next_e[33:0] [32:0] }
      Replacing known input bits on port A of cell $flatten\router_inst.$procmux$1345: \sw_in -> { 1'1 \sw_in [32:0] }
      Replacing known input bits on port B of cell $flatten\router_inst.$procmux$1345: $flatten\router_inst.$57\next_s[33:0] -> { 1'1 $flatten\router_inst.$57\next_s[33:0] [32:0] }
      Replacing known input bits on port A of cell $flatten\router_inst.$procmux$1246: \sw_in -> { 1'1 \sw_in [32:0] }
      Replacing known input bits on port B of cell $flatten\router_inst.$procmux$1246: $flatten\router_inst.$64\next_n[33:0] -> { 1'1 $flatten\router_inst.$64\next_n[33:0] [32:0] }
      Replacing known input bits on port B of cell $flatten\router_inst.$procmux$1855: \sw_in -> { 1'1 \sw_in [32:0] }
      Replacing known input bits on port B of cell $flatten\router_inst.$procmux$2677: \se_in -> { 1'1 \se_in [32:0] }
      Replacing known input bits on port A of cell $flatten\router_inst.$procmux$2494: \se_in -> { 1'1 \se_in [32:0] }
      Replacing known input bits on port B of cell $flatten\router_inst.$procmux$2494: $flatten\router_inst.$31\next_sw[33:0] -> { 1'1 $flatten\router_inst.$31\next_sw[33:0] [32:0] }
      Replacing known input bits on port A of cell $flatten\router_inst.$procmux$2593: \se_in -> { 1'1 \se_in [32:0] }
      Replacing known input bits on port B of cell $flatten\router_inst.$procmux$2593: $flatten\router_inst.$25\next_se[33:0] -> { 1'1 $flatten\router_inst.$25\next_se[33:0] [32:0] }
      Replacing known input bits on port A of cell $flatten\router_inst.$procmux$2275: \se_in -> { 1'1 \se_in [32:0] }
      Replacing known input bits on port B of cell $flatten\router_inst.$procmux$2275: $flatten\router_inst.$43\next_nw[33:0] -> { 1'1 $flatten\router_inst.$43\next_nw[33:0] [32:0] }
      Replacing known input bits on port A of cell $flatten\router_inst.$procmux$2386: \se_in -> { 1'1 \se_in [32:0] }
      Replacing known input bits on port B of cell $flatten\router_inst.$procmux$2386: $flatten\router_inst.$37\next_ne[33:0] -> { 1'1 $flatten\router_inst.$37\next_ne[33:0] [32:0] }
      Replacing known input bits on port A of cell $flatten\router_inst.$procmux$1953: \se_in -> { 1'1 \se_in [32:0] }
      Replacing known input bits on port B of cell $flatten\router_inst.$procmux$1953: $flatten\router_inst.$61\next_w[33:0] -> { 1'1 $flatten\router_inst.$61\next_w[33:0] [32:0] }
      Replacing known input bits on port A of cell $flatten\router_inst.$procmux$1984: \se_in -> { 1'1 \se_in [32:0] }
      Replacing known input bits on port B of cell $flatten\router_inst.$procmux$1984: $flatten\router_inst.$61\next_e[33:0] -> { 1'1 $flatten\router_inst.$61\next_e[33:0] [32:0] }
      Replacing known input bits on port A of cell $flatten\router_inst.$procmux$2167: \se_in -> { 1'1 \se_in [32:0] }
      Replacing known input bits on port B of cell $flatten\router_inst.$procmux$2167: $flatten\router_inst.$49\next_s[33:0] -> { 1'1 $flatten\router_inst.$49\next_s[33:0] [32:0] }
      Replacing known input bits on port A of cell $flatten\router_inst.$procmux$2068: \se_in -> { 1'1 \se_in [32:0] }
      Replacing known input bits on port B of cell $flatten\router_inst.$procmux$2068: $flatten\router_inst.$55\next_n[33:0] -> { 1'1 $flatten\router_inst.$55\next_n[33:0] [32:0] }
      Replacing known input bits on port B of cell $flatten\router_inst.$procmux$3499: \nw_in -> { 1'1 \nw_in [32:0] }
      Replacing known input bits on port A of cell $flatten\router_inst.$procmux$3316: \nw_in -> { 1'1 \nw_in [32:0] }
      Replacing known input bits on port B of cell $flatten\router_inst.$procmux$3316: $flatten\router_inst.$26\next_sw[33:0] -> { 1'1 $flatten\router_inst.$26\next_sw[33:0] [32:0] }
      Replacing known input bits on port A of cell $flatten\router_inst.$procmux$3415: \nw_in -> { 1'1 \nw_in [32:0] }
      Replacing known input bits on port B of cell $flatten\router_inst.$procmux$3415: $flatten\router_inst.$21\next_se[33:0] -> { 1'1 $flatten\router_inst.$21\next_se[33:0] [32:0] }
      Replacing known input bits on port A of cell $flatten\router_inst.$procmux$3097: \nw_in -> { 1'1 \nw_in [32:0] }
      Replacing known input bits on port B of cell $flatten\router_inst.$procmux$3097: $flatten\router_inst.$36\next_nw[33:0] -> { 1'1 $flatten\router_inst.$36\next_nw[33:0] [32:0] }
      Replacing known input bits on port A of cell $flatten\router_inst.$procmux$3208: \nw_in -> { 1'1 \nw_in [32:0] }
      Replacing known input bits on port B of cell $flatten\router_inst.$procmux$3208: $flatten\router_inst.$31\next_ne[33:0] -> { 1'1 $flatten\router_inst.$31\next_ne[33:0] [32:0] }
      Replacing known input bits on port A of cell $flatten\router_inst.$procmux$2775: \nw_in -> { 1'1 \nw_in [32:0] }
      Replacing known input bits on port B of cell $flatten\router_inst.$procmux$2775: $flatten\router_inst.$51\next_w[33:0] -> { 1'1 $flatten\router_inst.$51\next_w[33:0] [32:0] }
      Replacing known input bits on port A of cell $flatten\router_inst.$procmux$2806: \nw_in -> { 1'1 \nw_in [32:0] }
      Replacing known input bits on port B of cell $flatten\router_inst.$procmux$2806: $flatten\router_inst.$51\next_e[33:0] -> { 1'1 $flatten\router_inst.$51\next_e[33:0] [32:0] }
      Replacing known input bits on port A of cell $flatten\router_inst.$procmux$2989: \nw_in -> { 1'1 \nw_in [32:0] }
      Replacing known input bits on port B of cell $flatten\router_inst.$procmux$2989: $flatten\router_inst.$41\next_s[33:0] -> { 1'1 $flatten\router_inst.$41\next_s[33:0] [32:0] }
      Replacing known input bits on port A of cell $flatten\router_inst.$procmux$2890: \nw_in -> { 1'1 \nw_in [32:0] }
      Replacing known input bits on port B of cell $flatten\router_inst.$procmux$2890: $flatten\router_inst.$46\next_n[33:0] -> { 1'1 $flatten\router_inst.$46\next_n[33:0] [32:0] }
      Replacing known input bits on port B of cell $flatten\router_inst.$procmux$4321: \ne_in -> { 1'1 \ne_in [32:0] }
      Replacing known input bits on port A of cell $flatten\router_inst.$procmux$4138: \ne_in -> { 1'1 \ne_in [32:0] }
      Replacing known input bits on port B of cell $flatten\router_inst.$procmux$4138: $flatten\router_inst.$21\next_sw[33:0] -> { 1'1 $flatten\router_inst.$21\next_sw[33:0] [32:0] }
      Replacing known input bits on port A of cell $flatten\router_inst.$procmux$4237: \ne_in -> { 1'1 \ne_in [32:0] }
      Replacing known input bits on port B of cell $flatten\router_inst.$procmux$4237: $flatten\router_inst.$17\next_se[33:0] -> { 1'1 $flatten\router_inst.$17\next_se[33:0] [32:0] }
      Replacing known input bits on port A of cell $flatten\router_inst.$procmux$3919: \ne_in -> { 1'1 \ne_in [32:0] }
      Replacing known input bits on port B of cell $flatten\router_inst.$procmux$3919: $flatten\router_inst.$29\next_nw[33:0] -> { 1'1 $flatten\router_inst.$29\next_nw[33:0] [32:0] }
      Replacing known input bits on port A of cell $flatten\router_inst.$procmux$4030: \ne_in -> { 1'1 \ne_in [32:0] }
      Replacing known input bits on port B of cell $flatten\router_inst.$procmux$4030: $flatten\router_inst.$25\next_ne[33:0] -> { 1'1 $flatten\router_inst.$25\next_ne[33:0] [32:0] }
      Replacing known input bits on port A of cell $flatten\router_inst.$procmux$3597: \ne_in -> { 1'1 \ne_in [32:0] }
      Replacing known input bits on port B of cell $flatten\router_inst.$procmux$3597: $flatten\router_inst.$41\next_w[33:0] -> { 1'1 $flatten\router_inst.$41\next_w[33:0] [32:0] }
      Replacing known input bits on port A of cell $flatten\router_inst.$procmux$3628: \ne_in -> { 1'1 \ne_in [32:0] }
      Replacing known input bits on port B of cell $flatten\router_inst.$procmux$3628: $flatten\router_inst.$41\next_e[33:0] -> { 1'1 $flatten\router_inst.$41\next_e[33:0] [32:0] }
      Replacing known input bits on port A of cell $flatten\router_inst.$procmux$3811: \ne_in -> { 1'1 \ne_in [32:0] }
      Replacing known input bits on port B of cell $flatten\router_inst.$procmux$3811: $flatten\router_inst.$33\next_s[33:0] -> { 1'1 $flatten\router_inst.$33\next_s[33:0] [32:0] }
      Replacing known input bits on port A of cell $flatten\router_inst.$procmux$3712: \ne_in -> { 1'1 \ne_in [32:0] }
      Replacing known input bits on port B of cell $flatten\router_inst.$procmux$3712: $flatten\router_inst.$37\next_n[33:0] -> { 1'1 $flatten\router_inst.$37\next_n[33:0] [32:0] }
      Replacing known input bits on port B of cell $flatten\router_inst.$procmux$5143: \west_in -> { 1'1 \west_in [32:0] }
      Replacing known input bits on port A of cell $flatten\router_inst.$procmux$4960: \west_in -> { 1'1 \west_in [32:0] }
      Replacing known input bits on port B of cell $flatten\router_inst.$procmux$4960: $flatten\router_inst.$16\next_sw[33:0] -> { 1'1 $flatten\router_inst.$16\next_sw[33:0] [32:0] }
      Replacing known input bits on port A of cell $flatten\router_inst.$procmux$5059: \west_in -> { 1'1 \west_in [32:0] }
      Replacing known input bits on port B of cell $flatten\router_inst.$procmux$5059: $flatten\router_inst.$13\next_se[33:0] -> { 1'1 $flatten\router_inst.$13\next_se[33:0] [32:0] }
      Replacing known input bits on port A of cell $flatten\router_inst.$procmux$4741: \west_in -> { 1'1 \west_in [32:0] }
      Replacing known input bits on port B of cell $flatten\router_inst.$procmux$4741: $flatten\router_inst.$22\next_nw[33:0] -> { 1'1 $flatten\router_inst.$22\next_nw[33:0] [32:0] }
      Replacing known input bits on port A of cell $flatten\router_inst.$procmux$4852: \west_in -> { 1'1 \west_in [32:0] }
      Replacing known input bits on port B of cell $flatten\router_inst.$procmux$4852: $flatten\router_inst.$19\next_ne[33:0] -> { 1'1 $flatten\router_inst.$19\next_ne[33:0] [32:0] }
      Replacing known input bits on port A of cell $flatten\router_inst.$procmux$4419: \west_in -> { 1'1 \west_in [32:0] }
      Replacing known input bits on port B of cell $flatten\router_inst.$procmux$4419: $flatten\router_inst.$31\next_w[33:0] -> { 1'1 $flatten\router_inst.$31\next_w[33:0] [32:0] }
      Replacing known input bits on port A of cell $flatten\router_inst.$procmux$4450: \west_in -> { 1'1 \west_in [32:0] }
      Replacing known input bits on port B of cell $flatten\router_inst.$procmux$4450: $flatten\router_inst.$31\next_e[33:0] -> { 1'1 $flatten\router_inst.$31\next_e[33:0] [32:0] }
      Replacing known input bits on port A of cell $flatten\router_inst.$procmux$4633: \west_in -> { 1'1 \west_in [32:0] }
      Replacing known input bits on port B of cell $flatten\router_inst.$procmux$4633: $flatten\router_inst.$25\next_s[33:0] -> { 1'1 $flatten\router_inst.$25\next_s[33:0] [32:0] }
      Replacing known input bits on port A of cell $flatten\router_inst.$procmux$4534: \west_in -> { 1'1 \west_in [32:0] }
      Replacing known input bits on port B of cell $flatten\router_inst.$procmux$4534: $flatten\router_inst.$28\next_n[33:0] -> { 1'1 $flatten\router_inst.$28\next_n[33:0] [32:0] }
      Replacing known input bits on port B of cell $flatten\router_inst.$procmux$5965: \east_in -> { 1'1 \east_in [32:0] }
      Replacing known input bits on port A of cell $flatten\router_inst.$procmux$5782: \east_in -> { 1'1 \east_in [32:0] }
      Replacing known input bits on port B of cell $flatten\router_inst.$procmux$5782: $flatten\router_inst.$11\next_sw[33:0] -> { 1'1 $flatten\router_inst.$11\next_sw[33:0] [32:0] }
      Replacing known input bits on port A of cell $flatten\router_inst.$procmux$5881: \east_in -> { 1'1 \east_in [32:0] }
      Replacing known input bits on port B of cell $flatten\router_inst.$procmux$5881: $flatten\router_inst.$9\next_se[33:0] -> { 1'1 $flatten\router_inst.$9\next_se[33:0] [32:0] }
      Replacing known input bits on port A of cell $flatten\router_inst.$procmux$5563: \east_in -> { 1'1 \east_in [32:0] }
      Replacing known input bits on port B of cell $flatten\router_inst.$procmux$5563: $flatten\router_inst.$15\next_nw[33:0] -> { 1'1 $flatten\router_inst.$15\next_nw[33:0] [32:0] }
      Replacing known input bits on port A of cell $flatten\router_inst.$procmux$5674: \east_in -> { 1'1 \east_in [32:0] }
      Replacing known input bits on port B of cell $flatten\router_inst.$procmux$5674: $flatten\router_inst.$13\next_ne[33:0] -> { 1'1 $flatten\router_inst.$13\next_ne[33:0] [32:0] }
      Replacing known input bits on port A of cell $flatten\router_inst.$procmux$5241: \east_in -> { 1'1 \east_in [32:0] }
      Replacing known input bits on port B of cell $flatten\router_inst.$procmux$5241: $flatten\router_inst.$21\next_w[33:0] -> { 1'1 $flatten\router_inst.$21\next_w[33:0] [32:0] }
      Replacing known input bits on port A of cell $flatten\router_inst.$procmux$5272: \east_in -> { 1'1 \east_in [32:0] }
      Replacing known input bits on port B of cell $flatten\router_inst.$procmux$5272: $flatten\router_inst.$21\next_e[33:0] -> { 1'1 $flatten\router_inst.$21\next_e[33:0] [32:0] }
      Replacing known input bits on port A of cell $flatten\router_inst.$procmux$5455: \east_in -> { 1'1 \east_in [32:0] }
      Replacing known input bits on port B of cell $flatten\router_inst.$procmux$5455: $flatten\router_inst.$17\next_s[33:0] -> { 1'1 $flatten\router_inst.$17\next_s[33:0] [32:0] }
      Replacing known input bits on port A of cell $flatten\router_inst.$procmux$5356: \east_in -> { 1'1 \east_in [32:0] }
      Replacing known input bits on port B of cell $flatten\router_inst.$procmux$5356: $flatten\router_inst.$19\next_n[33:0] -> { 1'1 $flatten\router_inst.$19\next_n[33:0] [32:0] }
      Replacing known input bits on port B of cell $flatten\router_inst.$procmux$6787: \south_in -> { 1'1 \south_in [32:0] }
      Replacing known input bits on port A of cell $flatten\router_inst.$procmux$6604: \south_in -> { 1'1 \south_in [32:0] }
      Replacing known input bits on port B of cell $flatten\router_inst.$procmux$6604: $flatten\router_inst.$6\next_sw[33:0] -> { 1'1 $flatten\router_inst.$6\next_sw[33:0] [32:0] }
      Replacing known input bits on port A of cell $flatten\router_inst.$procmux$6703: \south_in -> { 1'1 \south_in [32:0] }
      Replacing known input bits on port B of cell $flatten\router_inst.$procmux$6703: $flatten\router_inst.$5\next_se[33:0] -> { 1'1 $flatten\router_inst.$5\next_se[33:0] [32:0] }
      Replacing known input bits on port A of cell $flatten\router_inst.$procmux$6385: \south_in -> { 1'1 \south_in [32:0] }
      Replacing known input bits on port B of cell $flatten\router_inst.$procmux$6385: $flatten\router_inst.$8\next_nw[33:0] -> { 1'1 $flatten\router_inst.$8\next_nw[33:0] [32:0] }
      Replacing known input bits on port A of cell $flatten\router_inst.$procmux$6496: \south_in -> { 1'1 \south_in [32:0] }
      Replacing known input bits on port B of cell $flatten\router_inst.$procmux$6496: $flatten\router_inst.$7\next_ne[33:0] -> { 1'1 $flatten\router_inst.$7\next_ne[33:0] [32:0] }
      Replacing known input bits on port A of cell $flatten\router_inst.$procmux$6063: \south_in -> { 1'1 \south_in [32:0] }
      Replacing known input bits on port B of cell $flatten\router_inst.$procmux$6063: $flatten\router_inst.$11\next_w[33:0] -> { 1'1 $flatten\router_inst.$11\next_w[33:0] [32:0] }
      Replacing known input bits on port A of cell $flatten\router_inst.$procmux$6094: \south_in -> { 1'1 \south_in [32:0] }
      Replacing known input bits on port B of cell $flatten\router_inst.$procmux$6094: $flatten\router_inst.$11\next_e[33:0] -> { 1'1 $flatten\router_inst.$11\next_e[33:0] [32:0] }
      Replacing known input bits on port A of cell $flatten\router_inst.$procmux$6277: \south_in -> { 1'1 \south_in [32:0] }
      Replacing known input bits on port B of cell $flatten\router_inst.$procmux$6277: $flatten\router_inst.$9\next_s[33:0] -> { 1'1 $flatten\router_inst.$9\next_s[33:0] [32:0] }
      Replacing known input bits on port A of cell $flatten\router_inst.$procmux$6178: \south_in -> { 1'1 \south_in [32:0] }
      Replacing known input bits on port B of cell $flatten\router_inst.$procmux$6178: $flatten\router_inst.$10\next_n[33:0] -> { 1'1 $flatten\router_inst.$10\next_n[33:0] [32:0] }
      Replacing known input bits on port B of cell $flatten\router_inst.$procmux$7609: \north_in -> { 1'1 \north_in [32:0] }
      Replacing known input bits on port A of cell $flatten\router_inst.$procmux$7426: \north_in -> { 1'1 \north_in [32:0] }
      Replacing known input bits on port B of cell $flatten\router_inst.$procmux$7426: $flatten\router_inst.$1\next_sw[33:0] -> { 1'1 $flatten\router_inst.$1\next_sw[33:0] [32:0] }
      Replacing known input bits on port A of cell $flatten\router_inst.$procmux$7525: \north_in -> { 1'1 \north_in [32:0] }
      Replacing known input bits on port B of cell $flatten\router_inst.$procmux$7525: $flatten\router_inst.$1\next_se[33:0] -> { 1'1 $flatten\router_inst.$1\next_se[33:0] [32:0] }
      Replacing known input bits on port A of cell $flatten\router_inst.$procmux$7207: \north_in -> { 1'1 \north_in [32:0] }
      Replacing known input bits on port B of cell $flatten\router_inst.$procmux$7207: $flatten\router_inst.$1\next_nw[33:0] -> { 1'1 $flatten\router_inst.$1\next_nw[33:0] [32:0] }
      Replacing known input bits on port A of cell $flatten\router_inst.$procmux$7318: \north_in -> { 1'1 \north_in [32:0] }
      Replacing known input bits on port B of cell $flatten\router_inst.$procmux$7318: $flatten\router_inst.$1\next_ne[33:0] -> { 1'1 $flatten\router_inst.$1\next_ne[33:0] [32:0] }
      Replacing known input bits on port A of cell $flatten\router_inst.$procmux$6885: \north_in -> { 1'1 \north_in [32:0] }
      Replacing known input bits on port B of cell $flatten\router_inst.$procmux$6885: $flatten\router_inst.$1\next_w[33:0] -> { 1'1 $flatten\router_inst.$1\next_w[33:0] [32:0] }
      Replacing known input bits on port A of cell $flatten\router_inst.$procmux$6916: \north_in -> { 1'1 \north_in [32:0] }
      Replacing known input bits on port B of cell $flatten\router_inst.$procmux$6916: $flatten\router_inst.$1\next_e[33:0] -> { 1'1 $flatten\router_inst.$1\next_e[33:0] [32:0] }
      Replacing known input bits on port A of cell $flatten\router_inst.$procmux$7099: \north_in -> { 1'1 \north_in [32:0] }
      Replacing known input bits on port B of cell $flatten\router_inst.$procmux$7099: $flatten\router_inst.$1\next_s[33:0] -> { 1'1 $flatten\router_inst.$1\next_s[33:0] [32:0] }
      Replacing known input bits on port A of cell $flatten\router_inst.$procmux$7000: \north_in -> { 1'1 \north_in [32:0] }
      Replacing known input bits on port B of cell $flatten\router_inst.$procmux$7000: $flatten\router_inst.$1\next_n[33:0] -> { 1'1 $flatten\router_inst.$1\next_n[33:0] [32:0] }
      Replacing known input bits on port A of cell $flatten\router_inst.$procmux$8431: \router_inst.inject_flit -> { 1'1 \router_inst.inject_flit [32:0] }
      Replacing known input bits on port B of cell $flatten\router_inst.$procmux$8250: \router_inst.inject_flit -> { 1'1 \router_inst.inject_flit [32:0] }
      Replacing known input bits on port B of cell $flatten\router_inst.$procmux$8349: \router_inst.inject_flit -> { 1'1 \router_inst.inject_flit [32:0] }
      Replacing known input bits on port B of cell $flatten\router_inst.$procmux$8031: \router_inst.inject_flit -> { 1'1 \router_inst.inject_flit [32:0] }
      Replacing known input bits on port B of cell $flatten\router_inst.$procmux$8142: \router_inst.inject_flit -> { 1'1 \router_inst.inject_flit [32:0] }
      Replacing known input bits on port A of cell $flatten\router_inst.$procmux$7710: \router_inst.inject_flit -> { 1'1 \router_inst.inject_flit [32:0] }
      Replacing known input bits on port B of cell $flatten\router_inst.$procmux$7740: \router_inst.inject_flit -> { 1'1 \router_inst.inject_flit [32:0] }
      Replacing known input bits on port B of cell $flatten\router_inst.$procmux$7923: \router_inst.inject_flit -> { 1'1 \router_inst.inject_flit [32:0] }
      Replacing known input bits on port B of cell $flatten\router_inst.$procmux$7824: \router_inst.inject_flit -> { 1'1 \router_inst.inject_flit [32:0] }
  Analyzing evaluation results.
    dead port 1/2 on $mux $flatten\router_inst.$procmux$1134.
    dead port 1/2 on $mux $flatten\router_inst.$procmux$1137.
    dead port 1/2 on $mux $flatten\router_inst.$procmux$1140.
    dead port 1/2 on $mux $flatten\router_inst.$procmux$1143.
    dead port 1/2 on $mux $flatten\router_inst.$procmux$1146.
    dead port 1/2 on $mux $flatten\router_inst.$procmux$1149.
    dead port 1/2 on $mux $flatten\router_inst.$procmux$1152.
    dead port 1/2 on $mux $flatten\router_inst.$procmux$1155.
    dead port 2/2 on $mux $flatten\router_inst.$procmux$1157.
    dead port 2/2 on $mux $flatten\router_inst.$procmux$1164.
    dead port 1/2 on $mux $flatten\router_inst.$procmux$1167.
    dead port 1/2 on $mux $flatten\router_inst.$procmux$1170.
    dead port 1/2 on $mux $flatten\router_inst.$procmux$1173.
    dead port 1/2 on $mux $flatten\router_inst.$procmux$1176.
    dead port 1/2 on $mux $flatten\router_inst.$procmux$1179.
    dead port 1/2 on $mux $flatten\router_inst.$procmux$1182.
    dead port 1/2 on $mux $flatten\router_inst.$procmux$1185.
    dead port 2/2 on $mux $flatten\router_inst.$procmux$1187.
    dead port 1/2 on $mux $flatten\router_inst.$procmux$1194.
    dead port 1/2 on $mux $flatten\router_inst.$procmux$1197.
    dead port 1/2 on $mux $flatten\router_inst.$procmux$1200.
    dead port 1/2 on $mux $flatten\router_inst.$procmux$1203.
    dead port 1/2 on $mux $flatten\router_inst.$procmux$1206.
    dead port 1/2 on $mux $flatten\router_inst.$procmux$1209.
    dead port 1/2 on $mux $flatten\router_inst.$procmux$1212.
    dead port 2/2 on $mux $flatten\router_inst.$procmux$1214.
    dead port 1/2 on $mux $flatten\router_inst.$procmux$1221.
    dead port 1/2 on $mux $flatten\router_inst.$procmux$1224.
    dead port 1/2 on $mux $flatten\router_inst.$procmux$1227.
    dead port 1/2 on $mux $flatten\router_inst.$procmux$1230.
    dead port 1/2 on $mux $flatten\router_inst.$procmux$1233.
    dead port 1/2 on $mux $flatten\router_inst.$procmux$1236.
    dead port 1/2 on $mux $flatten\router_inst.$procmux$1239.
    dead port 2/2 on $mux $flatten\router_inst.$procmux$1241.
    dead port 2/2 on $mux $flatten\router_inst.$procmux$1248.
    dead port 1/2 on $mux $flatten\router_inst.$procmux$1251.
    dead port 1/2 on $mux $flatten\router_inst.$procmux$1254.
    dead port 1/2 on $mux $flatten\router_inst.$procmux$1257.
    dead port 1/2 on $mux $flatten\router_inst.$procmux$1260.
    dead port 1/2 on $mux $flatten\router_inst.$procmux$1263.
    dead port 1/2 on $mux $flatten\router_inst.$procmux$1266.
    dead port 2/2 on $mux $flatten\router_inst.$procmux$1268.
    dead port 1/2 on $mux $flatten\router_inst.$procmux$1275.
    dead port 1/2 on $mux $flatten\router_inst.$procmux$1278.
    dead port 1/2 on $mux $flatten\router_inst.$procmux$1281.
    dead port 1/2 on $mux $flatten\router_inst.$procmux$1284.
    dead port 1/2 on $mux $flatten\router_inst.$procmux$1287.
    dead port 1/2 on $mux $flatten\router_inst.$procmux$1290.
    dead port 2/2 on $mux $flatten\router_inst.$procmux$1292.
    dead port 1/2 on $mux $flatten\router_inst.$procmux$1299.
    dead port 1/2 on $mux $flatten\router_inst.$procmux$1302.
    dead port 1/2 on $mux $flatten\router_inst.$procmux$1305.
    dead port 1/2 on $mux $flatten\router_inst.$procmux$1308.
    dead port 1/2 on $mux $flatten\router_inst.$procmux$1311.
    dead port 1/2 on $mux $flatten\router_inst.$procmux$1314.
    dead port 2/2 on $mux $flatten\router_inst.$procmux$1316.
    dead port 1/2 on $mux $flatten\router_inst.$procmux$1323.
    dead port 1/2 on $mux $flatten\router_inst.$procmux$1326.
    dead port 1/2 on $mux $flatten\router_inst.$procmux$1329.
    dead port 1/2 on $mux $flatten\router_inst.$procmux$1332.
    dead port 1/2 on $mux $flatten\router_inst.$procmux$1335.
    dead port 1/2 on $mux $flatten\router_inst.$procmux$1338.
    dead port 2/2 on $mux $flatten\router_inst.$procmux$1340.
    dead port 2/2 on $mux $flatten\router_inst.$procmux$1347.
    dead port 1/2 on $mux $flatten\router_inst.$procmux$1350.
    dead port 1/2 on $mux $flatten\router_inst.$procmux$1353.
    dead port 1/2 on $mux $flatten\router_inst.$procmux$1356.
    dead port 1/2 on $mux $flatten\router_inst.$procmux$1359.
    dead port 1/2 on $mux $flatten\router_inst.$procmux$1362.
    dead port 2/2 on $mux $flatten\router_inst.$procmux$1364.
    dead port 1/2 on $mux $flatten\router_inst.$procmux$1371.
    dead port 1/2 on $mux $flatten\router_inst.$procmux$1374.
    dead port 1/2 on $mux $flatten\router_inst.$procmux$1377.
    dead port 1/2 on $mux $flatten\router_inst.$procmux$1380.
    dead port 1/2 on $mux $flatten\router_inst.$procmux$1383.
    dead port 2/2 on $mux $flatten\router_inst.$procmux$1385.
    dead port 1/2 on $mux $flatten\router_inst.$procmux$1392.
    dead port 1/2 on $mux $flatten\router_inst.$procmux$1395.
    dead port 1/2 on $mux $flatten\router_inst.$procmux$1398.
    dead port 1/2 on $mux $flatten\router_inst.$procmux$1401.
    dead port 1/2 on $mux $flatten\router_inst.$procmux$1404.
    dead port 2/2 on $mux $flatten\router_inst.$procmux$1406.
    dead port 1/2 on $mux $flatten\router_inst.$procmux$1413.
    dead port 1/2 on $mux $flatten\router_inst.$procmux$1416.
    dead port 1/2 on $mux $flatten\router_inst.$procmux$1419.
    dead port 1/2 on $mux $flatten\router_inst.$procmux$1422.
    dead port 1/2 on $mux $flatten\router_inst.$procmux$1425.
    dead port 2/2 on $mux $flatten\router_inst.$procmux$1427.
    dead port 1/2 on $mux $flatten\router_inst.$procmux$1434.
    dead port 1/2 on $mux $flatten\router_inst.$procmux$1437.
    dead port 1/2 on $mux $flatten\router_inst.$procmux$1440.
    dead port 1/2 on $mux $flatten\router_inst.$procmux$1443.
    dead port 1/2 on $mux $flatten\router_inst.$procmux$1446.
    dead port 2/2 on $mux $flatten\router_inst.$procmux$1448.
    dead port 2/2 on $mux $flatten\router_inst.$procmux$1455.
    dead port 1/2 on $mux $flatten\router_inst.$procmux$1458.
    dead port 1/2 on $mux $flatten\router_inst.$procmux$1461.
    dead port 1/2 on $mux $flatten\router_inst.$procmux$1464.
    dead port 1/2 on $mux $flatten\router_inst.$procmux$1467.
    dead port 2/2 on $mux $flatten\router_inst.$procmux$1469.
    dead port 1/2 on $mux $flatten\router_inst.$procmux$1476.
    dead port 1/2 on $mux $flatten\router_inst.$procmux$1479.
    dead port 1/2 on $mux $flatten\router_inst.$procmux$1482.
    dead port 1/2 on $mux $flatten\router_inst.$procmux$1485.
    dead port 2/2 on $mux $flatten\router_inst.$procmux$1487.
    dead port 1/2 on $mux $flatten\router_inst.$procmux$1494.
    dead port 1/2 on $mux $flatten\router_inst.$procmux$1497.
    dead port 1/2 on $mux $flatten\router_inst.$procmux$1500.
    dead port 1/2 on $mux $flatten\router_inst.$procmux$1503.
    dead port 2/2 on $mux $flatten\router_inst.$procmux$1505.
    dead port 1/2 on $mux $flatten\router_inst.$procmux$1512.
    dead port 1/2 on $mux $flatten\router_inst.$procmux$1515.
    dead port 1/2 on $mux $flatten\router_inst.$procmux$1518.
    dead port 1/2 on $mux $flatten\router_inst.$procmux$1521.
    dead port 2/2 on $mux $flatten\router_inst.$procmux$1523.
    dead port 1/2 on $mux $flatten\router_inst.$procmux$1530.
    dead port 1/2 on $mux $flatten\router_inst.$procmux$1533.
    dead port 1/2 on $mux $flatten\router_inst.$procmux$1536.
    dead port 1/2 on $mux $flatten\router_inst.$procmux$1539.
    dead port 2/2 on $mux $flatten\router_inst.$procmux$1541.
    dead port 1/2 on $mux $flatten\router_inst.$procmux$1548.
    dead port 1/2 on $mux $flatten\router_inst.$procmux$1551.
    dead port 1/2 on $mux $flatten\router_inst.$procmux$1554.
    dead port 1/2 on $mux $flatten\router_inst.$procmux$1557.
    dead port 2/2 on $mux $flatten\router_inst.$procmux$1559.
    dead port 2/2 on $mux $flatten\router_inst.$procmux$1566.
    dead port 1/2 on $mux $flatten\router_inst.$procmux$1569.
    dead port 1/2 on $mux $flatten\router_inst.$procmux$1572.
    dead port 1/2 on $mux $flatten\router_inst.$procmux$1575.
    dead port 2/2 on $mux $flatten\router_inst.$procmux$1577.
    dead port 1/2 on $mux $flatten\router_inst.$procmux$1584.
    dead port 1/2 on $mux $flatten\router_inst.$procmux$1587.
    dead port 1/2 on $mux $flatten\router_inst.$procmux$1590.
    dead port 2/2 on $mux $flatten\router_inst.$procmux$1592.
    dead port 1/2 on $mux $flatten\router_inst.$procmux$1599.
    dead port 1/2 on $mux $flatten\router_inst.$procmux$1602.
    dead port 1/2 on $mux $flatten\router_inst.$procmux$1605.
    dead port 2/2 on $mux $flatten\router_inst.$procmux$1607.
    dead port 1/2 on $mux $flatten\router_inst.$procmux$1614.
    dead port 1/2 on $mux $flatten\router_inst.$procmux$1617.
    dead port 1/2 on $mux $flatten\router_inst.$procmux$1620.
    dead port 2/2 on $mux $flatten\router_inst.$procmux$1622.
    dead port 1/2 on $mux $flatten\router_inst.$procmux$1629.
    dead port 1/2 on $mux $flatten\router_inst.$procmux$1632.
    dead port 1/2 on $mux $flatten\router_inst.$procmux$1635.
    dead port 2/2 on $mux $flatten\router_inst.$procmux$1637.
    dead port 1/2 on $mux $flatten\router_inst.$procmux$1644.
    dead port 1/2 on $mux $flatten\router_inst.$procmux$1647.
    dead port 1/2 on $mux $flatten\router_inst.$procmux$1650.
    dead port 2/2 on $mux $flatten\router_inst.$procmux$1652.
    dead port 1/2 on $mux $flatten\router_inst.$procmux$1659.
    dead port 1/2 on $mux $flatten\router_inst.$procmux$1662.
    dead port 1/2 on $mux $flatten\router_inst.$procmux$1665.
    dead port 2/2 on $mux $flatten\router_inst.$procmux$1667.
    dead port 2/2 on $mux $flatten\router_inst.$procmux$1674.
    dead port 1/2 on $mux $flatten\router_inst.$procmux$1677.
    dead port 1/2 on $mux $flatten\router_inst.$procmux$1680.
    dead port 2/2 on $mux $flatten\router_inst.$procmux$1682.
    dead port 1/2 on $mux $flatten\router_inst.$procmux$1689.
    dead port 1/2 on $mux $flatten\router_inst.$procmux$1692.
    dead port 2/2 on $mux $flatten\router_inst.$procmux$1694.
    dead port 1/2 on $mux $flatten\router_inst.$procmux$1701.
    dead port 1/2 on $mux $flatten\router_inst.$procmux$1704.
    dead port 2/2 on $mux $flatten\router_inst.$procmux$1706.
    dead port 1/2 on $mux $flatten\router_inst.$procmux$1713.
    dead port 1/2 on $mux $flatten\router_inst.$procmux$1716.
    dead port 2/2 on $mux $flatten\router_inst.$procmux$1718.
    dead port 1/2 on $mux $flatten\router_inst.$procmux$1725.
    dead port 1/2 on $mux $flatten\router_inst.$procmux$1728.
    dead port 2/2 on $mux $flatten\router_inst.$procmux$1730.
    dead port 1/2 on $mux $flatten\router_inst.$procmux$1737.
    dead port 1/2 on $mux $flatten\router_inst.$procmux$1740.
    dead port 2/2 on $mux $flatten\router_inst.$procmux$1742.
    dead port 1/2 on $mux $flatten\router_inst.$procmux$1749.
    dead port 1/2 on $mux $flatten\router_inst.$procmux$1752.
    dead port 2/2 on $mux $flatten\router_inst.$procmux$1754.
    dead port 1/2 on $mux $flatten\router_inst.$procmux$1761.
    dead port 1/2 on $mux $flatten\router_inst.$procmux$1764.
    dead port 2/2 on $mux $flatten\router_inst.$procmux$1766.
    dead port 2/2 on $mux $flatten\router_inst.$procmux$1773.
    dead port 1/2 on $mux $flatten\router_inst.$procmux$1776.
    dead port 2/2 on $mux $flatten\router_inst.$procmux$1778.
    dead port 1/2 on $mux $flatten\router_inst.$procmux$1785.
    dead port 2/2 on $mux $flatten\router_inst.$procmux$1787.
    dead port 1/2 on $mux $flatten\router_inst.$procmux$1794.
    dead port 2/2 on $mux $flatten\router_inst.$procmux$1796.
    dead port 1/2 on $mux $flatten\router_inst.$procmux$1803.
    dead port 2/2 on $mux $flatten\router_inst.$procmux$1805.
    dead port 1/2 on $mux $flatten\router_inst.$procmux$1812.
    dead port 2/2 on $mux $flatten\router_inst.$procmux$1814.
    dead port 1/2 on $mux $flatten\router_inst.$procmux$1821.
    dead port 2/2 on $mux $flatten\router_inst.$procmux$1823.
    dead port 1/2 on $mux $flatten\router_inst.$procmux$1830.
    dead port 2/2 on $mux $flatten\router_inst.$procmux$1832.
    dead port 1/2 on $mux $flatten\router_inst.$procmux$1839.
    dead port 2/2 on $mux $flatten\router_inst.$procmux$1841.
    dead port 1/2 on $mux $flatten\router_inst.$procmux$1848.
    dead port 2/2 on $mux $flatten\router_inst.$procmux$1850.
    dead port 2/2 on $mux $flatten\router_inst.$procmux$1857.
    dead port 2/2 on $mux $flatten\router_inst.$procmux$1859.
    dead port 2/2 on $mux $flatten\router_inst.$procmux$1865.
    dead port 2/2 on $mux $flatten\router_inst.$procmux$1871.
    dead port 2/2 on $mux $flatten\router_inst.$procmux$1877.
    dead port 2/2 on $mux $flatten\router_inst.$procmux$1883.
    dead port 2/2 on $mux $flatten\router_inst.$procmux$1889.
    dead port 2/2 on $mux $flatten\router_inst.$procmux$1895.
    dead port 2/2 on $mux $flatten\router_inst.$procmux$1901.
    dead port 2/2 on $mux $flatten\router_inst.$procmux$1907.
    dead port 2/2 on $mux $flatten\router_inst.$procmux$1913.
    dead port 1/2 on $mux $flatten\router_inst.$procmux$1956.
    dead port 1/2 on $mux $flatten\router_inst.$procmux$1959.
    dead port 1/2 on $mux $flatten\router_inst.$procmux$1962.
    dead port 1/2 on $mux $flatten\router_inst.$procmux$1965.
    dead port 1/2 on $mux $flatten\router_inst.$procmux$1968.
    dead port 1/2 on $mux $flatten\router_inst.$procmux$1971.
    dead port 1/2 on $mux $flatten\router_inst.$procmux$1974.
    dead port 1/2 on $mux $flatten\router_inst.$procmux$1977.
    dead port 2/2 on $mux $flatten\router_inst.$procmux$1979.
    dead port 2/2 on $mux $flatten\router_inst.$procmux$1986.
    dead port 1/2 on $mux $flatten\router_inst.$procmux$1989.
    dead port 1/2 on $mux $flatten\router_inst.$procmux$1992.
    dead port 1/2 on $mux $flatten\router_inst.$procmux$1995.
    dead port 1/2 on $mux $flatten\router_inst.$procmux$1998.
    dead port 1/2 on $mux $flatten\router_inst.$procmux$2001.
    dead port 1/2 on $mux $flatten\router_inst.$procmux$2004.
    dead port 1/2 on $mux $flatten\router_inst.$procmux$2007.
    dead port 2/2 on $mux $flatten\router_inst.$procmux$2009.
    dead port 1/2 on $mux $flatten\router_inst.$procmux$2016.
    dead port 1/2 on $mux $flatten\router_inst.$procmux$2019.
    dead port 1/2 on $mux $flatten\router_inst.$procmux$2022.
    dead port 1/2 on $mux $flatten\router_inst.$procmux$2025.
    dead port 1/2 on $mux $flatten\router_inst.$procmux$2028.
    dead port 1/2 on $mux $flatten\router_inst.$procmux$2031.
    dead port 1/2 on $mux $flatten\router_inst.$procmux$2034.
    dead port 2/2 on $mux $flatten\router_inst.$procmux$2036.
    dead port 1/2 on $mux $flatten\router_inst.$procmux$2043.
    dead port 1/2 on $mux $flatten\router_inst.$procmux$2046.
    dead port 1/2 on $mux $flatten\router_inst.$procmux$2049.
    dead port 1/2 on $mux $flatten\router_inst.$procmux$2052.
    dead port 1/2 on $mux $flatten\router_inst.$procmux$2055.
    dead port 1/2 on $mux $flatten\router_inst.$procmux$2058.
    dead port 1/2 on $mux $flatten\router_inst.$procmux$2061.
    dead port 2/2 on $mux $flatten\router_inst.$procmux$2063.
    dead port 2/2 on $mux $flatten\router_inst.$procmux$2070.
    dead port 1/2 on $mux $flatten\router_inst.$procmux$2073.
    dead port 1/2 on $mux $flatten\router_inst.$procmux$2076.
    dead port 1/2 on $mux $flatten\router_inst.$procmux$2079.
    dead port 1/2 on $mux $flatten\router_inst.$procmux$2082.
    dead port 1/2 on $mux $flatten\router_inst.$procmux$2085.
    dead port 1/2 on $mux $flatten\router_inst.$procmux$2088.
    dead port 2/2 on $mux $flatten\router_inst.$procmux$2090.
    dead port 1/2 on $mux $flatten\router_inst.$procmux$2097.
    dead port 1/2 on $mux $flatten\router_inst.$procmux$2100.
    dead port 1/2 on $mux $flatten\router_inst.$procmux$2103.
    dead port 1/2 on $mux $flatten\router_inst.$procmux$2106.
    dead port 1/2 on $mux $flatten\router_inst.$procmux$2109.
    dead port 1/2 on $mux $flatten\router_inst.$procmux$2112.
    dead port 2/2 on $mux $flatten\router_inst.$procmux$2114.
    dead port 1/2 on $mux $flatten\router_inst.$procmux$2121.
    dead port 1/2 on $mux $flatten\router_inst.$procmux$2124.
    dead port 1/2 on $mux $flatten\router_inst.$procmux$2127.
    dead port 1/2 on $mux $flatten\router_inst.$procmux$2130.
    dead port 1/2 on $mux $flatten\router_inst.$procmux$2133.
    dead port 1/2 on $mux $flatten\router_inst.$procmux$2136.
    dead port 2/2 on $mux $flatten\router_inst.$procmux$2138.
    dead port 1/2 on $mux $flatten\router_inst.$procmux$2145.
    dead port 1/2 on $mux $flatten\router_inst.$procmux$2148.
    dead port 1/2 on $mux $flatten\router_inst.$procmux$2151.
    dead port 1/2 on $mux $flatten\router_inst.$procmux$2154.
    dead port 1/2 on $mux $flatten\router_inst.$procmux$2157.
    dead port 1/2 on $mux $flatten\router_inst.$procmux$2160.
    dead port 2/2 on $mux $flatten\router_inst.$procmux$2162.
    dead port 2/2 on $mux $flatten\router_inst.$procmux$2169.
    dead port 1/2 on $mux $flatten\router_inst.$procmux$2172.
    dead port 1/2 on $mux $flatten\router_inst.$procmux$2175.
    dead port 1/2 on $mux $flatten\router_inst.$procmux$2178.
    dead port 1/2 on $mux $flatten\router_inst.$procmux$2181.
    dead port 1/2 on $mux $flatten\router_inst.$procmux$2184.
    dead port 2/2 on $mux $flatten\router_inst.$procmux$2186.
    dead port 1/2 on $mux $flatten\router_inst.$procmux$2193.
    dead port 1/2 on $mux $flatten\router_inst.$procmux$2196.
    dead port 1/2 on $mux $flatten\router_inst.$procmux$2199.
    dead port 1/2 on $mux $flatten\router_inst.$procmux$2202.
    dead port 1/2 on $mux $flatten\router_inst.$procmux$2205.
    dead port 2/2 on $mux $flatten\router_inst.$procmux$2207.
    dead port 1/2 on $mux $flatten\router_inst.$procmux$2214.
    dead port 1/2 on $mux $flatten\router_inst.$procmux$2217.
    dead port 1/2 on $mux $flatten\router_inst.$procmux$2220.
    dead port 1/2 on $mux $flatten\router_inst.$procmux$2223.
    dead port 1/2 on $mux $flatten\router_inst.$procmux$2226.
    dead port 2/2 on $mux $flatten\router_inst.$procmux$2228.
    dead port 1/2 on $mux $flatten\router_inst.$procmux$2235.
    dead port 1/2 on $mux $flatten\router_inst.$procmux$2238.
    dead port 1/2 on $mux $flatten\router_inst.$procmux$2241.
    dead port 1/2 on $mux $flatten\router_inst.$procmux$2244.
    dead port 1/2 on $mux $flatten\router_inst.$procmux$2247.
    dead port 2/2 on $mux $flatten\router_inst.$procmux$2249.
    dead port 1/2 on $mux $flatten\router_inst.$procmux$2256.
    dead port 1/2 on $mux $flatten\router_inst.$procmux$2259.
    dead port 1/2 on $mux $flatten\router_inst.$procmux$2262.
    dead port 1/2 on $mux $flatten\router_inst.$procmux$2265.
    dead port 1/2 on $mux $flatten\router_inst.$procmux$2268.
    dead port 2/2 on $mux $flatten\router_inst.$procmux$2270.
    dead port 2/2 on $mux $flatten\router_inst.$procmux$2277.
    dead port 1/2 on $mux $flatten\router_inst.$procmux$2280.
    dead port 1/2 on $mux $flatten\router_inst.$procmux$2283.
    dead port 1/2 on $mux $flatten\router_inst.$procmux$2286.
    dead port 1/2 on $mux $flatten\router_inst.$procmux$2289.
    dead port 2/2 on $mux $flatten\router_inst.$procmux$2291.
    dead port 1/2 on $mux $flatten\router_inst.$procmux$2298.
    dead port 1/2 on $mux $flatten\router_inst.$procmux$2301.
    dead port 1/2 on $mux $flatten\router_inst.$procmux$2304.
    dead port 1/2 on $mux $flatten\router_inst.$procmux$2307.
    dead port 2/2 on $mux $flatten\router_inst.$procmux$2309.
    dead port 1/2 on $mux $flatten\router_inst.$procmux$2316.
    dead port 1/2 on $mux $flatten\router_inst.$procmux$2319.
    dead port 1/2 on $mux $flatten\router_inst.$procmux$2322.
    dead port 1/2 on $mux $flatten\router_inst.$procmux$2325.
    dead port 2/2 on $mux $flatten\router_inst.$procmux$2327.
    dead port 1/2 on $mux $flatten\router_inst.$procmux$2334.
    dead port 1/2 on $mux $flatten\router_inst.$procmux$2337.
    dead port 1/2 on $mux $flatten\router_inst.$procmux$2340.
    dead port 1/2 on $mux $flatten\router_inst.$procmux$2343.
    dead port 2/2 on $mux $flatten\router_inst.$procmux$2345.
    dead port 1/2 on $mux $flatten\router_inst.$procmux$2352.
    dead port 1/2 on $mux $flatten\router_inst.$procmux$2355.
    dead port 1/2 on $mux $flatten\router_inst.$procmux$2358.
    dead port 1/2 on $mux $flatten\router_inst.$procmux$2361.
    dead port 2/2 on $mux $flatten\router_inst.$procmux$2363.
    dead port 1/2 on $mux $flatten\router_inst.$procmux$2370.
    dead port 1/2 on $mux $flatten\router_inst.$procmux$2373.
    dead port 1/2 on $mux $flatten\router_inst.$procmux$2376.
    dead port 1/2 on $mux $flatten\router_inst.$procmux$2379.
    dead port 2/2 on $mux $flatten\router_inst.$procmux$2381.
    dead port 2/2 on $mux $flatten\router_inst.$procmux$2388.
    dead port 1/2 on $mux $flatten\router_inst.$procmux$2391.
    dead port 1/2 on $mux $flatten\router_inst.$procmux$2394.
    dead port 1/2 on $mux $flatten\router_inst.$procmux$2397.
    dead port 2/2 on $mux $flatten\router_inst.$procmux$2399.
    dead port 1/2 on $mux $flatten\router_inst.$procmux$2406.
    dead port 1/2 on $mux $flatten\router_inst.$procmux$2409.
    dead port 1/2 on $mux $flatten\router_inst.$procmux$2412.
    dead port 2/2 on $mux $flatten\router_inst.$procmux$2414.
    dead port 1/2 on $mux $flatten\router_inst.$procmux$2421.
    dead port 1/2 on $mux $flatten\router_inst.$procmux$2424.
    dead port 1/2 on $mux $flatten\router_inst.$procmux$2427.
    dead port 2/2 on $mux $flatten\router_inst.$procmux$2429.
    dead port 1/2 on $mux $flatten\router_inst.$procmux$2436.
    dead port 1/2 on $mux $flatten\router_inst.$procmux$2439.
    dead port 1/2 on $mux $flatten\router_inst.$procmux$2442.
    dead port 2/2 on $mux $flatten\router_inst.$procmux$2444.
    dead port 1/2 on $mux $flatten\router_inst.$procmux$2451.
    dead port 1/2 on $mux $flatten\router_inst.$procmux$2454.
    dead port 1/2 on $mux $flatten\router_inst.$procmux$2457.
    dead port 2/2 on $mux $flatten\router_inst.$procmux$2459.
    dead port 1/2 on $mux $flatten\router_inst.$procmux$2466.
    dead port 1/2 on $mux $flatten\router_inst.$procmux$2469.
    dead port 1/2 on $mux $flatten\router_inst.$procmux$2472.
    dead port 2/2 on $mux $flatten\router_inst.$procmux$2474.
    dead port 1/2 on $mux $flatten\router_inst.$procmux$2481.
    dead port 1/2 on $mux $flatten\router_inst.$procmux$2484.
    dead port 1/2 on $mux $flatten\router_inst.$procmux$2487.
    dead port 2/2 on $mux $flatten\router_inst.$procmux$2489.
    dead port 2/2 on $mux $flatten\router_inst.$procmux$2496.
    dead port 1/2 on $mux $flatten\router_inst.$procmux$2499.
    dead port 1/2 on $mux $flatten\router_inst.$procmux$2502.
    dead port 2/2 on $mux $flatten\router_inst.$procmux$2504.
    dead port 1/2 on $mux $flatten\router_inst.$procmux$2511.
    dead port 1/2 on $mux $flatten\router_inst.$procmux$2514.
    dead port 2/2 on $mux $flatten\router_inst.$procmux$2516.
    dead port 1/2 on $mux $flatten\router_inst.$procmux$2523.
    dead port 1/2 on $mux $flatten\router_inst.$procmux$2526.
    dead port 2/2 on $mux $flatten\router_inst.$procmux$2528.
    dead port 1/2 on $mux $flatten\router_inst.$procmux$2535.
    dead port 1/2 on $mux $flatten\router_inst.$procmux$2538.
    dead port 2/2 on $mux $flatten\router_inst.$procmux$2540.
    dead port 1/2 on $mux $flatten\router_inst.$procmux$2547.
    dead port 1/2 on $mux $flatten\router_inst.$procmux$2550.
    dead port 2/2 on $mux $flatten\router_inst.$procmux$2552.
    dead port 1/2 on $mux $flatten\router_inst.$procmux$2559.
    dead port 1/2 on $mux $flatten\router_inst.$procmux$2562.
    dead port 2/2 on $mux $flatten\router_inst.$procmux$2564.
    dead port 1/2 on $mux $flatten\router_inst.$procmux$2571.
    dead port 1/2 on $mux $flatten\router_inst.$procmux$2574.
    dead port 2/2 on $mux $flatten\router_inst.$procmux$2576.
    dead port 1/2 on $mux $flatten\router_inst.$procmux$2583.
    dead port 1/2 on $mux $flatten\router_inst.$procmux$2586.
    dead port 2/2 on $mux $flatten\router_inst.$procmux$2588.
    dead port 2/2 on $mux $flatten\router_inst.$procmux$2595.
    dead port 1/2 on $mux $flatten\router_inst.$procmux$2598.
    dead port 2/2 on $mux $flatten\router_inst.$procmux$2600.
    dead port 1/2 on $mux $flatten\router_inst.$procmux$2607.
    dead port 2/2 on $mux $flatten\router_inst.$procmux$2609.
    dead port 1/2 on $mux $flatten\router_inst.$procmux$2616.
    dead port 2/2 on $mux $flatten\router_inst.$procmux$2618.
    dead port 1/2 on $mux $flatten\router_inst.$procmux$2625.
    dead port 2/2 on $mux $flatten\router_inst.$procmux$2627.
    dead port 1/2 on $mux $flatten\router_inst.$procmux$2634.
    dead port 2/2 on $mux $flatten\router_inst.$procmux$2636.
    dead port 1/2 on $mux $flatten\router_inst.$procmux$2643.
    dead port 2/2 on $mux $flatten\router_inst.$procmux$2645.
    dead port 1/2 on $mux $flatten\router_inst.$procmux$2652.
    dead port 2/2 on $mux $flatten\router_inst.$procmux$2654.
    dead port 1/2 on $mux $flatten\router_inst.$procmux$2661.
    dead port 2/2 on $mux $flatten\router_inst.$procmux$2663.
    dead port 1/2 on $mux $flatten\router_inst.$procmux$2670.
    dead port 2/2 on $mux $flatten\router_inst.$procmux$2672.
    dead port 2/2 on $mux $flatten\router_inst.$procmux$2679.
    dead port 2/2 on $mux $flatten\router_inst.$procmux$2681.
    dead port 2/2 on $mux $flatten\router_inst.$procmux$2687.
    dead port 2/2 on $mux $flatten\router_inst.$procmux$2693.
    dead port 2/2 on $mux $flatten\router_inst.$procmux$2699.
    dead port 2/2 on $mux $flatten\router_inst.$procmux$2705.
    dead port 2/2 on $mux $flatten\router_inst.$procmux$2711.
    dead port 2/2 on $mux $flatten\router_inst.$procmux$2717.
    dead port 2/2 on $mux $flatten\router_inst.$procmux$2723.
    dead port 2/2 on $mux $flatten\router_inst.$procmux$2729.
    dead port 2/2 on $mux $flatten\router_inst.$procmux$2735.
    dead port 1/2 on $mux $flatten\router_inst.$procmux$2778.
    dead port 1/2 on $mux $flatten\router_inst.$procmux$2781.
    dead port 1/2 on $mux $flatten\router_inst.$procmux$2784.
    dead port 1/2 on $mux $flatten\router_inst.$procmux$2787.
    dead port 1/2 on $mux $flatten\router_inst.$procmux$2790.
    dead port 1/2 on $mux $flatten\router_inst.$procmux$2793.
    dead port 1/2 on $mux $flatten\router_inst.$procmux$2796.
    dead port 1/2 on $mux $flatten\router_inst.$procmux$2799.
    dead port 2/2 on $mux $flatten\router_inst.$procmux$2801.
    dead port 2/2 on $mux $flatten\router_inst.$procmux$2808.
    dead port 1/2 on $mux $flatten\router_inst.$procmux$2811.
    dead port 1/2 on $mux $flatten\router_inst.$procmux$2814.
    dead port 1/2 on $mux $flatten\router_inst.$procmux$2817.
    dead port 1/2 on $mux $flatten\router_inst.$procmux$2820.
    dead port 1/2 on $mux $flatten\router_inst.$procmux$2823.
    dead port 1/2 on $mux $flatten\router_inst.$procmux$2826.
    dead port 1/2 on $mux $flatten\router_inst.$procmux$2829.
    dead port 2/2 on $mux $flatten\router_inst.$procmux$2831.
    dead port 1/2 on $mux $flatten\router_inst.$procmux$2838.
    dead port 1/2 on $mux $flatten\router_inst.$procmux$2841.
    dead port 1/2 on $mux $flatten\router_inst.$procmux$2844.
    dead port 1/2 on $mux $flatten\router_inst.$procmux$2847.
    dead port 1/2 on $mux $flatten\router_inst.$procmux$2850.
    dead port 1/2 on $mux $flatten\router_inst.$procmux$2853.
    dead port 1/2 on $mux $flatten\router_inst.$procmux$2856.
    dead port 2/2 on $mux $flatten\router_inst.$procmux$2858.
    dead port 1/2 on $mux $flatten\router_inst.$procmux$2865.
    dead port 1/2 on $mux $flatten\router_inst.$procmux$2868.
    dead port 1/2 on $mux $flatten\router_inst.$procmux$2871.
    dead port 1/2 on $mux $flatten\router_inst.$procmux$2874.
    dead port 1/2 on $mux $flatten\router_inst.$procmux$2877.
    dead port 1/2 on $mux $flatten\router_inst.$procmux$2880.
    dead port 1/2 on $mux $flatten\router_inst.$procmux$2883.
    dead port 2/2 on $mux $flatten\router_inst.$procmux$2885.
    dead port 2/2 on $mux $flatten\router_inst.$procmux$2892.
    dead port 1/2 on $mux $flatten\router_inst.$procmux$2895.
    dead port 1/2 on $mux $flatten\router_inst.$procmux$2898.
    dead port 1/2 on $mux $flatten\router_inst.$procmux$2901.
    dead port 1/2 on $mux $flatten\router_inst.$procmux$2904.
    dead port 1/2 on $mux $flatten\router_inst.$procmux$2907.
    dead port 1/2 on $mux $flatten\router_inst.$procmux$2910.
    dead port 2/2 on $mux $flatten\router_inst.$procmux$2912.
    dead port 1/2 on $mux $flatten\router_inst.$procmux$2919.
    dead port 1/2 on $mux $flatten\router_inst.$procmux$2922.
    dead port 1/2 on $mux $flatten\router_inst.$procmux$2925.
    dead port 1/2 on $mux $flatten\router_inst.$procmux$2928.
    dead port 1/2 on $mux $flatten\router_inst.$procmux$2931.
    dead port 1/2 on $mux $flatten\router_inst.$procmux$2934.
    dead port 2/2 on $mux $flatten\router_inst.$procmux$2936.
    dead port 1/2 on $mux $flatten\router_inst.$procmux$2943.
    dead port 1/2 on $mux $flatten\router_inst.$procmux$2946.
    dead port 1/2 on $mux $flatten\router_inst.$procmux$2949.
    dead port 1/2 on $mux $flatten\router_inst.$procmux$2952.
    dead port 1/2 on $mux $flatten\router_inst.$procmux$2955.
    dead port 1/2 on $mux $flatten\router_inst.$procmux$2958.
    dead port 2/2 on $mux $flatten\router_inst.$procmux$2960.
    dead port 1/2 on $mux $flatten\router_inst.$procmux$2967.
    dead port 1/2 on $mux $flatten\router_inst.$procmux$2970.
    dead port 1/2 on $mux $flatten\router_inst.$procmux$2973.
    dead port 1/2 on $mux $flatten\router_inst.$procmux$2976.
    dead port 1/2 on $mux $flatten\router_inst.$procmux$2979.
    dead port 1/2 on $mux $flatten\router_inst.$procmux$2982.
    dead port 2/2 on $mux $flatten\router_inst.$procmux$2984.
    dead port 2/2 on $mux $flatten\router_inst.$procmux$2991.
    dead port 1/2 on $mux $flatten\router_inst.$procmux$2994.
    dead port 1/2 on $mux $flatten\router_inst.$procmux$2997.
    dead port 1/2 on $mux $flatten\router_inst.$procmux$3000.
    dead port 1/2 on $mux $flatten\router_inst.$procmux$3003.
    dead port 1/2 on $mux $flatten\router_inst.$procmux$3006.
    dead port 2/2 on $mux $flatten\router_inst.$procmux$3008.
    dead port 1/2 on $mux $flatten\router_inst.$procmux$3015.
    dead port 1/2 on $mux $flatten\router_inst.$procmux$3018.
    dead port 1/2 on $mux $flatten\router_inst.$procmux$3021.
    dead port 1/2 on $mux $flatten\router_inst.$procmux$3024.
    dead port 1/2 on $mux $flatten\router_inst.$procmux$3027.
    dead port 2/2 on $mux $flatten\router_inst.$procmux$3029.
    dead port 1/2 on $mux $flatten\router_inst.$procmux$3036.
    dead port 1/2 on $mux $flatten\router_inst.$procmux$3039.
    dead port 1/2 on $mux $flatten\router_inst.$procmux$3042.
    dead port 1/2 on $mux $flatten\router_inst.$procmux$3045.
    dead port 1/2 on $mux $flatten\router_inst.$procmux$3048.
    dead port 2/2 on $mux $flatten\router_inst.$procmux$3050.
    dead port 1/2 on $mux $flatten\router_inst.$procmux$3057.
    dead port 1/2 on $mux $flatten\router_inst.$procmux$3060.
    dead port 1/2 on $mux $flatten\router_inst.$procmux$3063.
    dead port 1/2 on $mux $flatten\router_inst.$procmux$3066.
    dead port 1/2 on $mux $flatten\router_inst.$procmux$3069.
    dead port 2/2 on $mux $flatten\router_inst.$procmux$3071.
    dead port 1/2 on $mux $flatten\router_inst.$procmux$3078.
    dead port 1/2 on $mux $flatten\router_inst.$procmux$3081.
    dead port 1/2 on $mux $flatten\router_inst.$procmux$3084.
    dead port 1/2 on $mux $flatten\router_inst.$procmux$3087.
    dead port 1/2 on $mux $flatten\router_inst.$procmux$3090.
    dead port 2/2 on $mux $flatten\router_inst.$procmux$3092.
    dead port 2/2 on $mux $flatten\router_inst.$procmux$3099.
    dead port 1/2 on $mux $flatten\router_inst.$procmux$3102.
    dead port 1/2 on $mux $flatten\router_inst.$procmux$3105.
    dead port 1/2 on $mux $flatten\router_inst.$procmux$3108.
    dead port 1/2 on $mux $flatten\router_inst.$procmux$3111.
    dead port 2/2 on $mux $flatten\router_inst.$procmux$3113.
    dead port 1/2 on $mux $flatten\router_inst.$procmux$3120.
    dead port 1/2 on $mux $flatten\router_inst.$procmux$3123.
    dead port 1/2 on $mux $flatten\router_inst.$procmux$3126.
    dead port 1/2 on $mux $flatten\router_inst.$procmux$3129.
    dead port 2/2 on $mux $flatten\router_inst.$procmux$3131.
    dead port 1/2 on $mux $flatten\router_inst.$procmux$3138.
    dead port 1/2 on $mux $flatten\router_inst.$procmux$3141.
    dead port 1/2 on $mux $flatten\router_inst.$procmux$3144.
    dead port 1/2 on $mux $flatten\router_inst.$procmux$3147.
    dead port 2/2 on $mux $flatten\router_inst.$procmux$3149.
    dead port 1/2 on $mux $flatten\router_inst.$procmux$3156.
    dead port 1/2 on $mux $flatten\router_inst.$procmux$3159.
    dead port 1/2 on $mux $flatten\router_inst.$procmux$3162.
    dead port 1/2 on $mux $flatten\router_inst.$procmux$3165.
    dead port 2/2 on $mux $flatten\router_inst.$procmux$3167.
    dead port 1/2 on $mux $flatten\router_inst.$procmux$3174.
    dead port 1/2 on $mux $flatten\router_inst.$procmux$3177.
    dead port 1/2 on $mux $flatten\router_inst.$procmux$3180.
    dead port 1/2 on $mux $flatten\router_inst.$procmux$3183.
    dead port 2/2 on $mux $flatten\router_inst.$procmux$3185.
    dead port 1/2 on $mux $flatten\router_inst.$procmux$3192.
    dead port 1/2 on $mux $flatten\router_inst.$procmux$3195.
    dead port 1/2 on $mux $flatten\router_inst.$procmux$3198.
    dead port 1/2 on $mux $flatten\router_inst.$procmux$3201.
    dead port 2/2 on $mux $flatten\router_inst.$procmux$3203.
    dead port 2/2 on $mux $flatten\router_inst.$procmux$3210.
    dead port 1/2 on $mux $flatten\router_inst.$procmux$3213.
    dead port 1/2 on $mux $flatten\router_inst.$procmux$3216.
    dead port 1/2 on $mux $flatten\router_inst.$procmux$3219.
    dead port 2/2 on $mux $flatten\router_inst.$procmux$3221.
    dead port 1/2 on $mux $flatten\router_inst.$procmux$3228.
    dead port 1/2 on $mux $flatten\router_inst.$procmux$3231.
    dead port 1/2 on $mux $flatten\router_inst.$procmux$3234.
    dead port 2/2 on $mux $flatten\router_inst.$procmux$3236.
    dead port 1/2 on $mux $flatten\router_inst.$procmux$3243.
    dead port 1/2 on $mux $flatten\router_inst.$procmux$3246.
    dead port 1/2 on $mux $flatten\router_inst.$procmux$3249.
    dead port 2/2 on $mux $flatten\router_inst.$procmux$3251.
    dead port 1/2 on $mux $flatten\router_inst.$procmux$3258.
    dead port 1/2 on $mux $flatten\router_inst.$procmux$3261.
    dead port 1/2 on $mux $flatten\router_inst.$procmux$3264.
    dead port 2/2 on $mux $flatten\router_inst.$procmux$3266.
    dead port 1/2 on $mux $flatten\router_inst.$procmux$3273.
    dead port 1/2 on $mux $flatten\router_inst.$procmux$3276.
    dead port 1/2 on $mux $flatten\router_inst.$procmux$3279.
    dead port 2/2 on $mux $flatten\router_inst.$procmux$3281.
    dead port 1/2 on $mux $flatten\router_inst.$procmux$3288.
    dead port 1/2 on $mux $flatten\router_inst.$procmux$3291.
    dead port 1/2 on $mux $flatten\router_inst.$procmux$3294.
    dead port 2/2 on $mux $flatten\router_inst.$procmux$3296.
    dead port 1/2 on $mux $flatten\router_inst.$procmux$3303.
    dead port 1/2 on $mux $flatten\router_inst.$procmux$3306.
    dead port 1/2 on $mux $flatten\router_inst.$procmux$3309.
    dead port 2/2 on $mux $flatten\router_inst.$procmux$3311.
    dead port 2/2 on $mux $flatten\router_inst.$procmux$3318.
    dead port 1/2 on $mux $flatten\router_inst.$procmux$3321.
    dead port 1/2 on $mux $flatten\router_inst.$procmux$3324.
    dead port 2/2 on $mux $flatten\router_inst.$procmux$3326.
    dead port 1/2 on $mux $flatten\router_inst.$procmux$3333.
    dead port 1/2 on $mux $flatten\router_inst.$procmux$3336.
    dead port 2/2 on $mux $flatten\router_inst.$procmux$3338.
    dead port 1/2 on $mux $flatten\router_inst.$procmux$3345.
    dead port 1/2 on $mux $flatten\router_inst.$procmux$3348.
    dead port 2/2 on $mux $flatten\router_inst.$procmux$3350.
    dead port 1/2 on $mux $flatten\router_inst.$procmux$3357.
    dead port 1/2 on $mux $flatten\router_inst.$procmux$3360.
    dead port 2/2 on $mux $flatten\router_inst.$procmux$3362.
    dead port 1/2 on $mux $flatten\router_inst.$procmux$3369.
    dead port 1/2 on $mux $flatten\router_inst.$procmux$3372.
    dead port 2/2 on $mux $flatten\router_inst.$procmux$3374.
    dead port 1/2 on $mux $flatten\router_inst.$procmux$3381.
    dead port 1/2 on $mux $flatten\router_inst.$procmux$3384.
    dead port 2/2 on $mux $flatten\router_inst.$procmux$3386.
    dead port 1/2 on $mux $flatten\router_inst.$procmux$3393.
    dead port 1/2 on $mux $flatten\router_inst.$procmux$3396.
    dead port 2/2 on $mux $flatten\router_inst.$procmux$3398.
    dead port 1/2 on $mux $flatten\router_inst.$procmux$3405.
    dead port 1/2 on $mux $flatten\router_inst.$procmux$3408.
    dead port 2/2 on $mux $flatten\router_inst.$procmux$3410.
    dead port 2/2 on $mux $flatten\router_inst.$procmux$3417.
    dead port 1/2 on $mux $flatten\router_inst.$procmux$3420.
    dead port 2/2 on $mux $flatten\router_inst.$procmux$3422.
    dead port 1/2 on $mux $flatten\router_inst.$procmux$3429.
    dead port 2/2 on $mux $flatten\router_inst.$procmux$3431.
    dead port 1/2 on $mux $flatten\router_inst.$procmux$3438.
    dead port 2/2 on $mux $flatten\router_inst.$procmux$3440.
    dead port 1/2 on $mux $flatten\router_inst.$procmux$3447.
    dead port 2/2 on $mux $flatten\router_inst.$procmux$3449.
    dead port 1/2 on $mux $flatten\router_inst.$procmux$3456.
    dead port 2/2 on $mux $flatten\router_inst.$procmux$3458.
    dead port 1/2 on $mux $flatten\router_inst.$procmux$3465.
    dead port 2/2 on $mux $flatten\router_inst.$procmux$3467.
    dead port 1/2 on $mux $flatten\router_inst.$procmux$3474.
    dead port 2/2 on $mux $flatten\router_inst.$procmux$3476.
    dead port 1/2 on $mux $flatten\router_inst.$procmux$3483.
    dead port 2/2 on $mux $flatten\router_inst.$procmux$3485.
    dead port 1/2 on $mux $flatten\router_inst.$procmux$3492.
    dead port 2/2 on $mux $flatten\router_inst.$procmux$3494.
    dead port 2/2 on $mux $flatten\router_inst.$procmux$3501.
    dead port 2/2 on $mux $flatten\router_inst.$procmux$3503.
    dead port 2/2 on $mux $flatten\router_inst.$procmux$3509.
    dead port 2/2 on $mux $flatten\router_inst.$procmux$3515.
    dead port 2/2 on $mux $flatten\router_inst.$procmux$3521.
    dead port 2/2 on $mux $flatten\router_inst.$procmux$3527.
    dead port 2/2 on $mux $flatten\router_inst.$procmux$3533.
    dead port 2/2 on $mux $flatten\router_inst.$procmux$3539.
    dead port 2/2 on $mux $flatten\router_inst.$procmux$3545.
    dead port 2/2 on $mux $flatten\router_inst.$procmux$3551.
    dead port 2/2 on $mux $flatten\router_inst.$procmux$3557.
    dead port 1/2 on $mux $flatten\router_inst.$procmux$3600.
    dead port 1/2 on $mux $flatten\router_inst.$procmux$3603.
    dead port 1/2 on $mux $flatten\router_inst.$procmux$3606.
    dead port 1/2 on $mux $flatten\router_inst.$procmux$3609.
    dead port 1/2 on $mux $flatten\router_inst.$procmux$3612.
    dead port 1/2 on $mux $flatten\router_inst.$procmux$3615.
    dead port 1/2 on $mux $flatten\router_inst.$procmux$3618.
    dead port 1/2 on $mux $flatten\router_inst.$procmux$3621.
    dead port 2/2 on $mux $flatten\router_inst.$procmux$3623.
    dead port 2/2 on $mux $flatten\router_inst.$procmux$3630.
    dead port 1/2 on $mux $flatten\router_inst.$procmux$3633.
    dead port 1/2 on $mux $flatten\router_inst.$procmux$3636.
    dead port 1/2 on $mux $flatten\router_inst.$procmux$3639.
    dead port 1/2 on $mux $flatten\router_inst.$procmux$3642.
    dead port 1/2 on $mux $flatten\router_inst.$procmux$3645.
    dead port 1/2 on $mux $flatten\router_inst.$procmux$3648.
    dead port 1/2 on $mux $flatten\router_inst.$procmux$3651.
    dead port 2/2 on $mux $flatten\router_inst.$procmux$3653.
    dead port 1/2 on $mux $flatten\router_inst.$procmux$3660.
    dead port 1/2 on $mux $flatten\router_inst.$procmux$3663.
    dead port 1/2 on $mux $flatten\router_inst.$procmux$3666.
    dead port 1/2 on $mux $flatten\router_inst.$procmux$3669.
    dead port 1/2 on $mux $flatten\router_inst.$procmux$3672.
    dead port 1/2 on $mux $flatten\router_inst.$procmux$3675.
    dead port 1/2 on $mux $flatten\router_inst.$procmux$3678.
    dead port 2/2 on $mux $flatten\router_inst.$procmux$3680.
    dead port 1/2 on $mux $flatten\router_inst.$procmux$3687.
    dead port 1/2 on $mux $flatten\router_inst.$procmux$3690.
    dead port 1/2 on $mux $flatten\router_inst.$procmux$3693.
    dead port 1/2 on $mux $flatten\router_inst.$procmux$3696.
    dead port 1/2 on $mux $flatten\router_inst.$procmux$3699.
    dead port 1/2 on $mux $flatten\router_inst.$procmux$3702.
    dead port 1/2 on $mux $flatten\router_inst.$procmux$3705.
    dead port 2/2 on $mux $flatten\router_inst.$procmux$3707.
    dead port 2/2 on $mux $flatten\router_inst.$procmux$3714.
    dead port 1/2 on $mux $flatten\router_inst.$procmux$3717.
    dead port 1/2 on $mux $flatten\router_inst.$procmux$3720.
    dead port 1/2 on $mux $flatten\router_inst.$procmux$3723.
    dead port 1/2 on $mux $flatten\router_inst.$procmux$3726.
    dead port 1/2 on $mux $flatten\router_inst.$procmux$3729.
    dead port 1/2 on $mux $flatten\router_inst.$procmux$3732.
    dead port 2/2 on $mux $flatten\router_inst.$procmux$3734.
    dead port 1/2 on $mux $flatten\router_inst.$procmux$3741.
    dead port 1/2 on $mux $flatten\router_inst.$procmux$3744.
    dead port 1/2 on $mux $flatten\router_inst.$procmux$3747.
    dead port 1/2 on $mux $flatten\router_inst.$procmux$3750.
    dead port 1/2 on $mux $flatten\router_inst.$procmux$3753.
    dead port 1/2 on $mux $flatten\router_inst.$procmux$3756.
    dead port 2/2 on $mux $flatten\router_inst.$procmux$3758.
    dead port 1/2 on $mux $flatten\router_inst.$procmux$3765.
    dead port 1/2 on $mux $flatten\router_inst.$procmux$3768.
    dead port 1/2 on $mux $flatten\router_inst.$procmux$3771.
    dead port 1/2 on $mux $flatten\router_inst.$procmux$3774.
    dead port 1/2 on $mux $flatten\router_inst.$procmux$3777.
    dead port 1/2 on $mux $flatten\router_inst.$procmux$3780.
    dead port 2/2 on $mux $flatten\router_inst.$procmux$3782.
    dead port 1/2 on $mux $flatten\router_inst.$procmux$3789.
    dead port 1/2 on $mux $flatten\router_inst.$procmux$3792.
    dead port 1/2 on $mux $flatten\router_inst.$procmux$3795.
    dead port 1/2 on $mux $flatten\router_inst.$procmux$3798.
    dead port 1/2 on $mux $flatten\router_inst.$procmux$3801.
    dead port 1/2 on $mux $flatten\router_inst.$procmux$3804.
    dead port 2/2 on $mux $flatten\router_inst.$procmux$3806.
    dead port 2/2 on $mux $flatten\router_inst.$procmux$3813.
    dead port 1/2 on $mux $flatten\router_inst.$procmux$3816.
    dead port 1/2 on $mux $flatten\router_inst.$procmux$3819.
    dead port 1/2 on $mux $flatten\router_inst.$procmux$3822.
    dead port 1/2 on $mux $flatten\router_inst.$procmux$3825.
    dead port 1/2 on $mux $flatten\router_inst.$procmux$3828.
    dead port 2/2 on $mux $flatten\router_inst.$procmux$3830.
    dead port 1/2 on $mux $flatten\router_inst.$procmux$3837.
    dead port 1/2 on $mux $flatten\router_inst.$procmux$3840.
    dead port 1/2 on $mux $flatten\router_inst.$procmux$3843.
    dead port 1/2 on $mux $flatten\router_inst.$procmux$3846.
    dead port 1/2 on $mux $flatten\router_inst.$procmux$3849.
    dead port 2/2 on $mux $flatten\router_inst.$procmux$3851.
    dead port 1/2 on $mux $flatten\router_inst.$procmux$3858.
    dead port 1/2 on $mux $flatten\router_inst.$procmux$3861.
    dead port 1/2 on $mux $flatten\router_inst.$procmux$3864.
    dead port 1/2 on $mux $flatten\router_inst.$procmux$3867.
    dead port 1/2 on $mux $flatten\router_inst.$procmux$3870.
    dead port 2/2 on $mux $flatten\router_inst.$procmux$3872.
    dead port 1/2 on $mux $flatten\router_inst.$procmux$3879.
    dead port 1/2 on $mux $flatten\router_inst.$procmux$3882.
    dead port 1/2 on $mux $flatten\router_inst.$procmux$3885.
    dead port 1/2 on $mux $flatten\router_inst.$procmux$3888.
    dead port 1/2 on $mux $flatten\router_inst.$procmux$3891.
    dead port 2/2 on $mux $flatten\router_inst.$procmux$3893.
    dead port 1/2 on $mux $flatten\router_inst.$procmux$3900.
    dead port 1/2 on $mux $flatten\router_inst.$procmux$3903.
    dead port 1/2 on $mux $flatten\router_inst.$procmux$3906.
    dead port 1/2 on $mux $flatten\router_inst.$procmux$3909.
    dead port 1/2 on $mux $flatten\router_inst.$procmux$3912.
    dead port 2/2 on $mux $flatten\router_inst.$procmux$3914.
    dead port 2/2 on $mux $flatten\router_inst.$procmux$3921.
    dead port 1/2 on $mux $flatten\router_inst.$procmux$3924.
    dead port 1/2 on $mux $flatten\router_inst.$procmux$3927.
    dead port 1/2 on $mux $flatten\router_inst.$procmux$3930.
    dead port 1/2 on $mux $flatten\router_inst.$procmux$3933.
    dead port 2/2 on $mux $flatten\router_inst.$procmux$3935.
    dead port 1/2 on $mux $flatten\router_inst.$procmux$3942.
    dead port 1/2 on $mux $flatten\router_inst.$procmux$3945.
    dead port 1/2 on $mux $flatten\router_inst.$procmux$3948.
    dead port 1/2 on $mux $flatten\router_inst.$procmux$3951.
    dead port 2/2 on $mux $flatten\router_inst.$procmux$3953.
    dead port 1/2 on $mux $flatten\router_inst.$procmux$3960.
    dead port 1/2 on $mux $flatten\router_inst.$procmux$3963.
    dead port 1/2 on $mux $flatten\router_inst.$procmux$3966.
    dead port 1/2 on $mux $flatten\router_inst.$procmux$3969.
    dead port 2/2 on $mux $flatten\router_inst.$procmux$3971.
    dead port 1/2 on $mux $flatten\router_inst.$procmux$3978.
    dead port 1/2 on $mux $flatten\router_inst.$procmux$3981.
    dead port 1/2 on $mux $flatten\router_inst.$procmux$3984.
    dead port 1/2 on $mux $flatten\router_inst.$procmux$3987.
    dead port 2/2 on $mux $flatten\router_inst.$procmux$3989.
    dead port 1/2 on $mux $flatten\router_inst.$procmux$3996.
    dead port 1/2 on $mux $flatten\router_inst.$procmux$3999.
    dead port 1/2 on $mux $flatten\router_inst.$procmux$4002.
    dead port 1/2 on $mux $flatten\router_inst.$procmux$4005.
    dead port 2/2 on $mux $flatten\router_inst.$procmux$4007.
    dead port 1/2 on $mux $flatten\router_inst.$procmux$4014.
    dead port 1/2 on $mux $flatten\router_inst.$procmux$4017.
    dead port 1/2 on $mux $flatten\router_inst.$procmux$4020.
    dead port 1/2 on $mux $flatten\router_inst.$procmux$4023.
    dead port 2/2 on $mux $flatten\router_inst.$procmux$4025.
    dead port 2/2 on $mux $flatten\router_inst.$procmux$4032.
    dead port 1/2 on $mux $flatten\router_inst.$procmux$4035.
    dead port 1/2 on $mux $flatten\router_inst.$procmux$4038.
    dead port 1/2 on $mux $flatten\router_inst.$procmux$4041.
    dead port 2/2 on $mux $flatten\router_inst.$procmux$4043.
    dead port 1/2 on $mux $flatten\router_inst.$procmux$4050.
    dead port 1/2 on $mux $flatten\router_inst.$procmux$4053.
    dead port 1/2 on $mux $flatten\router_inst.$procmux$4056.
    dead port 2/2 on $mux $flatten\router_inst.$procmux$4058.
    dead port 1/2 on $mux $flatten\router_inst.$procmux$4065.
    dead port 1/2 on $mux $flatten\router_inst.$procmux$4068.
    dead port 1/2 on $mux $flatten\router_inst.$procmux$4071.
    dead port 2/2 on $mux $flatten\router_inst.$procmux$4073.
    dead port 1/2 on $mux $flatten\router_inst.$procmux$4080.
    dead port 1/2 on $mux $flatten\router_inst.$procmux$4083.
    dead port 1/2 on $mux $flatten\router_inst.$procmux$4086.
    dead port 2/2 on $mux $flatten\router_inst.$procmux$4088.
    dead port 1/2 on $mux $flatten\router_inst.$procmux$4095.
    dead port 1/2 on $mux $flatten\router_inst.$procmux$4098.
    dead port 1/2 on $mux $flatten\router_inst.$procmux$4101.
    dead port 2/2 on $mux $flatten\router_inst.$procmux$4103.
    dead port 1/2 on $mux $flatten\router_inst.$procmux$4110.
    dead port 1/2 on $mux $flatten\router_inst.$procmux$4113.
    dead port 1/2 on $mux $flatten\router_inst.$procmux$4116.
    dead port 2/2 on $mux $flatten\router_inst.$procmux$4118.
    dead port 1/2 on $mux $flatten\router_inst.$procmux$4125.
    dead port 1/2 on $mux $flatten\router_inst.$procmux$4128.
    dead port 1/2 on $mux $flatten\router_inst.$procmux$4131.
    dead port 2/2 on $mux $flatten\router_inst.$procmux$4133.
    dead port 2/2 on $mux $flatten\router_inst.$procmux$4140.
    dead port 1/2 on $mux $flatten\router_inst.$procmux$4143.
    dead port 1/2 on $mux $flatten\router_inst.$procmux$4146.
    dead port 2/2 on $mux $flatten\router_inst.$procmux$4148.
    dead port 1/2 on $mux $flatten\router_inst.$procmux$4155.
    dead port 1/2 on $mux $flatten\router_inst.$procmux$4158.
    dead port 2/2 on $mux $flatten\router_inst.$procmux$4160.
    dead port 1/2 on $mux $flatten\router_inst.$procmux$4167.
    dead port 1/2 on $mux $flatten\router_inst.$procmux$4170.
    dead port 2/2 on $mux $flatten\router_inst.$procmux$4172.
    dead port 1/2 on $mux $flatten\router_inst.$procmux$4179.
    dead port 1/2 on $mux $flatten\router_inst.$procmux$4182.
    dead port 2/2 on $mux $flatten\router_inst.$procmux$4184.
    dead port 1/2 on $mux $flatten\router_inst.$procmux$4191.
    dead port 1/2 on $mux $flatten\router_inst.$procmux$4194.
    dead port 2/2 on $mux $flatten\router_inst.$procmux$4196.
    dead port 1/2 on $mux $flatten\router_inst.$procmux$4203.
    dead port 1/2 on $mux $flatten\router_inst.$procmux$4206.
    dead port 2/2 on $mux $flatten\router_inst.$procmux$4208.
    dead port 1/2 on $mux $flatten\router_inst.$procmux$4215.
    dead port 1/2 on $mux $flatten\router_inst.$procmux$4218.
    dead port 2/2 on $mux $flatten\router_inst.$procmux$4220.
    dead port 1/2 on $mux $flatten\router_inst.$procmux$4227.
    dead port 1/2 on $mux $flatten\router_inst.$procmux$4230.
    dead port 2/2 on $mux $flatten\router_inst.$procmux$4232.
    dead port 2/2 on $mux $flatten\router_inst.$procmux$4239.
    dead port 1/2 on $mux $flatten\router_inst.$procmux$4242.
    dead port 2/2 on $mux $flatten\router_inst.$procmux$4244.
    dead port 1/2 on $mux $flatten\router_inst.$procmux$4251.
    dead port 2/2 on $mux $flatten\router_inst.$procmux$4253.
    dead port 1/2 on $mux $flatten\router_inst.$procmux$4260.
    dead port 2/2 on $mux $flatten\router_inst.$procmux$4262.
    dead port 1/2 on $mux $flatten\router_inst.$procmux$4269.
    dead port 2/2 on $mux $flatten\router_inst.$procmux$4271.
    dead port 1/2 on $mux $flatten\router_inst.$procmux$4278.
    dead port 2/2 on $mux $flatten\router_inst.$procmux$4280.
    dead port 1/2 on $mux $flatten\router_inst.$procmux$4287.
    dead port 2/2 on $mux $flatten\router_inst.$procmux$4289.
    dead port 1/2 on $mux $flatten\router_inst.$procmux$4296.
    dead port 2/2 on $mux $flatten\router_inst.$procmux$4298.
    dead port 1/2 on $mux $flatten\router_inst.$procmux$4305.
    dead port 2/2 on $mux $flatten\router_inst.$procmux$4307.
    dead port 1/2 on $mux $flatten\router_inst.$procmux$4314.
    dead port 2/2 on $mux $flatten\router_inst.$procmux$4316.
    dead port 2/2 on $mux $flatten\router_inst.$procmux$4323.
    dead port 2/2 on $mux $flatten\router_inst.$procmux$4325.
    dead port 2/2 on $mux $flatten\router_inst.$procmux$4331.
    dead port 2/2 on $mux $flatten\router_inst.$procmux$4337.
    dead port 2/2 on $mux $flatten\router_inst.$procmux$4343.
    dead port 2/2 on $mux $flatten\router_inst.$procmux$4349.
    dead port 2/2 on $mux $flatten\router_inst.$procmux$4355.
    dead port 2/2 on $mux $flatten\router_inst.$procmux$4361.
    dead port 2/2 on $mux $flatten\router_inst.$procmux$4367.
    dead port 2/2 on $mux $flatten\router_inst.$procmux$4373.
    dead port 2/2 on $mux $flatten\router_inst.$procmux$4379.
    dead port 1/2 on $mux $flatten\router_inst.$procmux$4422.
    dead port 1/2 on $mux $flatten\router_inst.$procmux$4425.
    dead port 1/2 on $mux $flatten\router_inst.$procmux$4428.
    dead port 1/2 on $mux $flatten\router_inst.$procmux$4431.
    dead port 1/2 on $mux $flatten\router_inst.$procmux$4434.
    dead port 1/2 on $mux $flatten\router_inst.$procmux$4437.
    dead port 1/2 on $mux $flatten\router_inst.$procmux$4440.
    dead port 1/2 on $mux $flatten\router_inst.$procmux$4443.
    dead port 2/2 on $mux $flatten\router_inst.$procmux$4445.
    dead port 2/2 on $mux $flatten\router_inst.$procmux$4452.
    dead port 1/2 on $mux $flatten\router_inst.$procmux$4455.
    dead port 1/2 on $mux $flatten\router_inst.$procmux$4458.
    dead port 1/2 on $mux $flatten\router_inst.$procmux$4461.
    dead port 1/2 on $mux $flatten\router_inst.$procmux$4464.
    dead port 1/2 on $mux $flatten\router_inst.$procmux$4467.
    dead port 1/2 on $mux $flatten\router_inst.$procmux$4470.
    dead port 1/2 on $mux $flatten\router_inst.$procmux$4473.
    dead port 2/2 on $mux $flatten\router_inst.$procmux$4475.
    dead port 1/2 on $mux $flatten\router_inst.$procmux$4482.
    dead port 1/2 on $mux $flatten\router_inst.$procmux$4485.
    dead port 1/2 on $mux $flatten\router_inst.$procmux$4488.
    dead port 1/2 on $mux $flatten\router_inst.$procmux$4491.
    dead port 1/2 on $mux $flatten\router_inst.$procmux$4494.
    dead port 1/2 on $mux $flatten\router_inst.$procmux$4497.
    dead port 1/2 on $mux $flatten\router_inst.$procmux$4500.
    dead port 2/2 on $mux $flatten\router_inst.$procmux$4502.
    dead port 1/2 on $mux $flatten\router_inst.$procmux$4509.
    dead port 1/2 on $mux $flatten\router_inst.$procmux$4512.
    dead port 1/2 on $mux $flatten\router_inst.$procmux$4515.
    dead port 1/2 on $mux $flatten\router_inst.$procmux$4518.
    dead port 1/2 on $mux $flatten\router_inst.$procmux$4521.
    dead port 1/2 on $mux $flatten\router_inst.$procmux$4524.
    dead port 1/2 on $mux $flatten\router_inst.$procmux$4527.
    dead port 2/2 on $mux $flatten\router_inst.$procmux$4529.
    dead port 2/2 on $mux $flatten\router_inst.$procmux$4536.
    dead port 1/2 on $mux $flatten\router_inst.$procmux$4539.
    dead port 1/2 on $mux $flatten\router_inst.$procmux$4542.
    dead port 1/2 on $mux $flatten\router_inst.$procmux$4545.
    dead port 1/2 on $mux $flatten\router_inst.$procmux$4548.
    dead port 1/2 on $mux $flatten\router_inst.$procmux$4551.
    dead port 1/2 on $mux $flatten\router_inst.$procmux$4554.
    dead port 2/2 on $mux $flatten\router_inst.$procmux$4556.
    dead port 1/2 on $mux $flatten\router_inst.$procmux$4563.
    dead port 1/2 on $mux $flatten\router_inst.$procmux$4566.
    dead port 1/2 on $mux $flatten\router_inst.$procmux$4569.
    dead port 1/2 on $mux $flatten\router_inst.$procmux$4572.
    dead port 1/2 on $mux $flatten\router_inst.$procmux$4575.
    dead port 1/2 on $mux $flatten\router_inst.$procmux$4578.
    dead port 2/2 on $mux $flatten\router_inst.$procmux$4580.
    dead port 1/2 on $mux $flatten\router_inst.$procmux$4587.
    dead port 1/2 on $mux $flatten\router_inst.$procmux$4590.
    dead port 1/2 on $mux $flatten\router_inst.$procmux$4593.
    dead port 1/2 on $mux $flatten\router_inst.$procmux$4596.
    dead port 1/2 on $mux $flatten\router_inst.$procmux$4599.
    dead port 1/2 on $mux $flatten\router_inst.$procmux$4602.
    dead port 2/2 on $mux $flatten\router_inst.$procmux$4604.
    dead port 1/2 on $mux $flatten\router_inst.$procmux$4611.
    dead port 1/2 on $mux $flatten\router_inst.$procmux$4614.
    dead port 1/2 on $mux $flatten\router_inst.$procmux$4617.
    dead port 1/2 on $mux $flatten\router_inst.$procmux$4620.
    dead port 1/2 on $mux $flatten\router_inst.$procmux$4623.
    dead port 1/2 on $mux $flatten\router_inst.$procmux$4626.
    dead port 2/2 on $mux $flatten\router_inst.$procmux$4628.
    dead port 2/2 on $mux $flatten\router_inst.$procmux$4635.
    dead port 1/2 on $mux $flatten\router_inst.$procmux$4638.
    dead port 1/2 on $mux $flatten\router_inst.$procmux$4641.
    dead port 1/2 on $mux $flatten\router_inst.$procmux$4644.
    dead port 1/2 on $mux $flatten\router_inst.$procmux$4647.
    dead port 1/2 on $mux $flatten\router_inst.$procmux$4650.
    dead port 2/2 on $mux $flatten\router_inst.$procmux$4652.
    dead port 1/2 on $mux $flatten\router_inst.$procmux$4659.
    dead port 1/2 on $mux $flatten\router_inst.$procmux$4662.
    dead port 1/2 on $mux $flatten\router_inst.$procmux$4665.
    dead port 1/2 on $mux $flatten\router_inst.$procmux$4668.
    dead port 1/2 on $mux $flatten\router_inst.$procmux$4671.
    dead port 2/2 on $mux $flatten\router_inst.$procmux$4673.
    dead port 1/2 on $mux $flatten\router_inst.$procmux$4680.
    dead port 1/2 on $mux $flatten\router_inst.$procmux$4683.
    dead port 1/2 on $mux $flatten\router_inst.$procmux$4686.
    dead port 1/2 on $mux $flatten\router_inst.$procmux$4689.
    dead port 1/2 on $mux $flatten\router_inst.$procmux$4692.
    dead port 2/2 on $mux $flatten\router_inst.$procmux$4694.
    dead port 1/2 on $mux $flatten\router_inst.$procmux$4701.
    dead port 1/2 on $mux $flatten\router_inst.$procmux$4704.
    dead port 1/2 on $mux $flatten\router_inst.$procmux$4707.
    dead port 1/2 on $mux $flatten\router_inst.$procmux$4710.
    dead port 1/2 on $mux $flatten\router_inst.$procmux$4713.
    dead port 2/2 on $mux $flatten\router_inst.$procmux$4715.
    dead port 1/2 on $mux $flatten\router_inst.$procmux$4722.
    dead port 1/2 on $mux $flatten\router_inst.$procmux$4725.
    dead port 1/2 on $mux $flatten\router_inst.$procmux$4728.
    dead port 1/2 on $mux $flatten\router_inst.$procmux$4731.
    dead port 1/2 on $mux $flatten\router_inst.$procmux$4734.
    dead port 2/2 on $mux $flatten\router_inst.$procmux$4736.
    dead port 2/2 on $mux $flatten\router_inst.$procmux$4743.
    dead port 1/2 on $mux $flatten\router_inst.$procmux$4746.
    dead port 1/2 on $mux $flatten\router_inst.$procmux$4749.
    dead port 1/2 on $mux $flatten\router_inst.$procmux$4752.
    dead port 1/2 on $mux $flatten\router_inst.$procmux$4755.
    dead port 2/2 on $mux $flatten\router_inst.$procmux$4757.
    dead port 1/2 on $mux $flatten\router_inst.$procmux$4764.
    dead port 1/2 on $mux $flatten\router_inst.$procmux$4767.
    dead port 1/2 on $mux $flatten\router_inst.$procmux$4770.
    dead port 1/2 on $mux $flatten\router_inst.$procmux$4773.
    dead port 2/2 on $mux $flatten\router_inst.$procmux$4775.
    dead port 1/2 on $mux $flatten\router_inst.$procmux$4782.
    dead port 1/2 on $mux $flatten\router_inst.$procmux$4785.
    dead port 1/2 on $mux $flatten\router_inst.$procmux$4788.
    dead port 1/2 on $mux $flatten\router_inst.$procmux$4791.
    dead port 2/2 on $mux $flatten\router_inst.$procmux$4793.
    dead port 1/2 on $mux $flatten\router_inst.$procmux$4800.
    dead port 1/2 on $mux $flatten\router_inst.$procmux$4803.
    dead port 1/2 on $mux $flatten\router_inst.$procmux$4806.
    dead port 1/2 on $mux $flatten\router_inst.$procmux$4809.
    dead port 2/2 on $mux $flatten\router_inst.$procmux$4811.
    dead port 1/2 on $mux $flatten\router_inst.$procmux$4818.
    dead port 1/2 on $mux $flatten\router_inst.$procmux$4821.
    dead port 1/2 on $mux $flatten\router_inst.$procmux$4824.
    dead port 1/2 on $mux $flatten\router_inst.$procmux$4827.
    dead port 2/2 on $mux $flatten\router_inst.$procmux$4829.
    dead port 1/2 on $mux $flatten\router_inst.$procmux$4836.
    dead port 1/2 on $mux $flatten\router_inst.$procmux$4839.
    dead port 1/2 on $mux $flatten\router_inst.$procmux$4842.
    dead port 1/2 on $mux $flatten\router_inst.$procmux$4845.
    dead port 2/2 on $mux $flatten\router_inst.$procmux$4847.
    dead port 2/2 on $mux $flatten\router_inst.$procmux$4854.
    dead port 1/2 on $mux $flatten\router_inst.$procmux$4857.
    dead port 1/2 on $mux $flatten\router_inst.$procmux$4860.
    dead port 1/2 on $mux $flatten\router_inst.$procmux$4863.
    dead port 2/2 on $mux $flatten\router_inst.$procmux$4865.
    dead port 1/2 on $mux $flatten\router_inst.$procmux$4872.
    dead port 1/2 on $mux $flatten\router_inst.$procmux$4875.
    dead port 1/2 on $mux $flatten\router_inst.$procmux$4878.
    dead port 2/2 on $mux $flatten\router_inst.$procmux$4880.
    dead port 1/2 on $mux $flatten\router_inst.$procmux$4887.
    dead port 1/2 on $mux $flatten\router_inst.$procmux$4890.
    dead port 1/2 on $mux $flatten\router_inst.$procmux$4893.
    dead port 2/2 on $mux $flatten\router_inst.$procmux$4895.
    dead port 1/2 on $mux $flatten\router_inst.$procmux$4902.
    dead port 1/2 on $mux $flatten\router_inst.$procmux$4905.
    dead port 1/2 on $mux $flatten\router_inst.$procmux$4908.
    dead port 2/2 on $mux $flatten\router_inst.$procmux$4910.
    dead port 1/2 on $mux $flatten\router_inst.$procmux$4917.
    dead port 1/2 on $mux $flatten\router_inst.$procmux$4920.
    dead port 1/2 on $mux $flatten\router_inst.$procmux$4923.
    dead port 2/2 on $mux $flatten\router_inst.$procmux$4925.
    dead port 1/2 on $mux $flatten\router_inst.$procmux$4932.
    dead port 1/2 on $mux $flatten\router_inst.$procmux$4935.
    dead port 1/2 on $mux $flatten\router_inst.$procmux$4938.
    dead port 2/2 on $mux $flatten\router_inst.$procmux$4940.
    dead port 1/2 on $mux $flatten\router_inst.$procmux$4947.
    dead port 1/2 on $mux $flatten\router_inst.$procmux$4950.
    dead port 1/2 on $mux $flatten\router_inst.$procmux$4953.
    dead port 2/2 on $mux $flatten\router_inst.$procmux$4955.
    dead port 2/2 on $mux $flatten\router_inst.$procmux$4962.
    dead port 1/2 on $mux $flatten\router_inst.$procmux$4965.
    dead port 1/2 on $mux $flatten\router_inst.$procmux$4968.
    dead port 2/2 on $mux $flatten\router_inst.$procmux$4970.
    dead port 1/2 on $mux $flatten\router_inst.$procmux$4977.
    dead port 1/2 on $mux $flatten\router_inst.$procmux$4980.
    dead port 2/2 on $mux $flatten\router_inst.$procmux$4982.
    dead port 1/2 on $mux $flatten\router_inst.$procmux$4989.
    dead port 1/2 on $mux $flatten\router_inst.$procmux$4992.
    dead port 2/2 on $mux $flatten\router_inst.$procmux$4994.
    dead port 1/2 on $mux $flatten\router_inst.$procmux$5001.
    dead port 1/2 on $mux $flatten\router_inst.$procmux$5004.
    dead port 2/2 on $mux $flatten\router_inst.$procmux$5006.
    dead port 1/2 on $mux $flatten\router_inst.$procmux$5013.
    dead port 1/2 on $mux $flatten\router_inst.$procmux$5016.
    dead port 2/2 on $mux $flatten\router_inst.$procmux$5018.
    dead port 1/2 on $mux $flatten\router_inst.$procmux$5025.
    dead port 1/2 on $mux $flatten\router_inst.$procmux$5028.
    dead port 2/2 on $mux $flatten\router_inst.$procmux$5030.
    dead port 1/2 on $mux $flatten\router_inst.$procmux$5037.
    dead port 1/2 on $mux $flatten\router_inst.$procmux$5040.
    dead port 2/2 on $mux $flatten\router_inst.$procmux$5042.
    dead port 1/2 on $mux $flatten\router_inst.$procmux$5049.
    dead port 1/2 on $mux $flatten\router_inst.$procmux$5052.
    dead port 2/2 on $mux $flatten\router_inst.$procmux$5054.
    dead port 2/2 on $mux $flatten\router_inst.$procmux$5061.
    dead port 1/2 on $mux $flatten\router_inst.$procmux$5064.
    dead port 2/2 on $mux $flatten\router_inst.$procmux$5066.
    dead port 1/2 on $mux $flatten\router_inst.$procmux$5073.
    dead port 2/2 on $mux $flatten\router_inst.$procmux$5075.
    dead port 1/2 on $mux $flatten\router_inst.$procmux$5082.
    dead port 2/2 on $mux $flatten\router_inst.$procmux$5084.
    dead port 1/2 on $mux $flatten\router_inst.$procmux$5091.
    dead port 2/2 on $mux $flatten\router_inst.$procmux$5093.
    dead port 1/2 on $mux $flatten\router_inst.$procmux$5100.
    dead port 2/2 on $mux $flatten\router_inst.$procmux$5102.
    dead port 1/2 on $mux $flatten\router_inst.$procmux$5109.
    dead port 2/2 on $mux $flatten\router_inst.$procmux$5111.
    dead port 1/2 on $mux $flatten\router_inst.$procmux$5118.
    dead port 2/2 on $mux $flatten\router_inst.$procmux$5120.
    dead port 1/2 on $mux $flatten\router_inst.$procmux$5127.
    dead port 2/2 on $mux $flatten\router_inst.$procmux$5129.
    dead port 1/2 on $mux $flatten\router_inst.$procmux$5136.
    dead port 2/2 on $mux $flatten\router_inst.$procmux$5138.
    dead port 2/2 on $mux $flatten\router_inst.$procmux$5145.
    dead port 2/2 on $mux $flatten\router_inst.$procmux$5147.
    dead port 2/2 on $mux $flatten\router_inst.$procmux$5153.
    dead port 2/2 on $mux $flatten\router_inst.$procmux$5159.
    dead port 2/2 on $mux $flatten\router_inst.$procmux$5165.
    dead port 2/2 on $mux $flatten\router_inst.$procmux$5171.
    dead port 2/2 on $mux $flatten\router_inst.$procmux$5177.
    dead port 2/2 on $mux $flatten\router_inst.$procmux$5183.
    dead port 2/2 on $mux $flatten\router_inst.$procmux$5189.
    dead port 2/2 on $mux $flatten\router_inst.$procmux$5195.
    dead port 2/2 on $mux $flatten\router_inst.$procmux$5201.
    dead port 1/2 on $mux $flatten\router_inst.$procmux$5244.
    dead port 1/2 on $mux $flatten\router_inst.$procmux$5247.
    dead port 1/2 on $mux $flatten\router_inst.$procmux$5250.
    dead port 1/2 on $mux $flatten\router_inst.$procmux$5253.
    dead port 1/2 on $mux $flatten\router_inst.$procmux$5256.
    dead port 1/2 on $mux $flatten\router_inst.$procmux$5259.
    dead port 1/2 on $mux $flatten\router_inst.$procmux$5262.
    dead port 1/2 on $mux $flatten\router_inst.$procmux$5265.
    dead port 2/2 on $mux $flatten\router_inst.$procmux$5267.
    dead port 2/2 on $mux $flatten\router_inst.$procmux$5274.
    dead port 1/2 on $mux $flatten\router_inst.$procmux$5277.
    dead port 1/2 on $mux $flatten\router_inst.$procmux$5280.
    dead port 1/2 on $mux $flatten\router_inst.$procmux$5283.
    dead port 1/2 on $mux $flatten\router_inst.$procmux$5286.
    dead port 1/2 on $mux $flatten\router_inst.$procmux$5289.
    dead port 1/2 on $mux $flatten\router_inst.$procmux$5292.
    dead port 1/2 on $mux $flatten\router_inst.$procmux$5295.
    dead port 2/2 on $mux $flatten\router_inst.$procmux$5297.
    dead port 1/2 on $mux $flatten\router_inst.$procmux$5304.
    dead port 1/2 on $mux $flatten\router_inst.$procmux$5307.
    dead port 1/2 on $mux $flatten\router_inst.$procmux$5310.
    dead port 1/2 on $mux $flatten\router_inst.$procmux$5313.
    dead port 1/2 on $mux $flatten\router_inst.$procmux$5316.
    dead port 1/2 on $mux $flatten\router_inst.$procmux$5319.
    dead port 1/2 on $mux $flatten\router_inst.$procmux$5322.
    dead port 2/2 on $mux $flatten\router_inst.$procmux$5324.
    dead port 1/2 on $mux $flatten\router_inst.$procmux$5331.
    dead port 1/2 on $mux $flatten\router_inst.$procmux$5334.
    dead port 1/2 on $mux $flatten\router_inst.$procmux$5337.
    dead port 1/2 on $mux $flatten\router_inst.$procmux$5340.
    dead port 1/2 on $mux $flatten\router_inst.$procmux$5343.
    dead port 1/2 on $mux $flatten\router_inst.$procmux$5346.
    dead port 1/2 on $mux $flatten\router_inst.$procmux$5349.
    dead port 2/2 on $mux $flatten\router_inst.$procmux$5351.
    dead port 2/2 on $mux $flatten\router_inst.$procmux$5358.
    dead port 1/2 on $mux $flatten\router_inst.$procmux$5361.
    dead port 1/2 on $mux $flatten\router_inst.$procmux$5364.
    dead port 1/2 on $mux $flatten\router_inst.$procmux$5367.
    dead port 1/2 on $mux $flatten\router_inst.$procmux$5370.
    dead port 1/2 on $mux $flatten\router_inst.$procmux$5373.
    dead port 1/2 on $mux $flatten\router_inst.$procmux$5376.
    dead port 2/2 on $mux $flatten\router_inst.$procmux$5378.
    dead port 1/2 on $mux $flatten\router_inst.$procmux$5385.
    dead port 1/2 on $mux $flatten\router_inst.$procmux$5388.
    dead port 1/2 on $mux $flatten\router_inst.$procmux$5391.
    dead port 1/2 on $mux $flatten\router_inst.$procmux$5394.
    dead port 1/2 on $mux $flatten\router_inst.$procmux$5397.
    dead port 1/2 on $mux $flatten\router_inst.$procmux$5400.
    dead port 2/2 on $mux $flatten\router_inst.$procmux$5402.
    dead port 1/2 on $mux $flatten\router_inst.$procmux$5409.
    dead port 1/2 on $mux $flatten\router_inst.$procmux$5412.
    dead port 1/2 on $mux $flatten\router_inst.$procmux$5415.
    dead port 1/2 on $mux $flatten\router_inst.$procmux$5418.
    dead port 1/2 on $mux $flatten\router_inst.$procmux$5421.
    dead port 1/2 on $mux $flatten\router_inst.$procmux$5424.
    dead port 2/2 on $mux $flatten\router_inst.$procmux$5426.
    dead port 1/2 on $mux $flatten\router_inst.$procmux$5433.
    dead port 1/2 on $mux $flatten\router_inst.$procmux$5436.
    dead port 1/2 on $mux $flatten\router_inst.$procmux$5439.
    dead port 1/2 on $mux $flatten\router_inst.$procmux$5442.
    dead port 1/2 on $mux $flatten\router_inst.$procmux$5445.
    dead port 1/2 on $mux $flatten\router_inst.$procmux$5448.
    dead port 2/2 on $mux $flatten\router_inst.$procmux$5450.
    dead port 2/2 on $mux $flatten\router_inst.$procmux$5457.
    dead port 1/2 on $mux $flatten\router_inst.$procmux$5460.
    dead port 1/2 on $mux $flatten\router_inst.$procmux$5463.
    dead port 1/2 on $mux $flatten\router_inst.$procmux$5466.
    dead port 1/2 on $mux $flatten\router_inst.$procmux$5469.
    dead port 1/2 on $mux $flatten\router_inst.$procmux$5472.
    dead port 2/2 on $mux $flatten\router_inst.$procmux$5474.
    dead port 1/2 on $mux $flatten\router_inst.$procmux$5481.
    dead port 1/2 on $mux $flatten\router_inst.$procmux$5484.
    dead port 1/2 on $mux $flatten\router_inst.$procmux$5487.
    dead port 1/2 on $mux $flatten\router_inst.$procmux$5490.
    dead port 1/2 on $mux $flatten\router_inst.$procmux$5493.
    dead port 2/2 on $mux $flatten\router_inst.$procmux$5495.
    dead port 1/2 on $mux $flatten\router_inst.$procmux$5502.
    dead port 1/2 on $mux $flatten\router_inst.$procmux$5505.
    dead port 1/2 on $mux $flatten\router_inst.$procmux$5508.
    dead port 1/2 on $mux $flatten\router_inst.$procmux$5511.
    dead port 1/2 on $mux $flatten\router_inst.$procmux$5514.
    dead port 2/2 on $mux $flatten\router_inst.$procmux$5516.
    dead port 1/2 on $mux $flatten\router_inst.$procmux$5523.
    dead port 1/2 on $mux $flatten\router_inst.$procmux$5526.
    dead port 1/2 on $mux $flatten\router_inst.$procmux$5529.
    dead port 1/2 on $mux $flatten\router_inst.$procmux$5532.
    dead port 1/2 on $mux $flatten\router_inst.$procmux$5535.
    dead port 2/2 on $mux $flatten\router_inst.$procmux$5537.
    dead port 1/2 on $mux $flatten\router_inst.$procmux$5544.
    dead port 1/2 on $mux $flatten\router_inst.$procmux$5547.
    dead port 1/2 on $mux $flatten\router_inst.$procmux$5550.
    dead port 1/2 on $mux $flatten\router_inst.$procmux$5553.
    dead port 1/2 on $mux $flatten\router_inst.$procmux$5556.
    dead port 2/2 on $mux $flatten\router_inst.$procmux$5558.
    dead port 2/2 on $mux $flatten\router_inst.$procmux$5565.
    dead port 1/2 on $mux $flatten\router_inst.$procmux$5568.
    dead port 1/2 on $mux $flatten\router_inst.$procmux$5571.
    dead port 1/2 on $mux $flatten\router_inst.$procmux$5574.
    dead port 1/2 on $mux $flatten\router_inst.$procmux$5577.
    dead port 2/2 on $mux $flatten\router_inst.$procmux$5579.
    dead port 1/2 on $mux $flatten\router_inst.$procmux$5586.
    dead port 1/2 on $mux $flatten\router_inst.$procmux$5589.
    dead port 1/2 on $mux $flatten\router_inst.$procmux$5592.
    dead port 1/2 on $mux $flatten\router_inst.$procmux$5595.
    dead port 2/2 on $mux $flatten\router_inst.$procmux$5597.
    dead port 1/2 on $mux $flatten\router_inst.$procmux$5604.
    dead port 1/2 on $mux $flatten\router_inst.$procmux$5607.
    dead port 1/2 on $mux $flatten\router_inst.$procmux$5610.
    dead port 1/2 on $mux $flatten\router_inst.$procmux$5613.
    dead port 2/2 on $mux $flatten\router_inst.$procmux$5615.
    dead port 1/2 on $mux $flatten\router_inst.$procmux$5622.
    dead port 1/2 on $mux $flatten\router_inst.$procmux$5625.
    dead port 1/2 on $mux $flatten\router_inst.$procmux$5628.
    dead port 1/2 on $mux $flatten\router_inst.$procmux$5631.
    dead port 2/2 on $mux $flatten\router_inst.$procmux$5633.
    dead port 1/2 on $mux $flatten\router_inst.$procmux$5640.
    dead port 1/2 on $mux $flatten\router_inst.$procmux$5643.
    dead port 1/2 on $mux $flatten\router_inst.$procmux$5646.
    dead port 1/2 on $mux $flatten\router_inst.$procmux$5649.
    dead port 2/2 on $mux $flatten\router_inst.$procmux$5651.
    dead port 1/2 on $mux $flatten\router_inst.$procmux$5658.
    dead port 1/2 on $mux $flatten\router_inst.$procmux$5661.
    dead port 1/2 on $mux $flatten\router_inst.$procmux$5664.
    dead port 1/2 on $mux $flatten\router_inst.$procmux$5667.
    dead port 2/2 on $mux $flatten\router_inst.$procmux$5669.
    dead port 2/2 on $mux $flatten\router_inst.$procmux$5676.
    dead port 1/2 on $mux $flatten\router_inst.$procmux$5679.
    dead port 1/2 on $mux $flatten\router_inst.$procmux$5682.
    dead port 1/2 on $mux $flatten\router_inst.$procmux$5685.
    dead port 2/2 on $mux $flatten\router_inst.$procmux$5687.
    dead port 1/2 on $mux $flatten\router_inst.$procmux$5694.
    dead port 1/2 on $mux $flatten\router_inst.$procmux$5697.
    dead port 1/2 on $mux $flatten\router_inst.$procmux$5700.
    dead port 2/2 on $mux $flatten\router_inst.$procmux$5702.
    dead port 1/2 on $mux $flatten\router_inst.$procmux$5709.
    dead port 1/2 on $mux $flatten\router_inst.$procmux$5712.
    dead port 1/2 on $mux $flatten\router_inst.$procmux$5715.
    dead port 2/2 on $mux $flatten\router_inst.$procmux$5717.
    dead port 1/2 on $mux $flatten\router_inst.$procmux$5724.
    dead port 1/2 on $mux $flatten\router_inst.$procmux$5727.
    dead port 1/2 on $mux $flatten\router_inst.$procmux$5730.
    dead port 2/2 on $mux $flatten\router_inst.$procmux$5732.
    dead port 1/2 on $mux $flatten\router_inst.$procmux$5739.
    dead port 1/2 on $mux $flatten\router_inst.$procmux$5742.
    dead port 1/2 on $mux $flatten\router_inst.$procmux$5745.
    dead port 2/2 on $mux $flatten\router_inst.$procmux$5747.
    dead port 1/2 on $mux $flatten\router_inst.$procmux$5754.
    dead port 1/2 on $mux $flatten\router_inst.$procmux$5757.
    dead port 1/2 on $mux $flatten\router_inst.$procmux$5760.
    dead port 2/2 on $mux $flatten\router_inst.$procmux$5762.
    dead port 1/2 on $mux $flatten\router_inst.$procmux$5769.
    dead port 1/2 on $mux $flatten\router_inst.$procmux$5772.
    dead port 1/2 on $mux $flatten\router_inst.$procmux$5775.
    dead port 2/2 on $mux $flatten\router_inst.$procmux$5777.
    dead port 2/2 on $mux $flatten\router_inst.$procmux$5784.
    dead port 1/2 on $mux $flatten\router_inst.$procmux$5787.
    dead port 1/2 on $mux $flatten\router_inst.$procmux$5790.
    dead port 2/2 on $mux $flatten\router_inst.$procmux$5792.
    dead port 1/2 on $mux $flatten\router_inst.$procmux$5799.
    dead port 1/2 on $mux $flatten\router_inst.$procmux$5802.
    dead port 2/2 on $mux $flatten\router_inst.$procmux$5804.
    dead port 1/2 on $mux $flatten\router_inst.$procmux$5811.
    dead port 1/2 on $mux $flatten\router_inst.$procmux$5814.
    dead port 2/2 on $mux $flatten\router_inst.$procmux$5816.
    dead port 1/2 on $mux $flatten\router_inst.$procmux$5823.
    dead port 1/2 on $mux $flatten\router_inst.$procmux$5826.
    dead port 2/2 on $mux $flatten\router_inst.$procmux$5828.
    dead port 1/2 on $mux $flatten\router_inst.$procmux$5835.
    dead port 1/2 on $mux $flatten\router_inst.$procmux$5838.
    dead port 2/2 on $mux $flatten\router_inst.$procmux$5840.
    dead port 1/2 on $mux $flatten\router_inst.$procmux$5847.
    dead port 1/2 on $mux $flatten\router_inst.$procmux$5850.
    dead port 2/2 on $mux $flatten\router_inst.$procmux$5852.
    dead port 1/2 on $mux $flatten\router_inst.$procmux$5859.
    dead port 1/2 on $mux $flatten\router_inst.$procmux$5862.
    dead port 2/2 on $mux $flatten\router_inst.$procmux$5864.
    dead port 1/2 on $mux $flatten\router_inst.$procmux$5871.
    dead port 1/2 on $mux $flatten\router_inst.$procmux$5874.
    dead port 2/2 on $mux $flatten\router_inst.$procmux$5876.
    dead port 2/2 on $mux $flatten\router_inst.$procmux$5883.
    dead port 1/2 on $mux $flatten\router_inst.$procmux$5886.
    dead port 2/2 on $mux $flatten\router_inst.$procmux$5888.
    dead port 1/2 on $mux $flatten\router_inst.$procmux$5895.
    dead port 2/2 on $mux $flatten\router_inst.$procmux$5897.
    dead port 1/2 on $mux $flatten\router_inst.$procmux$5904.
    dead port 2/2 on $mux $flatten\router_inst.$procmux$5906.
    dead port 1/2 on $mux $flatten\router_inst.$procmux$5913.
    dead port 2/2 on $mux $flatten\router_inst.$procmux$5915.
    dead port 1/2 on $mux $flatten\router_inst.$procmux$5922.
    dead port 2/2 on $mux $flatten\router_inst.$procmux$5924.
    dead port 1/2 on $mux $flatten\router_inst.$procmux$5931.
    dead port 2/2 on $mux $flatten\router_inst.$procmux$5933.
    dead port 1/2 on $mux $flatten\router_inst.$procmux$5940.
    dead port 2/2 on $mux $flatten\router_inst.$procmux$5942.
    dead port 1/2 on $mux $flatten\router_inst.$procmux$5949.
    dead port 2/2 on $mux $flatten\router_inst.$procmux$5951.
    dead port 1/2 on $mux $flatten\router_inst.$procmux$5958.
    dead port 2/2 on $mux $flatten\router_inst.$procmux$5960.
    dead port 2/2 on $mux $flatten\router_inst.$procmux$5967.
    dead port 2/2 on $mux $flatten\router_inst.$procmux$5969.
    dead port 2/2 on $mux $flatten\router_inst.$procmux$5975.
    dead port 2/2 on $mux $flatten\router_inst.$procmux$5981.
    dead port 2/2 on $mux $flatten\router_inst.$procmux$5987.
    dead port 2/2 on $mux $flatten\router_inst.$procmux$5993.
    dead port 2/2 on $mux $flatten\router_inst.$procmux$5999.
    dead port 2/2 on $mux $flatten\router_inst.$procmux$6005.
    dead port 2/2 on $mux $flatten\router_inst.$procmux$6011.
    dead port 2/2 on $mux $flatten\router_inst.$procmux$6017.
    dead port 2/2 on $mux $flatten\router_inst.$procmux$6023.
    dead port 1/2 on $mux $flatten\router_inst.$procmux$6066.
    dead port 1/2 on $mux $flatten\router_inst.$procmux$6069.
    dead port 1/2 on $mux $flatten\router_inst.$procmux$6072.
    dead port 1/2 on $mux $flatten\router_inst.$procmux$6075.
    dead port 1/2 on $mux $flatten\router_inst.$procmux$6078.
    dead port 1/2 on $mux $flatten\router_inst.$procmux$6081.
    dead port 1/2 on $mux $flatten\router_inst.$procmux$6084.
    dead port 1/2 on $mux $flatten\router_inst.$procmux$6087.
    dead port 2/2 on $mux $flatten\router_inst.$procmux$6089.
    dead port 2/2 on $mux $flatten\router_inst.$procmux$6096.
    dead port 1/2 on $mux $flatten\router_inst.$procmux$6099.
    dead port 1/2 on $mux $flatten\router_inst.$procmux$6102.
    dead port 1/2 on $mux $flatten\router_inst.$procmux$6105.
    dead port 1/2 on $mux $flatten\router_inst.$procmux$6108.
    dead port 1/2 on $mux $flatten\router_inst.$procmux$6111.
    dead port 1/2 on $mux $flatten\router_inst.$procmux$6114.
    dead port 1/2 on $mux $flatten\router_inst.$procmux$6117.
    dead port 2/2 on $mux $flatten\router_inst.$procmux$6119.
    dead port 1/2 on $mux $flatten\router_inst.$procmux$6126.
    dead port 1/2 on $mux $flatten\router_inst.$procmux$6129.
    dead port 1/2 on $mux $flatten\router_inst.$procmux$6132.
    dead port 1/2 on $mux $flatten\router_inst.$procmux$6135.
    dead port 1/2 on $mux $flatten\router_inst.$procmux$6138.
    dead port 1/2 on $mux $flatten\router_inst.$procmux$6141.
    dead port 1/2 on $mux $flatten\router_inst.$procmux$6144.
    dead port 2/2 on $mux $flatten\router_inst.$procmux$6146.
    dead port 1/2 on $mux $flatten\router_inst.$procmux$6153.
    dead port 1/2 on $mux $flatten\router_inst.$procmux$6156.
    dead port 1/2 on $mux $flatten\router_inst.$procmux$6159.
    dead port 1/2 on $mux $flatten\router_inst.$procmux$6162.
    dead port 1/2 on $mux $flatten\router_inst.$procmux$6165.
    dead port 1/2 on $mux $flatten\router_inst.$procmux$6168.
    dead port 1/2 on $mux $flatten\router_inst.$procmux$6171.
    dead port 2/2 on $mux $flatten\router_inst.$procmux$6173.
    dead port 2/2 on $mux $flatten\router_inst.$procmux$6180.
    dead port 1/2 on $mux $flatten\router_inst.$procmux$6183.
    dead port 1/2 on $mux $flatten\router_inst.$procmux$6186.
    dead port 1/2 on $mux $flatten\router_inst.$procmux$6189.
    dead port 1/2 on $mux $flatten\router_inst.$procmux$6192.
    dead port 1/2 on $mux $flatten\router_inst.$procmux$6195.
    dead port 1/2 on $mux $flatten\router_inst.$procmux$6198.
    dead port 2/2 on $mux $flatten\router_inst.$procmux$6200.
    dead port 1/2 on $mux $flatten\router_inst.$procmux$6207.
    dead port 1/2 on $mux $flatten\router_inst.$procmux$6210.
    dead port 1/2 on $mux $flatten\router_inst.$procmux$6213.
    dead port 1/2 on $mux $flatten\router_inst.$procmux$6216.
    dead port 1/2 on $mux $flatten\router_inst.$procmux$6219.
    dead port 1/2 on $mux $flatten\router_inst.$procmux$6222.
    dead port 2/2 on $mux $flatten\router_inst.$procmux$6224.
    dead port 1/2 on $mux $flatten\router_inst.$procmux$6231.
    dead port 1/2 on $mux $flatten\router_inst.$procmux$6234.
    dead port 1/2 on $mux $flatten\router_inst.$procmux$6237.
    dead port 1/2 on $mux $flatten\router_inst.$procmux$6240.
    dead port 1/2 on $mux $flatten\router_inst.$procmux$6243.
    dead port 1/2 on $mux $flatten\router_inst.$procmux$6246.
    dead port 2/2 on $mux $flatten\router_inst.$procmux$6248.
    dead port 1/2 on $mux $flatten\router_inst.$procmux$6255.
    dead port 1/2 on $mux $flatten\router_inst.$procmux$6258.
    dead port 1/2 on $mux $flatten\router_inst.$procmux$6261.
    dead port 1/2 on $mux $flatten\router_inst.$procmux$6264.
    dead port 1/2 on $mux $flatten\router_inst.$procmux$6267.
    dead port 1/2 on $mux $flatten\router_inst.$procmux$6270.
    dead port 2/2 on $mux $flatten\router_inst.$procmux$6272.
    dead port 2/2 on $mux $flatten\router_inst.$procmux$6279.
    dead port 1/2 on $mux $flatten\router_inst.$procmux$6282.
    dead port 1/2 on $mux $flatten\router_inst.$procmux$6285.
    dead port 1/2 on $mux $flatten\router_inst.$procmux$6288.
    dead port 1/2 on $mux $flatten\router_inst.$procmux$6291.
    dead port 1/2 on $mux $flatten\router_inst.$procmux$6294.
    dead port 2/2 on $mux $flatten\router_inst.$procmux$6296.
    dead port 1/2 on $mux $flatten\router_inst.$procmux$6303.
    dead port 1/2 on $mux $flatten\router_inst.$procmux$6306.
    dead port 1/2 on $mux $flatten\router_inst.$procmux$6309.
    dead port 1/2 on $mux $flatten\router_inst.$procmux$6312.
    dead port 1/2 on $mux $flatten\router_inst.$procmux$6315.
    dead port 2/2 on $mux $flatten\router_inst.$procmux$6317.
    dead port 1/2 on $mux $flatten\router_inst.$procmux$6324.
    dead port 1/2 on $mux $flatten\router_inst.$procmux$6327.
    dead port 1/2 on $mux $flatten\router_inst.$procmux$6330.
    dead port 1/2 on $mux $flatten\router_inst.$procmux$6333.
    dead port 1/2 on $mux $flatten\router_inst.$procmux$6336.
    dead port 2/2 on $mux $flatten\router_inst.$procmux$6338.
    dead port 1/2 on $mux $flatten\router_inst.$procmux$6345.
    dead port 1/2 on $mux $flatten\router_inst.$procmux$6348.
    dead port 1/2 on $mux $flatten\router_inst.$procmux$6351.
    dead port 1/2 on $mux $flatten\router_inst.$procmux$6354.
    dead port 1/2 on $mux $flatten\router_inst.$procmux$6357.
    dead port 2/2 on $mux $flatten\router_inst.$procmux$6359.
    dead port 1/2 on $mux $flatten\router_inst.$procmux$6366.
    dead port 1/2 on $mux $flatten\router_inst.$procmux$6369.
    dead port 1/2 on $mux $flatten\router_inst.$procmux$6372.
    dead port 1/2 on $mux $flatten\router_inst.$procmux$6375.
    dead port 1/2 on $mux $flatten\router_inst.$procmux$6378.
    dead port 2/2 on $mux $flatten\router_inst.$procmux$6380.
    dead port 2/2 on $mux $flatten\router_inst.$procmux$6387.
    dead port 1/2 on $mux $flatten\router_inst.$procmux$6390.
    dead port 1/2 on $mux $flatten\router_inst.$procmux$6393.
    dead port 1/2 on $mux $flatten\router_inst.$procmux$6396.
    dead port 1/2 on $mux $flatten\router_inst.$procmux$6399.
    dead port 2/2 on $mux $flatten\router_inst.$procmux$6401.
    dead port 1/2 on $mux $flatten\router_inst.$procmux$6408.
    dead port 1/2 on $mux $flatten\router_inst.$procmux$6411.
    dead port 1/2 on $mux $flatten\router_inst.$procmux$6414.
    dead port 1/2 on $mux $flatten\router_inst.$procmux$6417.
    dead port 2/2 on $mux $flatten\router_inst.$procmux$6419.
    dead port 1/2 on $mux $flatten\router_inst.$procmux$6426.
    dead port 1/2 on $mux $flatten\router_inst.$procmux$6429.
    dead port 1/2 on $mux $flatten\router_inst.$procmux$6432.
    dead port 1/2 on $mux $flatten\router_inst.$procmux$6435.
    dead port 2/2 on $mux $flatten\router_inst.$procmux$6437.
    dead port 1/2 on $mux $flatten\router_inst.$procmux$6444.
    dead port 1/2 on $mux $flatten\router_inst.$procmux$6447.
    dead port 1/2 on $mux $flatten\router_inst.$procmux$6450.
    dead port 1/2 on $mux $flatten\router_inst.$procmux$6453.
    dead port 2/2 on $mux $flatten\router_inst.$procmux$6455.
    dead port 1/2 on $mux $flatten\router_inst.$procmux$6462.
    dead port 1/2 on $mux $flatten\router_inst.$procmux$6465.
    dead port 1/2 on $mux $flatten\router_inst.$procmux$6468.
    dead port 1/2 on $mux $flatten\router_inst.$procmux$6471.
    dead port 2/2 on $mux $flatten\router_inst.$procmux$6473.
    dead port 1/2 on $mux $flatten\router_inst.$procmux$6480.
    dead port 1/2 on $mux $flatten\router_inst.$procmux$6483.
    dead port 1/2 on $mux $flatten\router_inst.$procmux$6486.
    dead port 1/2 on $mux $flatten\router_inst.$procmux$6489.
    dead port 2/2 on $mux $flatten\router_inst.$procmux$6491.
    dead port 2/2 on $mux $flatten\router_inst.$procmux$6498.
    dead port 1/2 on $mux $flatten\router_inst.$procmux$6501.
    dead port 1/2 on $mux $flatten\router_inst.$procmux$6504.
    dead port 1/2 on $mux $flatten\router_inst.$procmux$6507.
    dead port 2/2 on $mux $flatten\router_inst.$procmux$6509.
    dead port 1/2 on $mux $flatten\router_inst.$procmux$6516.
    dead port 1/2 on $mux $flatten\router_inst.$procmux$6519.
    dead port 1/2 on $mux $flatten\router_inst.$procmux$6522.
    dead port 2/2 on $mux $flatten\router_inst.$procmux$6524.
    dead port 1/2 on $mux $flatten\router_inst.$procmux$6531.
    dead port 1/2 on $mux $flatten\router_inst.$procmux$6534.
    dead port 1/2 on $mux $flatten\router_inst.$procmux$6537.
    dead port 2/2 on $mux $flatten\router_inst.$procmux$6539.
    dead port 1/2 on $mux $flatten\router_inst.$procmux$6546.
    dead port 1/2 on $mux $flatten\router_inst.$procmux$6549.
    dead port 1/2 on $mux $flatten\router_inst.$procmux$6552.
    dead port 2/2 on $mux $flatten\router_inst.$procmux$6554.
    dead port 1/2 on $mux $flatten\router_inst.$procmux$6561.
    dead port 1/2 on $mux $flatten\router_inst.$procmux$6564.
    dead port 1/2 on $mux $flatten\router_inst.$procmux$6567.
    dead port 2/2 on $mux $flatten\router_inst.$procmux$6569.
    dead port 1/2 on $mux $flatten\router_inst.$procmux$6576.
    dead port 1/2 on $mux $flatten\router_inst.$procmux$6579.
    dead port 1/2 on $mux $flatten\router_inst.$procmux$6582.
    dead port 2/2 on $mux $flatten\router_inst.$procmux$6584.
    dead port 1/2 on $mux $flatten\router_inst.$procmux$6591.
    dead port 1/2 on $mux $flatten\router_inst.$procmux$6594.
    dead port 1/2 on $mux $flatten\router_inst.$procmux$6597.
    dead port 2/2 on $mux $flatten\router_inst.$procmux$6599.
    dead port 2/2 on $mux $flatten\router_inst.$procmux$6606.
    dead port 1/2 on $mux $flatten\router_inst.$procmux$6609.
    dead port 1/2 on $mux $flatten\router_inst.$procmux$6612.
    dead port 2/2 on $mux $flatten\router_inst.$procmux$6614.
    dead port 1/2 on $mux $flatten\router_inst.$procmux$6621.
    dead port 1/2 on $mux $flatten\router_inst.$procmux$6624.
    dead port 2/2 on $mux $flatten\router_inst.$procmux$6626.
    dead port 1/2 on $mux $flatten\router_inst.$procmux$6633.
    dead port 1/2 on $mux $flatten\router_inst.$procmux$6636.
    dead port 2/2 on $mux $flatten\router_inst.$procmux$6638.
    dead port 1/2 on $mux $flatten\router_inst.$procmux$6645.
    dead port 1/2 on $mux $flatten\router_inst.$procmux$6648.
    dead port 2/2 on $mux $flatten\router_inst.$procmux$6650.
    dead port 1/2 on $mux $flatten\router_inst.$procmux$6657.
    dead port 1/2 on $mux $flatten\router_inst.$procmux$6660.
    dead port 2/2 on $mux $flatten\router_inst.$procmux$6662.
    dead port 1/2 on $mux $flatten\router_inst.$procmux$6669.
    dead port 1/2 on $mux $flatten\router_inst.$procmux$6672.
    dead port 2/2 on $mux $flatten\router_inst.$procmux$6674.
    dead port 1/2 on $mux $flatten\router_inst.$procmux$6681.
    dead port 1/2 on $mux $flatten\router_inst.$procmux$6684.
    dead port 2/2 on $mux $flatten\router_inst.$procmux$6686.
    dead port 1/2 on $mux $flatten\router_inst.$procmux$6693.
    dead port 1/2 on $mux $flatten\router_inst.$procmux$6696.
    dead port 2/2 on $mux $flatten\router_inst.$procmux$6698.
    dead port 2/2 on $mux $flatten\router_inst.$procmux$6705.
    dead port 1/2 on $mux $flatten\router_inst.$procmux$6708.
    dead port 2/2 on $mux $flatten\router_inst.$procmux$6710.
    dead port 1/2 on $mux $flatten\router_inst.$procmux$6717.
    dead port 2/2 on $mux $flatten\router_inst.$procmux$6719.
    dead port 1/2 on $mux $flatten\router_inst.$procmux$6726.
    dead port 2/2 on $mux $flatten\router_inst.$procmux$6728.
    dead port 1/2 on $mux $flatten\router_inst.$procmux$6735.
    dead port 2/2 on $mux $flatten\router_inst.$procmux$6737.
    dead port 1/2 on $mux $flatten\router_inst.$procmux$6744.
    dead port 2/2 on $mux $flatten\router_inst.$procmux$6746.
    dead port 1/2 on $mux $flatten\router_inst.$procmux$6753.
    dead port 2/2 on $mux $flatten\router_inst.$procmux$6755.
    dead port 1/2 on $mux $flatten\router_inst.$procmux$6762.
    dead port 2/2 on $mux $flatten\router_inst.$procmux$6764.
    dead port 1/2 on $mux $flatten\router_inst.$procmux$6771.
    dead port 2/2 on $mux $flatten\router_inst.$procmux$6773.
    dead port 1/2 on $mux $flatten\router_inst.$procmux$6780.
    dead port 2/2 on $mux $flatten\router_inst.$procmux$6782.
    dead port 2/2 on $mux $flatten\router_inst.$procmux$6789.
    dead port 2/2 on $mux $flatten\router_inst.$procmux$6791.
    dead port 2/2 on $mux $flatten\router_inst.$procmux$6797.
    dead port 2/2 on $mux $flatten\router_inst.$procmux$6803.
    dead port 2/2 on $mux $flatten\router_inst.$procmux$6809.
    dead port 2/2 on $mux $flatten\router_inst.$procmux$6815.
    dead port 2/2 on $mux $flatten\router_inst.$procmux$6821.
    dead port 2/2 on $mux $flatten\router_inst.$procmux$6827.
    dead port 2/2 on $mux $flatten\router_inst.$procmux$6833.
    dead port 2/2 on $mux $flatten\router_inst.$procmux$6839.
    dead port 2/2 on $mux $flatten\router_inst.$procmux$6845.
    dead port 1/2 on $mux $flatten\router_inst.$procmux$6888.
    dead port 1/2 on $mux $flatten\router_inst.$procmux$6891.
    dead port 1/2 on $mux $flatten\router_inst.$procmux$6894.
    dead port 1/2 on $mux $flatten\router_inst.$procmux$6897.
    dead port 1/2 on $mux $flatten\router_inst.$procmux$6900.
    dead port 1/2 on $mux $flatten\router_inst.$procmux$6903.
    dead port 1/2 on $mux $flatten\router_inst.$procmux$6906.
    dead port 1/2 on $mux $flatten\router_inst.$procmux$6909.
    dead port 2/2 on $mux $flatten\router_inst.$procmux$6911.
    dead port 2/2 on $mux $flatten\router_inst.$procmux$6918.
    dead port 1/2 on $mux $flatten\router_inst.$procmux$6921.
    dead port 1/2 on $mux $flatten\router_inst.$procmux$6924.
    dead port 1/2 on $mux $flatten\router_inst.$procmux$6927.
    dead port 1/2 on $mux $flatten\router_inst.$procmux$6930.
    dead port 1/2 on $mux $flatten\router_inst.$procmux$6933.
    dead port 1/2 on $mux $flatten\router_inst.$procmux$6936.
    dead port 1/2 on $mux $flatten\router_inst.$procmux$6939.
    dead port 2/2 on $mux $flatten\router_inst.$procmux$6941.
    dead port 1/2 on $mux $flatten\router_inst.$procmux$6948.
    dead port 1/2 on $mux $flatten\router_inst.$procmux$6951.
    dead port 1/2 on $mux $flatten\router_inst.$procmux$6954.
    dead port 1/2 on $mux $flatten\router_inst.$procmux$6957.
    dead port 1/2 on $mux $flatten\router_inst.$procmux$6960.
    dead port 1/2 on $mux $flatten\router_inst.$procmux$6963.
    dead port 1/2 on $mux $flatten\router_inst.$procmux$6966.
    dead port 2/2 on $mux $flatten\router_inst.$procmux$6968.
    dead port 1/2 on $mux $flatten\router_inst.$procmux$6975.
    dead port 1/2 on $mux $flatten\router_inst.$procmux$6978.
    dead port 1/2 on $mux $flatten\router_inst.$procmux$6981.
    dead port 1/2 on $mux $flatten\router_inst.$procmux$6984.
    dead port 1/2 on $mux $flatten\router_inst.$procmux$6987.
    dead port 1/2 on $mux $flatten\router_inst.$procmux$6990.
    dead port 1/2 on $mux $flatten\router_inst.$procmux$6993.
    dead port 2/2 on $mux $flatten\router_inst.$procmux$6995.
    dead port 2/2 on $mux $flatten\router_inst.$procmux$7002.
    dead port 1/2 on $mux $flatten\router_inst.$procmux$7005.
    dead port 1/2 on $mux $flatten\router_inst.$procmux$7008.
    dead port 1/2 on $mux $flatten\router_inst.$procmux$7011.
    dead port 1/2 on $mux $flatten\router_inst.$procmux$7014.
    dead port 1/2 on $mux $flatten\router_inst.$procmux$7017.
    dead port 1/2 on $mux $flatten\router_inst.$procmux$7020.
    dead port 2/2 on $mux $flatten\router_inst.$procmux$7022.
    dead port 1/2 on $mux $flatten\router_inst.$procmux$7029.
    dead port 1/2 on $mux $flatten\router_inst.$procmux$7032.
    dead port 1/2 on $mux $flatten\router_inst.$procmux$7035.
    dead port 1/2 on $mux $flatten\router_inst.$procmux$7038.
    dead port 1/2 on $mux $flatten\router_inst.$procmux$7041.
    dead port 1/2 on $mux $flatten\router_inst.$procmux$7044.
    dead port 2/2 on $mux $flatten\router_inst.$procmux$7046.
    dead port 1/2 on $mux $flatten\router_inst.$procmux$7053.
    dead port 1/2 on $mux $flatten\router_inst.$procmux$7056.
    dead port 1/2 on $mux $flatten\router_inst.$procmux$7059.
    dead port 1/2 on $mux $flatten\router_inst.$procmux$7062.
    dead port 1/2 on $mux $flatten\router_inst.$procmux$7065.
    dead port 1/2 on $mux $flatten\router_inst.$procmux$7068.
    dead port 2/2 on $mux $flatten\router_inst.$procmux$7070.
    dead port 1/2 on $mux $flatten\router_inst.$procmux$7077.
    dead port 1/2 on $mux $flatten\router_inst.$procmux$7080.
    dead port 1/2 on $mux $flatten\router_inst.$procmux$7083.
    dead port 1/2 on $mux $flatten\router_inst.$procmux$7086.
    dead port 1/2 on $mux $flatten\router_inst.$procmux$7089.
    dead port 1/2 on $mux $flatten\router_inst.$procmux$7092.
    dead port 2/2 on $mux $flatten\router_inst.$procmux$7094.
    dead port 2/2 on $mux $flatten\router_inst.$procmux$7101.
    dead port 1/2 on $mux $flatten\router_inst.$procmux$7104.
    dead port 1/2 on $mux $flatten\router_inst.$procmux$7107.
    dead port 1/2 on $mux $flatten\router_inst.$procmux$7110.
    dead port 1/2 on $mux $flatten\router_inst.$procmux$7113.
    dead port 1/2 on $mux $flatten\router_inst.$procmux$7116.
    dead port 2/2 on $mux $flatten\router_inst.$procmux$7118.
    dead port 1/2 on $mux $flatten\router_inst.$procmux$7125.
    dead port 1/2 on $mux $flatten\router_inst.$procmux$7128.
    dead port 1/2 on $mux $flatten\router_inst.$procmux$7131.
    dead port 1/2 on $mux $flatten\router_inst.$procmux$7134.
    dead port 1/2 on $mux $flatten\router_inst.$procmux$7137.
    dead port 2/2 on $mux $flatten\router_inst.$procmux$7139.
    dead port 1/2 on $mux $flatten\router_inst.$procmux$7146.
    dead port 1/2 on $mux $flatten\router_inst.$procmux$7149.
    dead port 1/2 on $mux $flatten\router_inst.$procmux$7152.
    dead port 1/2 on $mux $flatten\router_inst.$procmux$7155.
    dead port 1/2 on $mux $flatten\router_inst.$procmux$7158.
    dead port 2/2 on $mux $flatten\router_inst.$procmux$7160.
    dead port 1/2 on $mux $flatten\router_inst.$procmux$7167.
    dead port 1/2 on $mux $flatten\router_inst.$procmux$7170.
    dead port 1/2 on $mux $flatten\router_inst.$procmux$7173.
    dead port 1/2 on $mux $flatten\router_inst.$procmux$7176.
    dead port 1/2 on $mux $flatten\router_inst.$procmux$7179.
    dead port 2/2 on $mux $flatten\router_inst.$procmux$7181.
    dead port 1/2 on $mux $flatten\router_inst.$procmux$7188.
    dead port 1/2 on $mux $flatten\router_inst.$procmux$7191.
    dead port 1/2 on $mux $flatten\router_inst.$procmux$7194.
    dead port 1/2 on $mux $flatten\router_inst.$procmux$7197.
    dead port 1/2 on $mux $flatten\router_inst.$procmux$7200.
    dead port 2/2 on $mux $flatten\router_inst.$procmux$7202.
    dead port 2/2 on $mux $flatten\router_inst.$procmux$7209.
    dead port 1/2 on $mux $flatten\router_inst.$procmux$7212.
    dead port 1/2 on $mux $flatten\router_inst.$procmux$7215.
    dead port 1/2 on $mux $flatten\router_inst.$procmux$7218.
    dead port 1/2 on $mux $flatten\router_inst.$procmux$7221.
    dead port 2/2 on $mux $flatten\router_inst.$procmux$7223.
    dead port 1/2 on $mux $flatten\router_inst.$procmux$7230.
    dead port 1/2 on $mux $flatten\router_inst.$procmux$7233.
    dead port 1/2 on $mux $flatten\router_inst.$procmux$7236.
    dead port 1/2 on $mux $flatten\router_inst.$procmux$7239.
    dead port 2/2 on $mux $flatten\router_inst.$procmux$7241.
    dead port 1/2 on $mux $flatten\router_inst.$procmux$7248.
    dead port 1/2 on $mux $flatten\router_inst.$procmux$7251.
    dead port 1/2 on $mux $flatten\router_inst.$procmux$7254.
    dead port 1/2 on $mux $flatten\router_inst.$procmux$7257.
    dead port 2/2 on $mux $flatten\router_inst.$procmux$7259.
    dead port 1/2 on $mux $flatten\router_inst.$procmux$7266.
    dead port 1/2 on $mux $flatten\router_inst.$procmux$7269.
    dead port 1/2 on $mux $flatten\router_inst.$procmux$7272.
    dead port 1/2 on $mux $flatten\router_inst.$procmux$7275.
    dead port 2/2 on $mux $flatten\router_inst.$procmux$7277.
    dead port 1/2 on $mux $flatten\router_inst.$procmux$7284.
    dead port 1/2 on $mux $flatten\router_inst.$procmux$7287.
    dead port 1/2 on $mux $flatten\router_inst.$procmux$7290.
    dead port 1/2 on $mux $flatten\router_inst.$procmux$7293.
    dead port 2/2 on $mux $flatten\router_inst.$procmux$7295.
    dead port 1/2 on $mux $flatten\router_inst.$procmux$7302.
    dead port 1/2 on $mux $flatten\router_inst.$procmux$7305.
    dead port 1/2 on $mux $flatten\router_inst.$procmux$7308.
    dead port 1/2 on $mux $flatten\router_inst.$procmux$7311.
    dead port 2/2 on $mux $flatten\router_inst.$procmux$7313.
    dead port 2/2 on $mux $flatten\router_inst.$procmux$7320.
    dead port 1/2 on $mux $flatten\router_inst.$procmux$7323.
    dead port 1/2 on $mux $flatten\router_inst.$procmux$7326.
    dead port 1/2 on $mux $flatten\router_inst.$procmux$7329.
    dead port 2/2 on $mux $flatten\router_inst.$procmux$7331.
    dead port 1/2 on $mux $flatten\router_inst.$procmux$7338.
    dead port 1/2 on $mux $flatten\router_inst.$procmux$7341.
    dead port 1/2 on $mux $flatten\router_inst.$procmux$7344.
    dead port 2/2 on $mux $flatten\router_inst.$procmux$7346.
    dead port 1/2 on $mux $flatten\router_inst.$procmux$7353.
    dead port 1/2 on $mux $flatten\router_inst.$procmux$7356.
    dead port 1/2 on $mux $flatten\router_inst.$procmux$7359.
    dead port 2/2 on $mux $flatten\router_inst.$procmux$7361.
    dead port 1/2 on $mux $flatten\router_inst.$procmux$7368.
    dead port 1/2 on $mux $flatten\router_inst.$procmux$7371.
    dead port 1/2 on $mux $flatten\router_inst.$procmux$7374.
    dead port 2/2 on $mux $flatten\router_inst.$procmux$7376.
    dead port 1/2 on $mux $flatten\router_inst.$procmux$7383.
    dead port 1/2 on $mux $flatten\router_inst.$procmux$7386.
    dead port 1/2 on $mux $flatten\router_inst.$procmux$7389.
    dead port 2/2 on $mux $flatten\router_inst.$procmux$7391.
    dead port 1/2 on $mux $flatten\router_inst.$procmux$7398.
    dead port 1/2 on $mux $flatten\router_inst.$procmux$7401.
    dead port 1/2 on $mux $flatten\router_inst.$procmux$7404.
    dead port 2/2 on $mux $flatten\router_inst.$procmux$7406.
    dead port 1/2 on $mux $flatten\router_inst.$procmux$7413.
    dead port 1/2 on $mux $flatten\router_inst.$procmux$7416.
    dead port 1/2 on $mux $flatten\router_inst.$procmux$7419.
    dead port 2/2 on $mux $flatten\router_inst.$procmux$7421.
    dead port 2/2 on $mux $flatten\router_inst.$procmux$7428.
    dead port 1/2 on $mux $flatten\router_inst.$procmux$7431.
    dead port 1/2 on $mux $flatten\router_inst.$procmux$7434.
    dead port 2/2 on $mux $flatten\router_inst.$procmux$7436.
    dead port 1/2 on $mux $flatten\router_inst.$procmux$7443.
    dead port 1/2 on $mux $flatten\router_inst.$procmux$7446.
    dead port 2/2 on $mux $flatten\router_inst.$procmux$7448.
    dead port 1/2 on $mux $flatten\router_inst.$procmux$7455.
    dead port 1/2 on $mux $flatten\router_inst.$procmux$7458.
    dead port 2/2 on $mux $flatten\router_inst.$procmux$7460.
    dead port 1/2 on $mux $flatten\router_inst.$procmux$7467.
    dead port 1/2 on $mux $flatten\router_inst.$procmux$7470.
    dead port 2/2 on $mux $flatten\router_inst.$procmux$7472.
    dead port 1/2 on $mux $flatten\router_inst.$procmux$7479.
    dead port 1/2 on $mux $flatten\router_inst.$procmux$7482.
    dead port 2/2 on $mux $flatten\router_inst.$procmux$7484.
    dead port 1/2 on $mux $flatten\router_inst.$procmux$7491.
    dead port 1/2 on $mux $flatten\router_inst.$procmux$7494.
    dead port 2/2 on $mux $flatten\router_inst.$procmux$7496.
    dead port 1/2 on $mux $flatten\router_inst.$procmux$7503.
    dead port 1/2 on $mux $flatten\router_inst.$procmux$7506.
    dead port 2/2 on $mux $flatten\router_inst.$procmux$7508.
    dead port 1/2 on $mux $flatten\router_inst.$procmux$7515.
    dead port 1/2 on $mux $flatten\router_inst.$procmux$7518.
    dead port 2/2 on $mux $flatten\router_inst.$procmux$7520.
    dead port 2/2 on $mux $flatten\router_inst.$procmux$7527.
    dead port 1/2 on $mux $flatten\router_inst.$procmux$7530.
    dead port 2/2 on $mux $flatten\router_inst.$procmux$7532.
    dead port 1/2 on $mux $flatten\router_inst.$procmux$7539.
    dead port 2/2 on $mux $flatten\router_inst.$procmux$7541.
    dead port 1/2 on $mux $flatten\router_inst.$procmux$7548.
    dead port 2/2 on $mux $flatten\router_inst.$procmux$7550.
    dead port 1/2 on $mux $flatten\router_inst.$procmux$7557.
    dead port 2/2 on $mux $flatten\router_inst.$procmux$7559.
    dead port 1/2 on $mux $flatten\router_inst.$procmux$7566.
    dead port 2/2 on $mux $flatten\router_inst.$procmux$7568.
    dead port 1/2 on $mux $flatten\router_inst.$procmux$7575.
    dead port 2/2 on $mux $flatten\router_inst.$procmux$7577.
    dead port 1/2 on $mux $flatten\router_inst.$procmux$7584.
    dead port 2/2 on $mux $flatten\router_inst.$procmux$7586.
    dead port 1/2 on $mux $flatten\router_inst.$procmux$7593.
    dead port 2/2 on $mux $flatten\router_inst.$procmux$7595.
    dead port 1/2 on $mux $flatten\router_inst.$procmux$7602.
    dead port 2/2 on $mux $flatten\router_inst.$procmux$7604.
    dead port 2/2 on $mux $flatten\router_inst.$procmux$7611.
    dead port 2/2 on $mux $flatten\router_inst.$procmux$7613.
    dead port 2/2 on $mux $flatten\router_inst.$procmux$7619.
    dead port 2/2 on $mux $flatten\router_inst.$procmux$7625.
    dead port 2/2 on $mux $flatten\router_inst.$procmux$7631.
    dead port 2/2 on $mux $flatten\router_inst.$procmux$7637.
    dead port 2/2 on $mux $flatten\router_inst.$procmux$7643.
    dead port 2/2 on $mux $flatten\router_inst.$procmux$7649.
    dead port 2/2 on $mux $flatten\router_inst.$procmux$7655.
    dead port 2/2 on $mux $flatten\router_inst.$procmux$7661.
    dead port 2/2 on $mux $flatten\router_inst.$procmux$7667.
    dead port 1/2 on $mux $flatten\router_inst.$procmux$7710.
    dead port 1/2 on $mux $flatten\router_inst.$procmux$7713.
    dead port 1/2 on $mux $flatten\router_inst.$procmux$7716.
    dead port 1/2 on $mux $flatten\router_inst.$procmux$7719.
    dead port 1/2 on $mux $flatten\router_inst.$procmux$7722.
    dead port 1/2 on $mux $flatten\router_inst.$procmux$7725.
    dead port 1/2 on $mux $flatten\router_inst.$procmux$7728.
    dead port 1/2 on $mux $flatten\router_inst.$procmux$7731.
    dead port 2/2 on $mux $flatten\router_inst.$procmux$7733.
    dead port 2/2 on $mux $flatten\router_inst.$procmux$7740.
    dead port 1/2 on $mux $flatten\router_inst.$procmux$7743.
    dead port 1/2 on $mux $flatten\router_inst.$procmux$7746.
    dead port 1/2 on $mux $flatten\router_inst.$procmux$7749.
    dead port 1/2 on $mux $flatten\router_inst.$procmux$7752.
    dead port 1/2 on $mux $flatten\router_inst.$procmux$7755.
    dead port 1/2 on $mux $flatten\router_inst.$procmux$7758.
    dead port 1/2 on $mux $flatten\router_inst.$procmux$7761.
    dead port 2/2 on $mux $flatten\router_inst.$procmux$7763.
    dead port 1/2 on $mux $flatten\router_inst.$procmux$7770.
    dead port 1/2 on $mux $flatten\router_inst.$procmux$7773.
    dead port 1/2 on $mux $flatten\router_inst.$procmux$7776.
    dead port 1/2 on $mux $flatten\router_inst.$procmux$7779.
    dead port 1/2 on $mux $flatten\router_inst.$procmux$7782.
    dead port 1/2 on $mux $flatten\router_inst.$procmux$7785.
    dead port 1/2 on $mux $flatten\router_inst.$procmux$7788.
    dead port 2/2 on $mux $flatten\router_inst.$procmux$7790.
    dead port 1/2 on $mux $flatten\router_inst.$procmux$7797.
    dead port 1/2 on $mux $flatten\router_inst.$procmux$7800.
    dead port 1/2 on $mux $flatten\router_inst.$procmux$7803.
    dead port 1/2 on $mux $flatten\router_inst.$procmux$7806.
    dead port 1/2 on $mux $flatten\router_inst.$procmux$7809.
    dead port 1/2 on $mux $flatten\router_inst.$procmux$7812.
    dead port 1/2 on $mux $flatten\router_inst.$procmux$7815.
    dead port 2/2 on $mux $flatten\router_inst.$procmux$7817.
    dead port 2/2 on $mux $flatten\router_inst.$procmux$7824.
    dead port 1/2 on $mux $flatten\router_inst.$procmux$7827.
    dead port 1/2 on $mux $flatten\router_inst.$procmux$7830.
    dead port 1/2 on $mux $flatten\router_inst.$procmux$7833.
    dead port 1/2 on $mux $flatten\router_inst.$procmux$7836.
    dead port 1/2 on $mux $flatten\router_inst.$procmux$7839.
    dead port 1/2 on $mux $flatten\router_inst.$procmux$7842.
    dead port 2/2 on $mux $flatten\router_inst.$procmux$7844.
    dead port 1/2 on $mux $flatten\router_inst.$procmux$7851.
    dead port 1/2 on $mux $flatten\router_inst.$procmux$7854.
    dead port 1/2 on $mux $flatten\router_inst.$procmux$7857.
    dead port 1/2 on $mux $flatten\router_inst.$procmux$7860.
    dead port 1/2 on $mux $flatten\router_inst.$procmux$7863.
    dead port 1/2 on $mux $flatten\router_inst.$procmux$7866.
    dead port 2/2 on $mux $flatten\router_inst.$procmux$7868.
    dead port 1/2 on $mux $flatten\router_inst.$procmux$7875.
    dead port 1/2 on $mux $flatten\router_inst.$procmux$7878.
    dead port 1/2 on $mux $flatten\router_inst.$procmux$7881.
    dead port 1/2 on $mux $flatten\router_inst.$procmux$7884.
    dead port 1/2 on $mux $flatten\router_inst.$procmux$7887.
    dead port 1/2 on $mux $flatten\router_inst.$procmux$7890.
    dead port 2/2 on $mux $flatten\router_inst.$procmux$7892.
    dead port 1/2 on $mux $flatten\router_inst.$procmux$7899.
    dead port 1/2 on $mux $flatten\router_inst.$procmux$7902.
    dead port 1/2 on $mux $flatten\router_inst.$procmux$7905.
    dead port 1/2 on $mux $flatten\router_inst.$procmux$7908.
    dead port 1/2 on $mux $flatten\router_inst.$procmux$7911.
    dead port 1/2 on $mux $flatten\router_inst.$procmux$7914.
    dead port 2/2 on $mux $flatten\router_inst.$procmux$7916.
    dead port 2/2 on $mux $flatten\router_inst.$procmux$7923.
    dead port 1/2 on $mux $flatten\router_inst.$procmux$7926.
    dead port 1/2 on $mux $flatten\router_inst.$procmux$7929.
    dead port 1/2 on $mux $flatten\router_inst.$procmux$7932.
    dead port 1/2 on $mux $flatten\router_inst.$procmux$7935.
    dead port 1/2 on $mux $flatten\router_inst.$procmux$7938.
    dead port 2/2 on $mux $flatten\router_inst.$procmux$7940.
    dead port 1/2 on $mux $flatten\router_inst.$procmux$7947.
    dead port 1/2 on $mux $flatten\router_inst.$procmux$7950.
    dead port 1/2 on $mux $flatten\router_inst.$procmux$7953.
    dead port 1/2 on $mux $flatten\router_inst.$procmux$7956.
    dead port 1/2 on $mux $flatten\router_inst.$procmux$7959.
    dead port 2/2 on $mux $flatten\router_inst.$procmux$7961.
    dead port 1/2 on $mux $flatten\router_inst.$procmux$7968.
    dead port 1/2 on $mux $flatten\router_inst.$procmux$7971.
    dead port 1/2 on $mux $flatten\router_inst.$procmux$7974.
    dead port 1/2 on $mux $flatten\router_inst.$procmux$7977.
    dead port 1/2 on $mux $flatten\router_inst.$procmux$7980.
    dead port 2/2 on $mux $flatten\router_inst.$procmux$7982.
    dead port 1/2 on $mux $flatten\router_inst.$procmux$7989.
    dead port 1/2 on $mux $flatten\router_inst.$procmux$7992.
    dead port 1/2 on $mux $flatten\router_inst.$procmux$7995.
    dead port 1/2 on $mux $flatten\router_inst.$procmux$7998.
    dead port 1/2 on $mux $flatten\router_inst.$procmux$8001.
    dead port 2/2 on $mux $flatten\router_inst.$procmux$8003.
    dead port 1/2 on $mux $flatten\router_inst.$procmux$8010.
    dead port 1/2 on $mux $flatten\router_inst.$procmux$8013.
    dead port 1/2 on $mux $flatten\router_inst.$procmux$8016.
    dead port 1/2 on $mux $flatten\router_inst.$procmux$8019.
    dead port 1/2 on $mux $flatten\router_inst.$procmux$8022.
    dead port 2/2 on $mux $flatten\router_inst.$procmux$8024.
    dead port 2/2 on $mux $flatten\router_inst.$procmux$8031.
    dead port 1/2 on $mux $flatten\router_inst.$procmux$8034.
    dead port 1/2 on $mux $flatten\router_inst.$procmux$8037.
    dead port 1/2 on $mux $flatten\router_inst.$procmux$8040.
    dead port 1/2 on $mux $flatten\router_inst.$procmux$8043.
    dead port 2/2 on $mux $flatten\router_inst.$procmux$8045.
    dead port 1/2 on $mux $flatten\router_inst.$procmux$8052.
    dead port 1/2 on $mux $flatten\router_inst.$procmux$8055.
    dead port 1/2 on $mux $flatten\router_inst.$procmux$8058.
    dead port 1/2 on $mux $flatten\router_inst.$procmux$8061.
    dead port 2/2 on $mux $flatten\router_inst.$procmux$8063.
    dead port 1/2 on $mux $flatten\router_inst.$procmux$8070.
    dead port 1/2 on $mux $flatten\router_inst.$procmux$8073.
    dead port 1/2 on $mux $flatten\router_inst.$procmux$8076.
    dead port 1/2 on $mux $flatten\router_inst.$procmux$8079.
    dead port 2/2 on $mux $flatten\router_inst.$procmux$8081.
    dead port 1/2 on $mux $flatten\router_inst.$procmux$8088.
    dead port 1/2 on $mux $flatten\router_inst.$procmux$8091.
    dead port 1/2 on $mux $flatten\router_inst.$procmux$8094.
    dead port 1/2 on $mux $flatten\router_inst.$procmux$8097.
    dead port 2/2 on $mux $flatten\router_inst.$procmux$8099.
    dead port 1/2 on $mux $flatten\router_inst.$procmux$8106.
    dead port 1/2 on $mux $flatten\router_inst.$procmux$8109.
    dead port 1/2 on $mux $flatten\router_inst.$procmux$8112.
    dead port 1/2 on $mux $flatten\router_inst.$procmux$8115.
    dead port 2/2 on $mux $flatten\router_inst.$procmux$8117.
    dead port 1/2 on $mux $flatten\router_inst.$procmux$8124.
    dead port 1/2 on $mux $flatten\router_inst.$procmux$8127.
    dead port 1/2 on $mux $flatten\router_inst.$procmux$8130.
    dead port 1/2 on $mux $flatten\router_inst.$procmux$8133.
    dead port 2/2 on $mux $flatten\router_inst.$procmux$8135.
    dead port 2/2 on $mux $flatten\router_inst.$procmux$8142.
    dead port 1/2 on $mux $flatten\router_inst.$procmux$8145.
    dead port 1/2 on $mux $flatten\router_inst.$procmux$8148.
    dead port 1/2 on $mux $flatten\router_inst.$procmux$8151.
    dead port 2/2 on $mux $flatten\router_inst.$procmux$8153.
    dead port 1/2 on $mux $flatten\router_inst.$procmux$8160.
    dead port 1/2 on $mux $flatten\router_inst.$procmux$8163.
    dead port 1/2 on $mux $flatten\router_inst.$procmux$8166.
    dead port 2/2 on $mux $flatten\router_inst.$procmux$8168.
    dead port 1/2 on $mux $flatten\router_inst.$procmux$8175.
    dead port 1/2 on $mux $flatten\router_inst.$procmux$8178.
    dead port 1/2 on $mux $flatten\router_inst.$procmux$8181.
    dead port 2/2 on $mux $flatten\router_inst.$procmux$8183.
    dead port 1/2 on $mux $flatten\router_inst.$procmux$8190.
    dead port 1/2 on $mux $flatten\router_inst.$procmux$8193.
    dead port 1/2 on $mux $flatten\router_inst.$procmux$8196.
    dead port 2/2 on $mux $flatten\router_inst.$procmux$8198.
    dead port 1/2 on $mux $flatten\router_inst.$procmux$8205.
    dead port 1/2 on $mux $flatten\router_inst.$procmux$8208.
    dead port 1/2 on $mux $flatten\router_inst.$procmux$8211.
    dead port 2/2 on $mux $flatten\router_inst.$procmux$8213.
    dead port 1/2 on $mux $flatten\router_inst.$procmux$8220.
    dead port 1/2 on $mux $flatten\router_inst.$procmux$8223.
    dead port 1/2 on $mux $flatten\router_inst.$procmux$8226.
    dead port 2/2 on $mux $flatten\router_inst.$procmux$8228.
    dead port 1/2 on $mux $flatten\router_inst.$procmux$8235.
    dead port 1/2 on $mux $flatten\router_inst.$procmux$8238.
    dead port 1/2 on $mux $flatten\router_inst.$procmux$8241.
    dead port 2/2 on $mux $flatten\router_inst.$procmux$8243.
    dead port 2/2 on $mux $flatten\router_inst.$procmux$8250.
    dead port 1/2 on $mux $flatten\router_inst.$procmux$8253.
    dead port 1/2 on $mux $flatten\router_inst.$procmux$8256.
    dead port 2/2 on $mux $flatten\router_inst.$procmux$8258.
    dead port 1/2 on $mux $flatten\router_inst.$procmux$8265.
    dead port 1/2 on $mux $flatten\router_inst.$procmux$8268.
    dead port 2/2 on $mux $flatten\router_inst.$procmux$8270.
    dead port 1/2 on $mux $flatten\router_inst.$procmux$8277.
    dead port 1/2 on $mux $flatten\router_inst.$procmux$8280.
    dead port 2/2 on $mux $flatten\router_inst.$procmux$8282.
    dead port 1/2 on $mux $flatten\router_inst.$procmux$8289.
    dead port 1/2 on $mux $flatten\router_inst.$procmux$8292.
    dead port 2/2 on $mux $flatten\router_inst.$procmux$8294.
    dead port 1/2 on $mux $flatten\router_inst.$procmux$8301.
    dead port 1/2 on $mux $flatten\router_inst.$procmux$8304.
    dead port 2/2 on $mux $flatten\router_inst.$procmux$8306.
    dead port 1/2 on $mux $flatten\router_inst.$procmux$8313.
    dead port 1/2 on $mux $flatten\router_inst.$procmux$8316.
    dead port 2/2 on $mux $flatten\router_inst.$procmux$8318.
    dead port 1/2 on $mux $flatten\router_inst.$procmux$8325.
    dead port 1/2 on $mux $flatten\router_inst.$procmux$8328.
    dead port 2/2 on $mux $flatten\router_inst.$procmux$8330.
    dead port 1/2 on $mux $flatten\router_inst.$procmux$8337.
    dead port 1/2 on $mux $flatten\router_inst.$procmux$8340.
    dead port 2/2 on $mux $flatten\router_inst.$procmux$8342.
    dead port 2/2 on $mux $flatten\router_inst.$procmux$8349.
    dead port 1/2 on $mux $flatten\router_inst.$procmux$8352.
    dead port 2/2 on $mux $flatten\router_inst.$procmux$8354.
    dead port 1/2 on $mux $flatten\router_inst.$procmux$8361.
    dead port 2/2 on $mux $flatten\router_inst.$procmux$8363.
    dead port 1/2 on $mux $flatten\router_inst.$procmux$8370.
    dead port 2/2 on $mux $flatten\router_inst.$procmux$8372.
    dead port 1/2 on $mux $flatten\router_inst.$procmux$8379.
    dead port 2/2 on $mux $flatten\router_inst.$procmux$8381.
    dead port 1/2 on $mux $flatten\router_inst.$procmux$8388.
    dead port 2/2 on $mux $flatten\router_inst.$procmux$8390.
    dead port 1/2 on $mux $flatten\router_inst.$procmux$8397.
    dead port 2/2 on $mux $flatten\router_inst.$procmux$8399.
    dead port 1/2 on $mux $flatten\router_inst.$procmux$8406.
    dead port 2/2 on $mux $flatten\router_inst.$procmux$8408.
    dead port 1/2 on $mux $flatten\router_inst.$procmux$8415.
    dead port 2/2 on $mux $flatten\router_inst.$procmux$8417.
    dead port 1/2 on $mux $flatten\router_inst.$procmux$8424.
    dead port 2/2 on $mux $flatten\router_inst.$procmux$8426.
    dead port 2/2 on $mux $flatten\router_inst.$procmux$8433.
    dead port 2/2 on $mux $flatten\router_inst.$procmux$8435.
    dead port 2/2 on $mux $flatten\router_inst.$procmux$8441.
    dead port 2/2 on $mux $flatten\router_inst.$procmux$8447.
    dead port 2/2 on $mux $flatten\router_inst.$procmux$8453.
    dead port 2/2 on $mux $flatten\router_inst.$procmux$8459.
    dead port 2/2 on $mux $flatten\router_inst.$procmux$8465.
    dead port 2/2 on $mux $flatten\router_inst.$procmux$8471.
    dead port 2/2 on $mux $flatten\router_inst.$procmux$8477.
    dead port 2/2 on $mux $flatten\router_inst.$procmux$8483.
    dead port 2/2 on $mux $flatten\router_inst.$procmux$8489.
    dead port 1/2 on $mux $flatten\router_inst.$procmux$8534.
    dead port 1/2 on $mux $flatten\router_inst.$procmux$8540.
    dead port 1/2 on $mux $flatten\router_inst.$procmux$8546.
Removed 1884 multiplexer ports.
<suppressed ~2772 debug messages>

55. Executing OPT_REDUCE pass (consolidate $*mux and $reduce_* inputs).
  Optimizing cells in module \mesh_tile.
    Consolidated identical input bits for $mux cell $flatten\router_inst.$procmux$8531:
      Old ports: A=34'0000000000000000000000000000000000, B=34'1111111111111111111111111111111111, Y=$flatten\router_inst.$procmux$8531_Y
      New ports: A=1'0, B=1'1, Y=$flatten\router_inst.$procmux$8531_Y [0]
      New connections: $flatten\router_inst.$procmux$8531_Y [33:1] = { $flatten\router_inst.$procmux$8531_Y [0] $flatten\router_inst.$procmux$8531_Y [0] $flatten\router_inst.$procmux$8531_Y [0] $flatten\router_inst.$procmux$8531_Y [0] $flatten\router_inst.$procmux$8531_Y [0] $flatten\router_inst.$procmux$8531_Y [0] $flatten\router_inst.$procmux$8531_Y [0] $flatten\router_inst.$procmux$8531_Y [0] $flatten\router_inst.$procmux$8531_Y [0] $flatten\router_inst.$procmux$8531_Y [0] $flatten\router_inst.$procmux$8531_Y [0] $flatten\router_inst.$procmux$8531_Y [0] $flatten\router_inst.$procmux$8531_Y [0] $flatten\router_inst.$procmux$8531_Y [0] $flatten\router_inst.$procmux$8531_Y [0] $flatten\router_inst.$procmux$8531_Y [0] $flatten\router_inst.$procmux$8531_Y [0] $flatten\router_inst.$procmux$8531_Y [0] $flatten\router_inst.$procmux$8531_Y [0] $flatten\router_inst.$procmux$8531_Y [0] $flatten\router_inst.$procmux$8531_Y [0] $flatten\router_inst.$procmux$8531_Y [0] $flatten\router_inst.$procmux$8531_Y [0] $flatten\router_inst.$procmux$8531_Y [0] $flatten\router_inst.$procmux$8531_Y [0] $flatten\router_inst.$procmux$8531_Y [0] $flatten\router_inst.$procmux$8531_Y [0] $flatten\router_inst.$procmux$8531_Y [0] $flatten\router_inst.$procmux$8531_Y [0] $flatten\router_inst.$procmux$8531_Y [0] $flatten\router_inst.$procmux$8531_Y [0] $flatten\router_inst.$procmux$8531_Y [0] $flatten\router_inst.$procmux$8531_Y [0] }
    Consolidated identical input bits for $mux cell $flatten\router_inst.$procmux$8552:
      Old ports: A=34'0000000000000000000000000000000000, B=34'1111111111111111111111111111111111, Y=$flatten\router_inst.$0$memwr$\fifo_mem$/home/etcfranc/NoCNoC/src/mesh$20-$20Psi&Aan/mesh_router.v:172$49_EN[33:0]$72
      New ports: A=1'0, B=1'1, Y=$flatten\router_inst.$0$memwr$\fifo_mem$/home/etcfranc/NoCNoC/src/mesh$20-$20Psi&Aan/mesh_router.v:172$49_EN[33:0]$72 [0]
      New connections: $flatten\router_inst.$0$memwr$\fifo_mem$/home/etcfranc/NoCNoC/src/mesh$20-$20Psi&Aan/mesh_router.v:172$49_EN[33:0]$72 [33:1] = { $flatten\router_inst.$0$memwr$\fifo_mem$/home/etcfranc/NoCNoC/src/mesh$20-$20Psi&Aan/mesh_router.v:172$49_EN[33:0]$72 [0] $flatten\router_inst.$0$memwr$\fifo_mem$/home/etcfranc/NoCNoC/src/mesh$20-$20Psi&Aan/mesh_router.v:172$49_EN[33:0]$72 [0] $flatten\router_inst.$0$memwr$\fifo_mem$/home/etcfranc/NoCNoC/src/mesh$20-$20Psi&Aan/mesh_router.v:172$49_EN[33:0]$72 [0] $flatten\router_inst.$0$memwr$\fifo_mem$/home/etcfranc/NoCNoC/src/mesh$20-$20Psi&Aan/mesh_router.v:172$49_EN[33:0]$72 [0] $flatten\router_inst.$0$memwr$\fifo_mem$/home/etcfranc/NoCNoC/src/mesh$20-$20Psi&Aan/mesh_router.v:172$49_EN[33:0]$72 [0] $flatten\router_inst.$0$memwr$\fifo_mem$/home/etcfranc/NoCNoC/src/mesh$20-$20Psi&Aan/mesh_router.v:172$49_EN[33:0]$72 [0] $flatten\router_inst.$0$memwr$\fifo_mem$/home/etcfranc/NoCNoC/src/mesh$20-$20Psi&Aan/mesh_router.v:172$49_EN[33:0]$72 [0] $flatten\router_inst.$0$memwr$\fifo_mem$/home/etcfranc/NoCNoC/src/mesh$20-$20Psi&Aan/mesh_router.v:172$49_EN[33:0]$72 [0] $flatten\router_inst.$0$memwr$\fifo_mem$/home/etcfranc/NoCNoC/src/mesh$20-$20Psi&Aan/mesh_router.v:172$49_EN[33:0]$72 [0] $flatten\router_inst.$0$memwr$\fifo_mem$/home/etcfranc/NoCNoC/src/mesh$20-$20Psi&Aan/mesh_router.v:172$49_EN[33:0]$72 [0] $flatten\router_inst.$0$memwr$\fifo_mem$/home/etcfranc/NoCNoC/src/mesh$20-$20Psi&Aan/mesh_router.v:172$49_EN[33:0]$72 [0] $flatten\router_inst.$0$memwr$\fifo_mem$/home/etcfranc/NoCNoC/src/mesh$20-$20Psi&Aan/mesh_router.v:172$49_EN[33:0]$72 [0] $flatten\router_inst.$0$memwr$\fifo_mem$/home/etcfranc/NoCNoC/src/mesh$20-$20Psi&Aan/mesh_router.v:172$49_EN[33:0]$72 [0] $flatten\router_inst.$0$memwr$\fifo_mem$/home/etcfranc/NoCNoC/src/mesh$20-$20Psi&Aan/mesh_router.v:172$49_EN[33:0]$72 [0] $flatten\router_inst.$0$memwr$\fifo_mem$/home/etcfranc/NoCNoC/src/mesh$20-$20Psi&Aan/mesh_router.v:172$49_EN[33:0]$72 [0] $flatten\router_inst.$0$memwr$\fifo_mem$/home/etcfranc/NoCNoC/src/mesh$20-$20Psi&Aan/mesh_router.v:172$49_EN[33:0]$72 [0] $flatten\router_inst.$0$memwr$\fifo_mem$/home/etcfranc/NoCNoC/src/mesh$20-$20Psi&Aan/mesh_router.v:172$49_EN[33:0]$72 [0] $flatten\router_inst.$0$memwr$\fifo_mem$/home/etcfranc/NoCNoC/src/mesh$20-$20Psi&Aan/mesh_router.v:172$49_EN[33:0]$72 [0] $flatten\router_inst.$0$memwr$\fifo_mem$/home/etcfranc/NoCNoC/src/mesh$20-$20Psi&Aan/mesh_router.v:172$49_EN[33:0]$72 [0] $flatten\router_inst.$0$memwr$\fifo_mem$/home/etcfranc/NoCNoC/src/mesh$20-$20Psi&Aan/mesh_router.v:172$49_EN[33:0]$72 [0] $flatten\router_inst.$0$memwr$\fifo_mem$/home/etcfranc/NoCNoC/src/mesh$20-$20Psi&Aan/mesh_router.v:172$49_EN[33:0]$72 [0] $flatten\router_inst.$0$memwr$\fifo_mem$/home/etcfranc/NoCNoC/src/mesh$20-$20Psi&Aan/mesh_router.v:172$49_EN[33:0]$72 [0] $flatten\router_inst.$0$memwr$\fifo_mem$/home/etcfranc/NoCNoC/src/mesh$20-$20Psi&Aan/mesh_router.v:172$49_EN[33:0]$72 [0] $flatten\router_inst.$0$memwr$\fifo_mem$/home/etcfranc/NoCNoC/src/mesh$20-$20Psi&Aan/mesh_router.v:172$49_EN[33:0]$72 [0] $flatten\router_inst.$0$memwr$\fifo_mem$/home/etcfranc/NoCNoC/src/mesh$20-$20Psi&Aan/mesh_router.v:172$49_EN[33:0]$72 [0] $flatten\router_inst.$0$memwr$\fifo_mem$/home/etcfranc/NoCNoC/src/mesh$20-$20Psi&Aan/mesh_router.v:172$49_EN[33:0]$72 [0] $flatten\router_inst.$0$memwr$\fifo_mem$/home/etcfranc/NoCNoC/src/mesh$20-$20Psi&Aan/mesh_router.v:172$49_EN[33:0]$72 [0] $flatten\router_inst.$0$memwr$\fifo_mem$/home/etcfranc/NoCNoC/src/mesh$20-$20Psi&Aan/mesh_router.v:172$49_EN[33:0]$72 [0] $flatten\router_inst.$0$memwr$\fifo_mem$/home/etcfranc/NoCNoC/src/mesh$20-$20Psi&Aan/mesh_router.v:172$49_EN[33:0]$72 [0] $flatten\router_inst.$0$memwr$\fifo_mem$/home/etcfranc/NoCNoC/src/mesh$20-$20Psi&Aan/mesh_router.v:172$49_EN[33:0]$72 [0] $flatten\router_inst.$0$memwr$\fifo_mem$/home/etcfranc/NoCNoC/src/mesh$20-$20Psi&Aan/mesh_router.v:172$49_EN[33:0]$72 [0] $flatten\router_inst.$0$memwr$\fifo_mem$/home/etcfranc/NoCNoC/src/mesh$20-$20Psi&Aan/mesh_router.v:172$49_EN[33:0]$72 [0] $flatten\router_inst.$0$memwr$\fifo_mem$/home/etcfranc/NoCNoC/src/mesh$20-$20Psi&Aan/mesh_router.v:172$49_EN[33:0]$72 [0] }
    Consolidated identical input bits for $mux cell $flatten\router_inst.$procmux$8555:
      Old ports: A=34'0000000000000000000000000000000000, B=34'1111111111111111111111111111111111, Y=$flatten\router_inst.$0$memwr$\fifo_mem$/home/etcfranc/NoCNoC/src/mesh$20-$20Psi&Aan/mesh_router.v:172$48_EN[33:0]$71
      New ports: A=1'0, B=1'1, Y=$flatten\router_inst.$0$memwr$\fifo_mem$/home/etcfranc/NoCNoC/src/mesh$20-$20Psi&Aan/mesh_router.v:172$48_EN[33:0]$71 [0]
      New connections: $flatten\router_inst.$0$memwr$\fifo_mem$/home/etcfranc/NoCNoC/src/mesh$20-$20Psi&Aan/mesh_router.v:172$48_EN[33:0]$71 [33:1] = { $flatten\router_inst.$0$memwr$\fifo_mem$/home/etcfranc/NoCNoC/src/mesh$20-$20Psi&Aan/mesh_router.v:172$48_EN[33:0]$71 [0] $flatten\router_inst.$0$memwr$\fifo_mem$/home/etcfranc/NoCNoC/src/mesh$20-$20Psi&Aan/mesh_router.v:172$48_EN[33:0]$71 [0] $flatten\router_inst.$0$memwr$\fifo_mem$/home/etcfranc/NoCNoC/src/mesh$20-$20Psi&Aan/mesh_router.v:172$48_EN[33:0]$71 [0] $flatten\router_inst.$0$memwr$\fifo_mem$/home/etcfranc/NoCNoC/src/mesh$20-$20Psi&Aan/mesh_router.v:172$48_EN[33:0]$71 [0] $flatten\router_inst.$0$memwr$\fifo_mem$/home/etcfranc/NoCNoC/src/mesh$20-$20Psi&Aan/mesh_router.v:172$48_EN[33:0]$71 [0] $flatten\router_inst.$0$memwr$\fifo_mem$/home/etcfranc/NoCNoC/src/mesh$20-$20Psi&Aan/mesh_router.v:172$48_EN[33:0]$71 [0] $flatten\router_inst.$0$memwr$\fifo_mem$/home/etcfranc/NoCNoC/src/mesh$20-$20Psi&Aan/mesh_router.v:172$48_EN[33:0]$71 [0] $flatten\router_inst.$0$memwr$\fifo_mem$/home/etcfranc/NoCNoC/src/mesh$20-$20Psi&Aan/mesh_router.v:172$48_EN[33:0]$71 [0] $flatten\router_inst.$0$memwr$\fifo_mem$/home/etcfranc/NoCNoC/src/mesh$20-$20Psi&Aan/mesh_router.v:172$48_EN[33:0]$71 [0] $flatten\router_inst.$0$memwr$\fifo_mem$/home/etcfranc/NoCNoC/src/mesh$20-$20Psi&Aan/mesh_router.v:172$48_EN[33:0]$71 [0] $flatten\router_inst.$0$memwr$\fifo_mem$/home/etcfranc/NoCNoC/src/mesh$20-$20Psi&Aan/mesh_router.v:172$48_EN[33:0]$71 [0] $flatten\router_inst.$0$memwr$\fifo_mem$/home/etcfranc/NoCNoC/src/mesh$20-$20Psi&Aan/mesh_router.v:172$48_EN[33:0]$71 [0] $flatten\router_inst.$0$memwr$\fifo_mem$/home/etcfranc/NoCNoC/src/mesh$20-$20Psi&Aan/mesh_router.v:172$48_EN[33:0]$71 [0] $flatten\router_inst.$0$memwr$\fifo_mem$/home/etcfranc/NoCNoC/src/mesh$20-$20Psi&Aan/mesh_router.v:172$48_EN[33:0]$71 [0] $flatten\router_inst.$0$memwr$\fifo_mem$/home/etcfranc/NoCNoC/src/mesh$20-$20Psi&Aan/mesh_router.v:172$48_EN[33:0]$71 [0] $flatten\router_inst.$0$memwr$\fifo_mem$/home/etcfranc/NoCNoC/src/mesh$20-$20Psi&Aan/mesh_router.v:172$48_EN[33:0]$71 [0] $flatten\router_inst.$0$memwr$\fifo_mem$/home/etcfranc/NoCNoC/src/mesh$20-$20Psi&Aan/mesh_router.v:172$48_EN[33:0]$71 [0] $flatten\router_inst.$0$memwr$\fifo_mem$/home/etcfranc/NoCNoC/src/mesh$20-$20Psi&Aan/mesh_router.v:172$48_EN[33:0]$71 [0] $flatten\router_inst.$0$memwr$\fifo_mem$/home/etcfranc/NoCNoC/src/mesh$20-$20Psi&Aan/mesh_router.v:172$48_EN[33:0]$71 [0] $flatten\router_inst.$0$memwr$\fifo_mem$/home/etcfranc/NoCNoC/src/mesh$20-$20Psi&Aan/mesh_router.v:172$48_EN[33:0]$71 [0] $flatten\router_inst.$0$memwr$\fifo_mem$/home/etcfranc/NoCNoC/src/mesh$20-$20Psi&Aan/mesh_router.v:172$48_EN[33:0]$71 [0] $flatten\router_inst.$0$memwr$\fifo_mem$/home/etcfranc/NoCNoC/src/mesh$20-$20Psi&Aan/mesh_router.v:172$48_EN[33:0]$71 [0] $flatten\router_inst.$0$memwr$\fifo_mem$/home/etcfranc/NoCNoC/src/mesh$20-$20Psi&Aan/mesh_router.v:172$48_EN[33:0]$71 [0] $flatten\router_inst.$0$memwr$\fifo_mem$/home/etcfranc/NoCNoC/src/mesh$20-$20Psi&Aan/mesh_router.v:172$48_EN[33:0]$71 [0] $flatten\router_inst.$0$memwr$\fifo_mem$/home/etcfranc/NoCNoC/src/mesh$20-$20Psi&Aan/mesh_router.v:172$48_EN[33:0]$71 [0] $flatten\router_inst.$0$memwr$\fifo_mem$/home/etcfranc/NoCNoC/src/mesh$20-$20Psi&Aan/mesh_router.v:172$48_EN[33:0]$71 [0] $flatten\router_inst.$0$memwr$\fifo_mem$/home/etcfranc/NoCNoC/src/mesh$20-$20Psi&Aan/mesh_router.v:172$48_EN[33:0]$71 [0] $flatten\router_inst.$0$memwr$\fifo_mem$/home/etcfranc/NoCNoC/src/mesh$20-$20Psi&Aan/mesh_router.v:172$48_EN[33:0]$71 [0] $flatten\router_inst.$0$memwr$\fifo_mem$/home/etcfranc/NoCNoC/src/mesh$20-$20Psi&Aan/mesh_router.v:172$48_EN[33:0]$71 [0] $flatten\router_inst.$0$memwr$\fifo_mem$/home/etcfranc/NoCNoC/src/mesh$20-$20Psi&Aan/mesh_router.v:172$48_EN[33:0]$71 [0] $flatten\router_inst.$0$memwr$\fifo_mem$/home/etcfranc/NoCNoC/src/mesh$20-$20Psi&Aan/mesh_router.v:172$48_EN[33:0]$71 [0] $flatten\router_inst.$0$memwr$\fifo_mem$/home/etcfranc/NoCNoC/src/mesh$20-$20Psi&Aan/mesh_router.v:172$48_EN[33:0]$71 [0] $flatten\router_inst.$0$memwr$\fifo_mem$/home/etcfranc/NoCNoC/src/mesh$20-$20Psi&Aan/mesh_router.v:172$48_EN[33:0]$71 [0] }
    Consolidated identical input bits for $mux cell $flatten\router_inst.$procmux$8558:
      Old ports: A=34'0000000000000000000000000000000000, B=34'1111111111111111111111111111111111, Y=$flatten\router_inst.$0$memwr$\fifo_mem$/home/etcfranc/NoCNoC/src/mesh$20-$20Psi&Aan/mesh_router.v:172$47_EN[33:0]$70
      New ports: A=1'0, B=1'1, Y=$flatten\router_inst.$0$memwr$\fifo_mem$/home/etcfranc/NoCNoC/src/mesh$20-$20Psi&Aan/mesh_router.v:172$47_EN[33:0]$70 [0]
      New connections: $flatten\router_inst.$0$memwr$\fifo_mem$/home/etcfranc/NoCNoC/src/mesh$20-$20Psi&Aan/mesh_router.v:172$47_EN[33:0]$70 [33:1] = { $flatten\router_inst.$0$memwr$\fifo_mem$/home/etcfranc/NoCNoC/src/mesh$20-$20Psi&Aan/mesh_router.v:172$47_EN[33:0]$70 [0] $flatten\router_inst.$0$memwr$\fifo_mem$/home/etcfranc/NoCNoC/src/mesh$20-$20Psi&Aan/mesh_router.v:172$47_EN[33:0]$70 [0] $flatten\router_inst.$0$memwr$\fifo_mem$/home/etcfranc/NoCNoC/src/mesh$20-$20Psi&Aan/mesh_router.v:172$47_EN[33:0]$70 [0] $flatten\router_inst.$0$memwr$\fifo_mem$/home/etcfranc/NoCNoC/src/mesh$20-$20Psi&Aan/mesh_router.v:172$47_EN[33:0]$70 [0] $flatten\router_inst.$0$memwr$\fifo_mem$/home/etcfranc/NoCNoC/src/mesh$20-$20Psi&Aan/mesh_router.v:172$47_EN[33:0]$70 [0] $flatten\router_inst.$0$memwr$\fifo_mem$/home/etcfranc/NoCNoC/src/mesh$20-$20Psi&Aan/mesh_router.v:172$47_EN[33:0]$70 [0] $flatten\router_inst.$0$memwr$\fifo_mem$/home/etcfranc/NoCNoC/src/mesh$20-$20Psi&Aan/mesh_router.v:172$47_EN[33:0]$70 [0] $flatten\router_inst.$0$memwr$\fifo_mem$/home/etcfranc/NoCNoC/src/mesh$20-$20Psi&Aan/mesh_router.v:172$47_EN[33:0]$70 [0] $flatten\router_inst.$0$memwr$\fifo_mem$/home/etcfranc/NoCNoC/src/mesh$20-$20Psi&Aan/mesh_router.v:172$47_EN[33:0]$70 [0] $flatten\router_inst.$0$memwr$\fifo_mem$/home/etcfranc/NoCNoC/src/mesh$20-$20Psi&Aan/mesh_router.v:172$47_EN[33:0]$70 [0] $flatten\router_inst.$0$memwr$\fifo_mem$/home/etcfranc/NoCNoC/src/mesh$20-$20Psi&Aan/mesh_router.v:172$47_EN[33:0]$70 [0] $flatten\router_inst.$0$memwr$\fifo_mem$/home/etcfranc/NoCNoC/src/mesh$20-$20Psi&Aan/mesh_router.v:172$47_EN[33:0]$70 [0] $flatten\router_inst.$0$memwr$\fifo_mem$/home/etcfranc/NoCNoC/src/mesh$20-$20Psi&Aan/mesh_router.v:172$47_EN[33:0]$70 [0] $flatten\router_inst.$0$memwr$\fifo_mem$/home/etcfranc/NoCNoC/src/mesh$20-$20Psi&Aan/mesh_router.v:172$47_EN[33:0]$70 [0] $flatten\router_inst.$0$memwr$\fifo_mem$/home/etcfranc/NoCNoC/src/mesh$20-$20Psi&Aan/mesh_router.v:172$47_EN[33:0]$70 [0] $flatten\router_inst.$0$memwr$\fifo_mem$/home/etcfranc/NoCNoC/src/mesh$20-$20Psi&Aan/mesh_router.v:172$47_EN[33:0]$70 [0] $flatten\router_inst.$0$memwr$\fifo_mem$/home/etcfranc/NoCNoC/src/mesh$20-$20Psi&Aan/mesh_router.v:172$47_EN[33:0]$70 [0] $flatten\router_inst.$0$memwr$\fifo_mem$/home/etcfranc/NoCNoC/src/mesh$20-$20Psi&Aan/mesh_router.v:172$47_EN[33:0]$70 [0] $flatten\router_inst.$0$memwr$\fifo_mem$/home/etcfranc/NoCNoC/src/mesh$20-$20Psi&Aan/mesh_router.v:172$47_EN[33:0]$70 [0] $flatten\router_inst.$0$memwr$\fifo_mem$/home/etcfranc/NoCNoC/src/mesh$20-$20Psi&Aan/mesh_router.v:172$47_EN[33:0]$70 [0] $flatten\router_inst.$0$memwr$\fifo_mem$/home/etcfranc/NoCNoC/src/mesh$20-$20Psi&Aan/mesh_router.v:172$47_EN[33:0]$70 [0] $flatten\router_inst.$0$memwr$\fifo_mem$/home/etcfranc/NoCNoC/src/mesh$20-$20Psi&Aan/mesh_router.v:172$47_EN[33:0]$70 [0] $flatten\router_inst.$0$memwr$\fifo_mem$/home/etcfranc/NoCNoC/src/mesh$20-$20Psi&Aan/mesh_router.v:172$47_EN[33:0]$70 [0] $flatten\router_inst.$0$memwr$\fifo_mem$/home/etcfranc/NoCNoC/src/mesh$20-$20Psi&Aan/mesh_router.v:172$47_EN[33:0]$70 [0] $flatten\router_inst.$0$memwr$\fifo_mem$/home/etcfranc/NoCNoC/src/mesh$20-$20Psi&Aan/mesh_router.v:172$47_EN[33:0]$70 [0] $flatten\router_inst.$0$memwr$\fifo_mem$/home/etcfranc/NoCNoC/src/mesh$20-$20Psi&Aan/mesh_router.v:172$47_EN[33:0]$70 [0] $flatten\router_inst.$0$memwr$\fifo_mem$/home/etcfranc/NoCNoC/src/mesh$20-$20Psi&Aan/mesh_router.v:172$47_EN[33:0]$70 [0] $flatten\router_inst.$0$memwr$\fifo_mem$/home/etcfranc/NoCNoC/src/mesh$20-$20Psi&Aan/mesh_router.v:172$47_EN[33:0]$70 [0] $flatten\router_inst.$0$memwr$\fifo_mem$/home/etcfranc/NoCNoC/src/mesh$20-$20Psi&Aan/mesh_router.v:172$47_EN[33:0]$70 [0] $flatten\router_inst.$0$memwr$\fifo_mem$/home/etcfranc/NoCNoC/src/mesh$20-$20Psi&Aan/mesh_router.v:172$47_EN[33:0]$70 [0] $flatten\router_inst.$0$memwr$\fifo_mem$/home/etcfranc/NoCNoC/src/mesh$20-$20Psi&Aan/mesh_router.v:172$47_EN[33:0]$70 [0] $flatten\router_inst.$0$memwr$\fifo_mem$/home/etcfranc/NoCNoC/src/mesh$20-$20Psi&Aan/mesh_router.v:172$47_EN[33:0]$70 [0] $flatten\router_inst.$0$memwr$\fifo_mem$/home/etcfranc/NoCNoC/src/mesh$20-$20Psi&Aan/mesh_router.v:172$47_EN[33:0]$70 [0] }
    Consolidated identical input bits for $mux cell $flatten\router_inst.$procmux$8561:
      Old ports: A=34'0000000000000000000000000000000000, B=34'1111111111111111111111111111111111, Y=$flatten\router_inst.$0$memwr$\fifo_mem$/home/etcfranc/NoCNoC/src/mesh$20-$20Psi&Aan/mesh_router.v:172$46_EN[33:0]$69
      New ports: A=1'0, B=1'1, Y=$flatten\router_inst.$0$memwr$\fifo_mem$/home/etcfranc/NoCNoC/src/mesh$20-$20Psi&Aan/mesh_router.v:172$46_EN[33:0]$69 [0]
      New connections: $flatten\router_inst.$0$memwr$\fifo_mem$/home/etcfranc/NoCNoC/src/mesh$20-$20Psi&Aan/mesh_router.v:172$46_EN[33:0]$69 [33:1] = { $flatten\router_inst.$0$memwr$\fifo_mem$/home/etcfranc/NoCNoC/src/mesh$20-$20Psi&Aan/mesh_router.v:172$46_EN[33:0]$69 [0] $flatten\router_inst.$0$memwr$\fifo_mem$/home/etcfranc/NoCNoC/src/mesh$20-$20Psi&Aan/mesh_router.v:172$46_EN[33:0]$69 [0] $flatten\router_inst.$0$memwr$\fifo_mem$/home/etcfranc/NoCNoC/src/mesh$20-$20Psi&Aan/mesh_router.v:172$46_EN[33:0]$69 [0] $flatten\router_inst.$0$memwr$\fifo_mem$/home/etcfranc/NoCNoC/src/mesh$20-$20Psi&Aan/mesh_router.v:172$46_EN[33:0]$69 [0] $flatten\router_inst.$0$memwr$\fifo_mem$/home/etcfranc/NoCNoC/src/mesh$20-$20Psi&Aan/mesh_router.v:172$46_EN[33:0]$69 [0] $flatten\router_inst.$0$memwr$\fifo_mem$/home/etcfranc/NoCNoC/src/mesh$20-$20Psi&Aan/mesh_router.v:172$46_EN[33:0]$69 [0] $flatten\router_inst.$0$memwr$\fifo_mem$/home/etcfranc/NoCNoC/src/mesh$20-$20Psi&Aan/mesh_router.v:172$46_EN[33:0]$69 [0] $flatten\router_inst.$0$memwr$\fifo_mem$/home/etcfranc/NoCNoC/src/mesh$20-$20Psi&Aan/mesh_router.v:172$46_EN[33:0]$69 [0] $flatten\router_inst.$0$memwr$\fifo_mem$/home/etcfranc/NoCNoC/src/mesh$20-$20Psi&Aan/mesh_router.v:172$46_EN[33:0]$69 [0] $flatten\router_inst.$0$memwr$\fifo_mem$/home/etcfranc/NoCNoC/src/mesh$20-$20Psi&Aan/mesh_router.v:172$46_EN[33:0]$69 [0] $flatten\router_inst.$0$memwr$\fifo_mem$/home/etcfranc/NoCNoC/src/mesh$20-$20Psi&Aan/mesh_router.v:172$46_EN[33:0]$69 [0] $flatten\router_inst.$0$memwr$\fifo_mem$/home/etcfranc/NoCNoC/src/mesh$20-$20Psi&Aan/mesh_router.v:172$46_EN[33:0]$69 [0] $flatten\router_inst.$0$memwr$\fifo_mem$/home/etcfranc/NoCNoC/src/mesh$20-$20Psi&Aan/mesh_router.v:172$46_EN[33:0]$69 [0] $flatten\router_inst.$0$memwr$\fifo_mem$/home/etcfranc/NoCNoC/src/mesh$20-$20Psi&Aan/mesh_router.v:172$46_EN[33:0]$69 [0] $flatten\router_inst.$0$memwr$\fifo_mem$/home/etcfranc/NoCNoC/src/mesh$20-$20Psi&Aan/mesh_router.v:172$46_EN[33:0]$69 [0] $flatten\router_inst.$0$memwr$\fifo_mem$/home/etcfranc/NoCNoC/src/mesh$20-$20Psi&Aan/mesh_router.v:172$46_EN[33:0]$69 [0] $flatten\router_inst.$0$memwr$\fifo_mem$/home/etcfranc/NoCNoC/src/mesh$20-$20Psi&Aan/mesh_router.v:172$46_EN[33:0]$69 [0] $flatten\router_inst.$0$memwr$\fifo_mem$/home/etcfranc/NoCNoC/src/mesh$20-$20Psi&Aan/mesh_router.v:172$46_EN[33:0]$69 [0] $flatten\router_inst.$0$memwr$\fifo_mem$/home/etcfranc/NoCNoC/src/mesh$20-$20Psi&Aan/mesh_router.v:172$46_EN[33:0]$69 [0] $flatten\router_inst.$0$memwr$\fifo_mem$/home/etcfranc/NoCNoC/src/mesh$20-$20Psi&Aan/mesh_router.v:172$46_EN[33:0]$69 [0] $flatten\router_inst.$0$memwr$\fifo_mem$/home/etcfranc/NoCNoC/src/mesh$20-$20Psi&Aan/mesh_router.v:172$46_EN[33:0]$69 [0] $flatten\router_inst.$0$memwr$\fifo_mem$/home/etcfranc/NoCNoC/src/mesh$20-$20Psi&Aan/mesh_router.v:172$46_EN[33:0]$69 [0] $flatten\router_inst.$0$memwr$\fifo_mem$/home/etcfranc/NoCNoC/src/mesh$20-$20Psi&Aan/mesh_router.v:172$46_EN[33:0]$69 [0] $flatten\router_inst.$0$memwr$\fifo_mem$/home/etcfranc/NoCNoC/src/mesh$20-$20Psi&Aan/mesh_router.v:172$46_EN[33:0]$69 [0] $flatten\router_inst.$0$memwr$\fifo_mem$/home/etcfranc/NoCNoC/src/mesh$20-$20Psi&Aan/mesh_router.v:172$46_EN[33:0]$69 [0] $flatten\router_inst.$0$memwr$\fifo_mem$/home/etcfranc/NoCNoC/src/mesh$20-$20Psi&Aan/mesh_router.v:172$46_EN[33:0]$69 [0] $flatten\router_inst.$0$memwr$\fifo_mem$/home/etcfranc/NoCNoC/src/mesh$20-$20Psi&Aan/mesh_router.v:172$46_EN[33:0]$69 [0] $flatten\router_inst.$0$memwr$\fifo_mem$/home/etcfranc/NoCNoC/src/mesh$20-$20Psi&Aan/mesh_router.v:172$46_EN[33:0]$69 [0] $flatten\router_inst.$0$memwr$\fifo_mem$/home/etcfranc/NoCNoC/src/mesh$20-$20Psi&Aan/mesh_router.v:172$46_EN[33:0]$69 [0] $flatten\router_inst.$0$memwr$\fifo_mem$/home/etcfranc/NoCNoC/src/mesh$20-$20Psi&Aan/mesh_router.v:172$46_EN[33:0]$69 [0] $flatten\router_inst.$0$memwr$\fifo_mem$/home/etcfranc/NoCNoC/src/mesh$20-$20Psi&Aan/mesh_router.v:172$46_EN[33:0]$69 [0] $flatten\router_inst.$0$memwr$\fifo_mem$/home/etcfranc/NoCNoC/src/mesh$20-$20Psi&Aan/mesh_router.v:172$46_EN[33:0]$69 [0] $flatten\router_inst.$0$memwr$\fifo_mem$/home/etcfranc/NoCNoC/src/mesh$20-$20Psi&Aan/mesh_router.v:172$46_EN[33:0]$69 [0] }
  Optimizing cells in module \mesh_tile.
    Consolidated identical input bits for $mux cell $flatten\router_inst.$procmux$8564:
      Old ports: A=$flatten\router_inst.$2$memwr$\fifo_mem$/home/etcfranc/NoCNoC/src/mesh$20-$20Psi&Aan/mesh_router.v:175$50_EN[33:0]$85, B=34'0000000000000000000000000000000000, Y=$flatten\router_inst.$0$memwr$\fifo_mem$/home/etcfranc/NoCNoC/src/mesh$20-$20Psi&Aan/mesh_router.v:175$50_EN[33:0]$75
      New ports: A=$flatten\router_inst.$procmux$8531_Y [0], B=1'0, Y=$flatten\router_inst.$0$memwr$\fifo_mem$/home/etcfranc/NoCNoC/src/mesh$20-$20Psi&Aan/mesh_router.v:175$50_EN[33:0]$75 [0]
      New connections: $flatten\router_inst.$0$memwr$\fifo_mem$/home/etcfranc/NoCNoC/src/mesh$20-$20Psi&Aan/mesh_router.v:175$50_EN[33:0]$75 [33:1] = { $flatten\router_inst.$0$memwr$\fifo_mem$/home/etcfranc/NoCNoC/src/mesh$20-$20Psi&Aan/mesh_router.v:175$50_EN[33:0]$75 [0] $flatten\router_inst.$0$memwr$\fifo_mem$/home/etcfranc/NoCNoC/src/mesh$20-$20Psi&Aan/mesh_router.v:175$50_EN[33:0]$75 [0] $flatten\router_inst.$0$memwr$\fifo_mem$/home/etcfranc/NoCNoC/src/mesh$20-$20Psi&Aan/mesh_router.v:175$50_EN[33:0]$75 [0] $flatten\router_inst.$0$memwr$\fifo_mem$/home/etcfranc/NoCNoC/src/mesh$20-$20Psi&Aan/mesh_router.v:175$50_EN[33:0]$75 [0] $flatten\router_inst.$0$memwr$\fifo_mem$/home/etcfranc/NoCNoC/src/mesh$20-$20Psi&Aan/mesh_router.v:175$50_EN[33:0]$75 [0] $flatten\router_inst.$0$memwr$\fifo_mem$/home/etcfranc/NoCNoC/src/mesh$20-$20Psi&Aan/mesh_router.v:175$50_EN[33:0]$75 [0] $flatten\router_inst.$0$memwr$\fifo_mem$/home/etcfranc/NoCNoC/src/mesh$20-$20Psi&Aan/mesh_router.v:175$50_EN[33:0]$75 [0] $flatten\router_inst.$0$memwr$\fifo_mem$/home/etcfranc/NoCNoC/src/mesh$20-$20Psi&Aan/mesh_router.v:175$50_EN[33:0]$75 [0] $flatten\router_inst.$0$memwr$\fifo_mem$/home/etcfranc/NoCNoC/src/mesh$20-$20Psi&Aan/mesh_router.v:175$50_EN[33:0]$75 [0] $flatten\router_inst.$0$memwr$\fifo_mem$/home/etcfranc/NoCNoC/src/mesh$20-$20Psi&Aan/mesh_router.v:175$50_EN[33:0]$75 [0] $flatten\router_inst.$0$memwr$\fifo_mem$/home/etcfranc/NoCNoC/src/mesh$20-$20Psi&Aan/mesh_router.v:175$50_EN[33:0]$75 [0] $flatten\router_inst.$0$memwr$\fifo_mem$/home/etcfranc/NoCNoC/src/mesh$20-$20Psi&Aan/mesh_router.v:175$50_EN[33:0]$75 [0] $flatten\router_inst.$0$memwr$\fifo_mem$/home/etcfranc/NoCNoC/src/mesh$20-$20Psi&Aan/mesh_router.v:175$50_EN[33:0]$75 [0] $flatten\router_inst.$0$memwr$\fifo_mem$/home/etcfranc/NoCNoC/src/mesh$20-$20Psi&Aan/mesh_router.v:175$50_EN[33:0]$75 [0] $flatten\router_inst.$0$memwr$\fifo_mem$/home/etcfranc/NoCNoC/src/mesh$20-$20Psi&Aan/mesh_router.v:175$50_EN[33:0]$75 [0] $flatten\router_inst.$0$memwr$\fifo_mem$/home/etcfranc/NoCNoC/src/mesh$20-$20Psi&Aan/mesh_router.v:175$50_EN[33:0]$75 [0] $flatten\router_inst.$0$memwr$\fifo_mem$/home/etcfranc/NoCNoC/src/mesh$20-$20Psi&Aan/mesh_router.v:175$50_EN[33:0]$75 [0] $flatten\router_inst.$0$memwr$\fifo_mem$/home/etcfranc/NoCNoC/src/mesh$20-$20Psi&Aan/mesh_router.v:175$50_EN[33:0]$75 [0] $flatten\router_inst.$0$memwr$\fifo_mem$/home/etcfranc/NoCNoC/src/mesh$20-$20Psi&Aan/mesh_router.v:175$50_EN[33:0]$75 [0] $flatten\router_inst.$0$memwr$\fifo_mem$/home/etcfranc/NoCNoC/src/mesh$20-$20Psi&Aan/mesh_router.v:175$50_EN[33:0]$75 [0] $flatten\router_inst.$0$memwr$\fifo_mem$/home/etcfranc/NoCNoC/src/mesh$20-$20Psi&Aan/mesh_router.v:175$50_EN[33:0]$75 [0] $flatten\router_inst.$0$memwr$\fifo_mem$/home/etcfranc/NoCNoC/src/mesh$20-$20Psi&Aan/mesh_router.v:175$50_EN[33:0]$75 [0] $flatten\router_inst.$0$memwr$\fifo_mem$/home/etcfranc/NoCNoC/src/mesh$20-$20Psi&Aan/mesh_router.v:175$50_EN[33:0]$75 [0] $flatten\router_inst.$0$memwr$\fifo_mem$/home/etcfranc/NoCNoC/src/mesh$20-$20Psi&Aan/mesh_router.v:175$50_EN[33:0]$75 [0] $flatten\router_inst.$0$memwr$\fifo_mem$/home/etcfranc/NoCNoC/src/mesh$20-$20Psi&Aan/mesh_router.v:175$50_EN[33:0]$75 [0] $flatten\router_inst.$0$memwr$\fifo_mem$/home/etcfranc/NoCNoC/src/mesh$20-$20Psi&Aan/mesh_router.v:175$50_EN[33:0]$75 [0] $flatten\router_inst.$0$memwr$\fifo_mem$/home/etcfranc/NoCNoC/src/mesh$20-$20Psi&Aan/mesh_router.v:175$50_EN[33:0]$75 [0] $flatten\router_inst.$0$memwr$\fifo_mem$/home/etcfranc/NoCNoC/src/mesh$20-$20Psi&Aan/mesh_router.v:175$50_EN[33:0]$75 [0] $flatten\router_inst.$0$memwr$\fifo_mem$/home/etcfranc/NoCNoC/src/mesh$20-$20Psi&Aan/mesh_router.v:175$50_EN[33:0]$75 [0] $flatten\router_inst.$0$memwr$\fifo_mem$/home/etcfranc/NoCNoC/src/mesh$20-$20Psi&Aan/mesh_router.v:175$50_EN[33:0]$75 [0] $flatten\router_inst.$0$memwr$\fifo_mem$/home/etcfranc/NoCNoC/src/mesh$20-$20Psi&Aan/mesh_router.v:175$50_EN[33:0]$75 [0] $flatten\router_inst.$0$memwr$\fifo_mem$/home/etcfranc/NoCNoC/src/mesh$20-$20Psi&Aan/mesh_router.v:175$50_EN[33:0]$75 [0] $flatten\router_inst.$0$memwr$\fifo_mem$/home/etcfranc/NoCNoC/src/mesh$20-$20Psi&Aan/mesh_router.v:175$50_EN[33:0]$75 [0] }
  Optimizing cells in module \mesh_tile.
Performed a total of 6 changes.

56. Executing OPT_MERGE pass (detect identical cells).
Finding identical cells in module `\mesh_tile'.
Computing hashes of 1333 cells of `\mesh_tile'.
Finding duplicate cells in `\mesh_tile'.
Computing hashes of 1330 cells of `\mesh_tile'.
Finding duplicate cells in `\mesh_tile'.
<suppressed ~9 debug messages>
Removed a total of 3 cells.

57. Executing OPT_DFF pass (perform DFF optimizations).

58. Executing OPT_CLEAN pass (remove unused cells and wires).
Finding unused cells or wires in module \mesh_tile..
Removed 0 unused cells and 2034 unused wires.
<suppressed ~1 debug messages>

59. Executing OPT_EXPR pass (perform const folding).
Optimizing module mesh_tile.

60. Rerunning OPT passes. (Maybe there is more to do…)

61. Executing OPT_MUXTREE pass (detect dead branches in mux trees).
Running muxtree optimizer on module \mesh_tile..
  Creating internal representation of mux trees.
  Evaluating internal representation of mux trees.
  Analyzing evaluation results.
Removed 0 multiplexer ports.
<suppressed ~882 debug messages>

62. Executing OPT_REDUCE pass (consolidate $*mux and $reduce_* inputs).
  Optimizing cells in module \mesh_tile.
Performed a total of 0 changes.

63. Executing OPT_MERGE pass (detect identical cells).
Finding identical cells in module `\mesh_tile'.
Computing hashes of 1330 cells of `\mesh_tile'.
Finding duplicate cells in `\mesh_tile'.
Removed a total of 0 cells.

64. Executing OPT_DFF pass (perform DFF optimizations).

65. Executing OPT_CLEAN pass (remove unused cells and wires).
Finding unused cells or wires in module \mesh_tile..

66. Executing OPT_EXPR pass (perform const folding).
Optimizing module mesh_tile.

67. Executing FSM pass (extract and optimize FSM).

67.1. Executing FSM_DETECT pass (finding FSMs in design).
Found FSM state register mesh_tile.nb_state.

67.2. Executing FSM_EXTRACT pass (extracting FSM from design).
Extracting FSM `\nb_state' from module `\mesh_tile'.
  found $dff cell for state register: $procdff$8655
  root of input selection tree: $0\nb_state[1:0]
  found reset state: 2'00 (guessed from mux tree)
  found ctrl input: \rst
  found ctrl input: $procmux$1038_CMP
  found ctrl input: $procmux$1041_CMP
  found state code: 2'00
  found state code: 2'10
  found ctrl input: \noc_boot_active
  found state code: 2'01
  found ctrl output: $procmux$1004_CMP
  found ctrl output: $procmux$1038_CMP
  found ctrl output: $procmux$1041_CMP
  ctrl inputs: { \noc_boot_active \rst }
  ctrl outputs: { $procmux$1041_CMP $procmux$1038_CMP $procmux$1004_CMP $0\nb_state[1:0] }
  transition:       2'00 2'00 ->       2'00 5'10000
  transition:       2'00 2'10 ->       2'01 5'10001
  transition:       2'00 2'-1 ->       2'00 5'10000
  transition:       2'10 2'-0 ->       2'00 5'00100
  transition:       2'10 2'-1 ->       2'00 5'00100
  transition:       2'01 2'-0 ->       2'10 5'01010
  transition:       2'01 2'-1 ->       2'00 5'01000

67.3. Executing FSM_OPT pass (simple optimizations of FSMs).
Optimizing FSM `$fsm$\nb_state$8763' from module `\mesh_tile'.
  Merging pattern 2'-0 and 2'-1 from group (1 0 5'00100).
  Merging pattern 2'-1 and 2'-0 from group (1 0 5'00100).

67.4. Executing OPT_CLEAN pass (remove unused cells and wires).
Finding unused cells or wires in module \mesh_tile..
Removed 7 unused cells and 7 unused wires.
<suppressed ~8 debug messages>

67.5. Executing FSM_OPT pass (simple optimizations of FSMs).
Optimizing FSM `$fsm$\nb_state$8763' from module `\mesh_tile'.
  Removing unused output signal $0\nb_state[1:0] [0].
  Removing unused output signal $0\nb_state[1:0] [1].
  Removing unused output signal $procmux$1038_CMP.
  Removing unused output signal $procmux$1041_CMP.

67.6. Executing FSM_RECODE pass (re-assigning FSM state encoding).
Recoding FSM `$fsm$\nb_state$8763' from module `\mesh_tile' using `auto' encoding:
  mapping auto encoding to `one-hot` for this FSM.
  00 -> --1
  10 -> -1-
  01 -> 1--

67.7. Executing FSM_INFO pass (dumping all available information on FSM cells).

FSM `$fsm$\nb_state$8763' from module `mesh_tile':
-------------------------------------

  Information on FSM $fsm$\nb_state$8763 (\nb_state):

  Number of input signals:    2
  Number of output signals:   1
  Number of state bits:       3

  Input signals:
    0: \rst
    1: \noc_boot_active

  Output signals:
    0: $procmux$1004_CMP

  State encoding:
    0:      3'--1  <RESET STATE>
    1:      3'-1-
    2:      3'1--

  Transition Table (state_in, ctrl_in, state_out, ctrl_out):
      0:     0 2'00   ->     0 1'0
      1:     0 2'-1   ->     0 1'0
      2:     0 2'10   ->     2 1'0
      3:     1 2'--   ->     0 1'1
      4:     2 2'-1   ->     0 1'0
      5:     2 2'-0   ->     1 1'0

-------------------------------------

67.8. Executing FSM_MAP pass (mapping FSMs to basic logic).
Mapping FSM `$fsm$\nb_state$8763' from module `\mesh_tile'.

68. Executing OPT_EXPR pass (perform const folding).
Optimizing module mesh_tile.
<suppressed ~3 debug messages>

69. Executing OPT_MERGE pass (detect identical cells).
Finding identical cells in module `\mesh_tile'.
Computing hashes of 1331 cells of `\mesh_tile'.
Finding duplicate cells in `\mesh_tile'.
Computing hashes of 1330 cells of `\mesh_tile'.
Finding duplicate cells in `\mesh_tile'.
<suppressed ~3 debug messages>
Removed a total of 1 cells.

70. Executing OPT_MUXTREE pass (detect dead branches in mux trees).
Running muxtree optimizer on module \mesh_tile..
  Creating internal representation of mux trees.
  Evaluating internal representation of mux trees.
  Analyzing evaluation results.
Removed 0 multiplexer ports.
<suppressed ~878 debug messages>

71. Executing OPT_REDUCE pass (consolidate $*mux and $reduce_* inputs).
  Optimizing cells in module \mesh_tile.
Performed a total of 0 changes.

72. Executing OPT_MERGE pass (detect identical cells).
Finding identical cells in module `\mesh_tile'.
Computing hashes of 1330 cells of `\mesh_tile'.
Finding duplicate cells in `\mesh_tile'.
Removed a total of 0 cells.

73. Executing OPT_DFF pass (perform DFF optimizations).
Adding SRST signal on $procdff$8659 ($dff) from module mesh_tile (D = $procmux$1003_Y, Q = \nb_pop, rval = 1'0).
Adding EN signal on $flatten\sram2048.$procdff$8687 ($dff) from module mesh_tile (D = \sram2048.A [10], Q = \sram2048.bank_sel_q).
Adding SRST signal on $flatten\router_inst.$procdff$8709 ($dff) from module mesh_tile (D = $flatten\router_inst.$procmux$8594_Y [33], Q = \router_inst.inject_flit [33], rval = 1'0).
Adding SRST signal on $flatten\router_inst.$procdff$8709 ($dff) from module mesh_tile (D = { \core_inst.servile.cpu.bufreg2.dhi [7:5] \core_inst.servile.cpu.bufreg2.dhi [3:0] \core_inst.servile.cpu.bufreg2.dlo }, Q = { \router_inst.inject_flit [32:30] \router_inst.inject_flit [27:0] }, rval = 31'0000000000000000000000000000000).
Adding SRST signal on $flatten\router_inst.$procdff$8709 ($dff) from module mesh_tile (D = { \router_inst.local_wb_dat_o [28] \router_inst.local_wb_dat_o [28] }, Q = \router_inst.inject_flit [29:28], rval = 2'00).
Adding SRST signal on $flatten\router_inst.$procdff$8708 ($dff) from module mesh_tile (D = $flatten\router_inst.$logic_and$/home/etcfranc/NoCNoC/src/mesh$20-$20Psi&Aan/mesh_router.v:161$65_Y, Q = \router_inst.cpu_read_q, rval = 1'0).
Adding SRST signal on $flatten\router_inst.$procdff$8700 ($dff) from module mesh_tile (D = $flatten\router_inst.$procmux$8575_Y, Q = \router_inst.fifo_count, rval = 3'000).
Adding EN signal on $auto$ff.cc:337:slice$8801 ($sdff) from module mesh_tile (D = $flatten\router_inst.$procmux$8575_Y, Q = \router_inst.fifo_count).
Adding SRST signal on $flatten\router_inst.$procdff$8699 ($dff) from module mesh_tile (D = $flatten\router_inst.$procmux$8580_Y, Q = \router_inst.fifo_rd_ptr, rval = 2'00).
Adding EN signal on $auto$ff.cc:337:slice$8805 ($sdff) from module mesh_tile (D = $flatten\router_inst.$add$/home/etcfranc/NoCNoC/src/mesh$20-$20Psi&Aan/mesh_router.v:215$87_Y [1:0], Q = \router_inst.fifo_rd_ptr).
Adding SRST signal on $flatten\router_inst.$procdff$8698 ($dff) from module mesh_tile (D = $flatten\router_inst.$procmux$8586_Y, Q = \router_inst.fifo_wr_ptr, rval = 2'00).
Adding EN signal on $auto$ff.cc:337:slice$8807 ($sdff) from module mesh_tile (D = $flatten\router_inst.$add$/home/etcfranc/NoCNoC/src/mesh$20-$20Psi&Aan/mesh_router.v:176$86_Y [1:0], Q = \router_inst.fifo_wr_ptr).
Adding SRST signal on $flatten\router_inst.$procdff$8695 ($dff) from module mesh_tile (D = \router_inst.next_w, Q = \router_inst.w_out, rval = 34'0000000000000000000000000000000000).
Adding SRST signal on $flatten\router_inst.$procdff$8694 ($dff) from module mesh_tile (D = \router_inst.next_e, Q = \router_inst.e_out, rval = 34'0000000000000000000000000000000000).
Adding SRST signal on $flatten\router_inst.$procdff$8693 ($dff) from module mesh_tile (D = \router_inst.next_s, Q = \router_inst.s_out, rval = 34'0000000000000000000000000000000000).
Adding SRST signal on $flatten\router_inst.$procdff$8692 ($dff) from module mesh_tile (D = \router_inst.next_n, Q = \router_inst.n_out, rval = 34'0000000000000000000000000000000000).
Adding SRST signal on $flatten\router_inst.$procdff$8691 ($dff) from module mesh_tile (D = \router_inst.next_sw, Q = \router_inst.sw_out, rval = 34'0000000000000000000000000000000000).
Adding SRST signal on $flatten\router_inst.$procdff$8690 ($dff) from module mesh_tile (D = \router_inst.next_se, Q = \router_inst.se_out, rval = 34'0000000000000000000000000000000000).
Adding SRST signal on $flatten\router_inst.$procdff$8689 ($dff) from module mesh_tile (D = \router_inst.next_nw, Q = \router_inst.nw_out, rval = 34'0000000000000000000000000000000000).
Adding SRST signal on $flatten\router_inst.$procdff$8688 ($dff) from module mesh_tile (D = \router_inst.next_ne, Q = \router_inst.ne_out, rval = 34'0000000000000000000000000000000000).
Adding EN signal on $flatten\core_inst.\servile.\rf_ram_if.$procdff$8682 ($dff) from module mesh_tile (D = \core_inst.servile.rf_ram_if.i_wen1, Q = \core_inst.servile.rf_ram_if.wen1_r).
Adding EN signal on $flatten\core_inst.\servile.\rf_ram_if.$procdff$8681 ($dff) from module mesh_tile (D = \core_inst.servile.rf_ram_if.i_wen0, Q = \core_inst.servile.rf_ram_if.wen0_r).
Adding SRST signal on $flatten\core_inst.\servile.\rf_ram_if.$procdff$8678 ($dff) from module mesh_tile (D = \core_inst.servile.rf_ram_if.i_rreq, Q = \core_inst.servile.rf_ram_if.rreq_r, rval = 1'0).
Adding SRST signal on $flatten\core_inst.\servile.\rf_ram_if.$procdff$8675 ($dff) from module mesh_tile (D = $flatten\core_inst.\servile.\rf_ram_if.$procmux$1079_Y [1], Q = \core_inst.servile.rf_ram_if.rcnt [1], rval = 1'0).
Adding SRST signal on $flatten\core_inst.\servile.\rf_ram_if.$procdff$8675 ($dff) from module mesh_tile (D = { $flatten\core_inst.\servile.\rf_ram_if.$add$/home/etcfranc/NoCNoC/src/serv/rtl/serv_rf_ram_if.v:163$475_Y [4:2] $flatten\core_inst.\servile.\rf_ram_if.$add$/home/etcfranc/NoCNoC/src/serv/rtl/serv_rf_ram_if.v:163$475_Y [0] }, Q = { \core_inst.servile.rf_ram_if.rcnt [4:2] \core_inst.servile.rf_ram_if.rcnt [0] }, rval = 4'0000).
Adding SRST signal on $flatten\core_inst.\servile.\rf_ram_if.$procdff$8674 ($dff) from module mesh_tile (D = \core_inst.servile.rf_ram_if.rreq_r, Q = \core_inst.servile.rf_ram_if.rgnt, rval = 1'0).
Adding SRST signal on $flatten\core_inst.\servile.\rf_ram_if.$procdff$8673 ($dff) from module mesh_tile (D = \core_inst.servile.rf_ram_if.i_rdata [7], Q = \core_inst.servile.rf_ram_if.rdata0 [7], rval = 1'0).
Adding SRST signal on $flatten\core_inst.\servile.\rf_ram_if.$procdff$8671 ($dff) from module mesh_tile (D = \core_inst.servile.rf_ram_if.i_rdata [7], Q = \core_inst.servile.rf_ram_if.rdata1 [6], rval = 1'0).
Adding EN signal on $flatten\core_inst.\servile.\cpu.\state.$procdff$8715 ($dff) from module mesh_tile (D = $flatten\core_inst.\servile.\cpu.\ctrl.$or$/home/etcfranc/NoCNoC/src/serv/rtl/serv_ctrl.v:111$663_Y, Q = \core_inst.servile.cpu.state.ibus_cyc).
Adding SRST signal on $flatten\core_inst.\servile.\cpu.\state.$procdff$8714 ($dff) from module mesh_tile (D = $flatten\core_inst.\servile.\cpu.\state.$procmux$8607_Y, Q = \core_inst.servile.cpu.state.init_done, rval = 1'0).
Adding EN signal on $auto$ff.cc:337:slice$8830 ($sdff) from module mesh_tile (D = $flatten\core_inst.\servile.\cpu.\state.$and$/home/etcfranc/NoCNoC/src/serv/rtl/serv_state.v:161$982_Y, Q = \core_inst.servile.cpu.state.init_done).
Adding SRST signal on $flatten\core_inst.\servile.\cpu.\state.$procdff$8713 ($dff) from module mesh_tile (D = $flatten\core_inst.\servile.\cpu.\state.$procmux$8611_Y, Q = \core_inst.servile.cpu.state.o_ctrl_jump, rval = 1'0).
Adding EN signal on $auto$ff.cc:337:slice$8832 ($sdff) from module mesh_tile (D = $flatten\core_inst.\servile.\cpu.\state.$and$/home/etcfranc/NoCNoC/src/serv/rtl/serv_state.v:162$983_Y, Q = \core_inst.servile.cpu.state.o_ctrl_jump).
Adding SRST signal on $flatten\core_inst.\servile.\cpu.\state.$procdff$8712 ($dff) from module mesh_tile (D = { \core_inst.servile.cpu.state.gen_cnt_w_eq_1.cnt_lsb [2:0] $flatten\core_inst.\servile.\cpu.\state.$or$/home/etcfranc/NoCNoC/src/serv/rtl/serv_state.v:200$991_Y }, Q = \core_inst.servile.cpu.state.gen_cnt_w_eq_1.cnt_lsb, rval = 4'0000).
Adding SRST signal on $flatten\core_inst.\servile.\cpu.\state.$procdff$8711 ($dff) from module mesh_tile (D = $flatten\core_inst.\servile.\cpu.\state.$add$/home/etcfranc/NoCNoC/src/serv/rtl/serv_state.v:199$988_Y, Q = \core_inst.servile.cpu.state.o_cnt, rval = 3'000).
Adding EN signal on $flatten\core_inst.\servile.\cpu.\state.$procdff$8710 ($dff) from module mesh_tile (D = $flatten\core_inst.\servile.\cpu.\state.$and$/home/etcfranc/NoCNoC/src/serv/rtl/serv_state.v:232$1001_Y, Q = \core_inst.servile.cpu.state.gen_csr.misalign_trap_sync_r).
Adding EN signal on $flatten\core_inst.\servile.\cpu.\mem_if.$procdff$8663 ($dff) from module mesh_tile (D = \core_inst.servile.cpu.mem_if.i_bufreg2_q, Q = \core_inst.servile.cpu.mem_if.signbit).
Adding EN signal on $flatten\core_inst.\servile.\cpu.\immdec.$procdff$8729 ($dff) from module mesh_tile (D = $flatten\core_inst.\servile.\cpu.\immdec.$ternary$/home/etcfranc/NoCNoC/src/serv/rtl/serv_immdec.v:66$762_Y, Q = \core_inst.servile.cpu.immdec.gen_immdec_w_eq_1.imm11_7).
Adding EN signal on $flatten\core_inst.\servile.\cpu.\immdec.$procdff$8728 ($dff) from module mesh_tile (D = $flatten\core_inst.\servile.\cpu.\immdec.$ternary$/home/etcfranc/NoCNoC/src/serv/rtl/serv_immdec.v:63$759_Y, Q = \core_inst.servile.cpu.immdec.gen_immdec_w_eq_1.imm24_20).
Adding EN signal on $flatten\core_inst.\servile.\cpu.\immdec.$procdff$8727 ($dff) from module mesh_tile (D = $flatten\core_inst.\servile.\cpu.\immdec.$ternary$/home/etcfranc/NoCNoC/src/serv/rtl/serv_immdec.v:60$756_Y, Q = \core_inst.servile.cpu.immdec.gen_immdec_w_eq_1.imm30_25).
Adding EN signal on $flatten\core_inst.\servile.\cpu.\immdec.$procdff$8726 ($dff) from module mesh_tile (D = $flatten\core_inst.\servile.\cpu.\immdec.$ternary$/home/etcfranc/NoCNoC/src/serv/rtl/serv_immdec.v:57$751_Y, Q = \core_inst.servile.cpu.immdec.gen_immdec_w_eq_1.imm7).
Adding EN signal on $flatten\core_inst.\servile.\cpu.\immdec.$procdff$8725 ($dff) from module mesh_tile (D = $flatten\core_inst.\servile.\cpu.\immdec.$ternary$/home/etcfranc/NoCNoC/src/serv/rtl/serv_immdec.v:55$749_Y, Q = \core_inst.servile.cpu.immdec.gen_immdec_w_eq_1.imm19_12_20).
Adding EN signal on $flatten\core_inst.\servile.\cpu.\immdec.$procdff$8724 ($dff) from module mesh_tile (D = \core_inst.rf_mem_if.i_sram_rdata [7], Q = \core_inst.servile.cpu.immdec.gen_immdec_w_eq_1.imm31).
Adding EN signal on $flatten\core_inst.\servile.\cpu.\gen_csr.csr.$procdff$8669 ($dff) from module mesh_tile (D = { $flatten\core_inst.\servile.\cpu.\gen_csr.csr.$or$/home/etcfranc/NoCNoC/src/serv/rtl/serv_csr.v:150$545_Y $flatten\core_inst.\servile.\cpu.\gen_csr.csr.$or$/home/etcfranc/NoCNoC/src/serv/rtl/serv_csr.v:151$549_Y $flatten\core_inst.\servile.\cpu.\gen_csr.csr.$or$/home/etcfranc/NoCNoC/src/serv/rtl/serv_csr.v:152$555_Y $flatten\core_inst.\servile.\cpu.\gen_csr.csr.$or$/home/etcfranc/NoCNoC/src/serv/rtl/serv_csr.v:153$559_Y }, Q = \core_inst.servile.cpu.gen_csr.csr.mcause3_0).
Adding EN signal on $flatten\core_inst.\servile.\cpu.\gen_csr.csr.$procdff$8668 ($dff) from module mesh_tile (D = $flatten\core_inst.\servile.\cpu.\gen_csr.csr.$ternary$/home/etcfranc/NoCNoC/src/serv/rtl/serv_csr.v:156$562_Y, Q = \core_inst.servile.cpu.gen_csr.csr.mcause31).
Adding EN signal on $flatten\core_inst.\servile.\cpu.\gen_csr.csr.$procdff$8666 ($dff) from module mesh_tile (D = \core_inst.servile.cpu.gen_csr.csr.mstatus_mie, Q = \core_inst.servile.cpu.gen_csr.csr.mstatus_mpie).
Adding EN signal on $flatten\core_inst.\servile.\cpu.\gen_csr.csr.$procdff$8665 ($dff) from module mesh_tile (D = $flatten\core_inst.\servile.\cpu.\gen_csr.csr.$and$/home/etcfranc/NoCNoC/src/serv/rtl/serv_csr.v:118$535_Y, Q = \core_inst.servile.cpu.gen_csr.csr.mstatus_mie).
Adding SRST signal on $flatten\core_inst.\servile.\cpu.\gen_csr.csr.$procdff$8664 ($dff) from module mesh_tile (D = $flatten\core_inst.\servile.\cpu.\gen_csr.csr.$procmux$1067_Y, Q = \core_inst.servile.cpu.gen_csr.csr.o_new_irq, rval = 1'0).
Adding EN signal on $auto$ff.cc:337:slice$8848 ($sdff) from module mesh_tile (D = 1'0, Q = \core_inst.servile.cpu.gen_csr.csr.o_new_irq).
Adding EN signal on $flatten\core_inst.\servile.\cpu.\decode.$procdff$8723 ($dff) from module mesh_tile (D = \core_inst.rf_mem_if.i_sram_rdata [6], Q = \core_inst.servile.cpu.decode.imm30).
Adding EN signal on $flatten\core_inst.\servile.\cpu.\decode.$procdff$8721 ($dff) from module mesh_tile (D = \core_inst.rf_mem_if.i_sram_rdata [2], Q = \core_inst.servile.cpu.decode.op26).
Adding EN signal on $flatten\core_inst.\servile.\cpu.\decode.$procdff$8720 ($dff) from module mesh_tile (D = \core_inst.rf_mem_if.wb_rdt [22], Q = \core_inst.servile.cpu.decode.op22).
Adding EN signal on $flatten\core_inst.\servile.\cpu.\decode.$procdff$8719 ($dff) from module mesh_tile (D = \core_inst.rf_mem_if.wb_rdt [21], Q = \core_inst.servile.cpu.decode.op21).
Adding EN signal on $flatten\core_inst.\servile.\cpu.\decode.$procdff$8718 ($dff) from module mesh_tile (D = \core_inst.rf_mem_if.wb_rdt [20], Q = \core_inst.servile.cpu.decode.op20).
Adding EN signal on $flatten\core_inst.\servile.\cpu.\decode.$procdff$8717 ($dff) from module mesh_tile (D = \core_inst.rf_mem_if.wb_rdt [14:12], Q = \core_inst.servile.cpu.decode.funct3).
Adding EN signal on $flatten\core_inst.\servile.\cpu.\decode.$procdff$8716 ($dff) from module mesh_tile (D = \core_inst.rf_mem_if.wb_rdt [6:2], Q = \core_inst.servile.cpu.decode.opcode).
Adding EN signal on $flatten\core_inst.\servile.\cpu.\ctrl.$procdff$8734 ($dff) from module mesh_tile (D = $flatten\core_inst.\servile.\cpu.\ctrl.$ternary$/home/etcfranc/NoCNoC/src/serv/rtl/serv_ctrl.v:112$664_Y, Q = \core_inst.servile.cpu.ctrl.o_ibus_adr).
Adding SRST signal on $auto$ff.cc:337:slice$8857 ($dffe) from module mesh_tile (D = { \core_inst.servile.cpu.ctrl.new_pc \core_inst.servile.cpu.ctrl.o_ibus_adr [31:1] }, Q = \core_inst.servile.cpu.ctrl.o_ibus_adr, rval = 0).
Adding EN signal on $flatten\core_inst.\servile.\cpu.\bufreg2.$procdff$8733 ($dff) from module mesh_tile (D = $flatten\core_inst.\servile.\cpu.\bufreg2.$ternary$/home/etcfranc/NoCNoC/src/serv/rtl/serv_bufreg2.v:102$723_Y, Q = \core_inst.servile.cpu.bufreg2.dlo).
Adding EN signal on $flatten\core_inst.\servile.\cpu.\bufreg2.$procdff$8732 ($dff) from module mesh_tile (D = $flatten\core_inst.\servile.\cpu.\bufreg2.$ternary$/home/etcfranc/NoCNoC/src/serv/rtl/serv_bufreg2.v:100$721_Y, Q = \core_inst.servile.cpu.bufreg2.dhi).
Adding EN signal on $flatten\core_inst.\servile.\cpu.\bufreg.$procdff$8730 ($dff) from module mesh_tile (D = { $flatten\core_inst.\servile.\cpu.\bufreg.$ternary$/home/etcfranc/NoCNoC/src/serv/rtl/serv_bufreg.v:64$736_Y \core_inst.servile.cpu.bufreg.data [31:3] }, Q = \core_inst.servile.cpu.bufreg.data [31:2]).
Adding EN signal on $flatten\core_inst.\servile.\cpu.\bufreg.$procdff$8730 ($dff) from module mesh_tile (D = { $flatten\core_inst.\servile.\cpu.\bufreg.$ternary$/home/etcfranc/NoCNoC/src/serv/rtl/serv_bufreg.v:67$739_Y \core_inst.servile.cpu.bufreg.data [1] }, Q = \core_inst.servile.cpu.bufreg.data [1:0]).
Adding EN signal on $flatten\core_inst.\servile.\cpu.\alu.$procdff$8737 ($dff) from module mesh_tile (D = \core_inst.servile.cpu.state.i_alu_cmp, Q = \core_inst.servile.cpu.alu.cmp_r).
Adding EN signal on $flatten\core_inst.\rf_mem_if.$procdff$8685 ($dff) from module mesh_tile (D = \core_inst.rf_mem_if.i_sram_rdata, Q = \core_inst.rf_mem_if.wb_rdt [7:0]).
Adding EN signal on $flatten\core_inst.\rf_mem_if.$procdff$8685 ($dff) from module mesh_tile (D = \core_inst.rf_mem_if.i_sram_rdata, Q = \core_inst.rf_mem_if.wb_rdt [15:8]).
Adding EN signal on $flatten\core_inst.\rf_mem_if.$procdff$8685 ($dff) from module mesh_tile (D = \core_inst.rf_mem_if.i_sram_rdata, Q = \core_inst.rf_mem_if.wb_rdt [23:16]).
Adding SRST signal on $flatten\core_inst.\rf_mem_if.$procdff$8684 ($dff) from module mesh_tile (D = $flatten\core_inst.\rf_mem_if.$procmux$1099_Y, Q = \core_inst.rf_mem_if.bsel, rval = 2'00).
Adding EN signal on $auto$ff.cc:337:slice$8867 ($sdff) from module mesh_tile (D = $flatten\core_inst.\rf_mem_if.$add$/home/etcfranc/NoCNoC/src/serv/servile/servile_rf_mem_if.v:63$451_Y, Q = \core_inst.rf_mem_if.bsel).
Adding SRST signal on $flatten\core_inst.\rf_mem_if.$procdff$8683 ($dff) from module mesh_tile (D = $flatten\core_inst.\rf_mem_if.$and$/home/etcfranc/NoCNoC/src/serv/servile/servile_rf_mem_if.v:64$453_Y, Q = \core_inst.rf_mem_if.o_wb_ack, rval = 1'0).
Setting constant 0-bit at position 0 on $auto$ff.cc:337:slice$8849 ($sdffe) from module mesh_tile.

74. Executing OPT_CLEAN pass (remove unused cells and wires).
Finding unused cells or wires in module \mesh_tile..
Removed 66 unused cells and 68 unused wires.
<suppressed ~67 debug messages>

75. Executing OPT_EXPR pass (perform const folding).
Optimizing module mesh_tile.
<suppressed ~5 debug messages>

76. Rerunning OPT passes. (Maybe there is more to do…)

77. Executing OPT_MUXTREE pass (detect dead branches in mux trees).
Running muxtree optimizer on module \mesh_tile..
  Creating internal representation of mux trees.
  Evaluating internal representation of mux trees.
  Analyzing evaluation results.
Removed 0 multiplexer ports.
<suppressed ~774 debug messages>

78. Executing OPT_REDUCE pass (consolidate $*mux and $reduce_* inputs).
  Optimizing cells in module \mesh_tile.
Performed a total of 0 changes.

79. Executing OPT_MERGE pass (detect identical cells).
Finding identical cells in module `\mesh_tile'.
Computing hashes of 1273 cells of `\mesh_tile'.
Finding duplicate cells in `\mesh_tile'.
Computing hashes of 1272 cells of `\mesh_tile'.
Finding duplicate cells in `\mesh_tile'.
<suppressed ~3 debug messages>
Removed a total of 1 cells.

80. Executing OPT_DFF pass (perform DFF optimizations).
Adding SRST signal on $auto$ff.cc:337:slice$8845 ($dffe) from module mesh_tile (D = \core_inst.servile.cpu.gen_csr.csr.csr_in, Q = \core_inst.servile.cpu.gen_csr.csr.mcause31, rval = 1'0).

81. Executing OPT_CLEAN pass (remove unused cells and wires).
Finding unused cells or wires in module \mesh_tile..
Removed 1 unused cells and 6 unused wires.
<suppressed ~2 debug messages>

82. Executing OPT_EXPR pass (perform const folding).
Optimizing module mesh_tile.

83. Rerunning OPT passes. (Maybe there is more to do…)

84. Executing OPT_MUXTREE pass (detect dead branches in mux trees).
Running muxtree optimizer on module \mesh_tile..
  Creating internal representation of mux trees.
  Evaluating internal representation of mux trees.
  Analyzing evaluation results.
Removed 0 multiplexer ports.
<suppressed ~772 debug messages>

85. Executing OPT_REDUCE pass (consolidate $*mux and $reduce_* inputs).
  Optimizing cells in module \mesh_tile.
Performed a total of 0 changes.

86. Executing OPT_MERGE pass (detect identical cells).
Finding identical cells in module `\mesh_tile'.
Computing hashes of 1271 cells of `\mesh_tile'.
Finding duplicate cells in `\mesh_tile'.
Removed a total of 0 cells.

87. Executing OPT_DFF pass (perform DFF optimizations).

88. Executing OPT_CLEAN pass (remove unused cells and wires).
Finding unused cells or wires in module \mesh_tile..

89. Executing OPT_EXPR pass (perform const folding).
Optimizing module mesh_tile.

90. Executing WREDUCE pass (reducing word size of cells).
Removed top 30 address bits (of 32) from memory init port mesh_tile.$flatten\router_inst.$auto$proc_memwr.cc:45:proc_memwr$8739 (router_inst.fifo_mem).
Removed top 30 address bits (of 32) from memory init port mesh_tile.$flatten\router_inst.$auto$proc_memwr.cc:45:proc_memwr$8740 (router_inst.fifo_mem).
Removed top 30 address bits (of 32) from memory init port mesh_tile.$flatten\router_inst.$auto$proc_memwr.cc:45:proc_memwr$8741 (router_inst.fifo_mem).
Removed top 30 address bits (of 32) from memory init port mesh_tile.$flatten\router_inst.$auto$proc_memwr.cc:45:proc_memwr$8742 (router_inst.fifo_mem).
Removed top 1 bits (of 2) from FF cell mesh_tile.$auto$ff.cc:337:slice$8795 ($sdff).
Removed top 1 bits (of 2) from port B of cell mesh_tile.$flatten\core_inst.\servile.\cpu.\gen_csr.csr.$eq$/home/etcfranc/NoCNoC/src/serv/rtl/serv_csr.v:68$503 ($eq).
Removed top 4 bits (of 6) from mux cell mesh_tile.$flatten\core_inst.\servile.\cpu.\rf_if.$ternary$/home/etcfranc/NoCNoC/src/serv/rtl/serv_rf_if.v:89$604 ($mux).
Removed top 1 bits (of 2) from port A of cell mesh_tile.$flatten\core_inst.\servile.\cpu.\rf_if.$or$/home/etcfranc/NoCNoC/src/serv/rtl/serv_rf_if.v:125$612 ($or).
Removed top 2 bits (of 8) from mux cell mesh_tile.$flatten\core_inst.\servile.\cpu.\bufreg2.$ternary$/home/etcfranc/NoCNoC/src/serv/rtl/serv_bufreg2.v:82$701 ($mux).
Removed top 1 bits (of 2) from port B of cell mesh_tile.$flatten\core_inst.\servile.\cpu.\bufreg2.$eq$/home/etcfranc/NoCNoC/src/serv/rtl/serv_bufreg2.v:93$707 ($eq).
Removed top 5 bits (of 6) from port B of cell mesh_tile.$flatten\core_inst.\servile.\cpu.\bufreg2.$sub$/home/etcfranc/NoCNoC/src/serv/rtl/serv_bufreg2.v:76$724 ($sub).
Removed top 1 bits (of 2) from port A of cell mesh_tile.$flatten\core_inst.\servile.\cpu.\bufreg.$add$/home/etcfranc/NoCNoC/src/serv/rtl/serv_bufreg.v:52$730 ($add).
Removed top 1 bits (of 2) from port B of cell mesh_tile.$flatten\core_inst.\servile.\cpu.\bufreg.$add$/home/etcfranc/NoCNoC/src/serv/rtl/serv_bufreg.v:52$730 ($add).
Removed top 1 bits (of 2) from port B of cell mesh_tile.$flatten\core_inst.\servile.\cpu.\decode.$eq$/home/etcfranc/NoCNoC/src/serv/rtl/serv_decode.v:227$894 ($eq).
Removed top 1 bits (of 2) from port B of cell mesh_tile.$flatten\core_inst.\servile.\cpu.\decode.$eq$/home/etcfranc/NoCNoC/src/serv/rtl/serv_decode.v:232$900 ($eq).
Removed top 2 bits (of 3) from port B of cell mesh_tile.$flatten\core_inst.\servile.\cpu.\state.$eq$/home/etcfranc/NoCNoC/src/serv/rtl/serv_state.v:86$916 ($eq).
Removed top 1 bits (of 3) from port B of cell mesh_tile.$flatten\core_inst.\servile.\cpu.\state.$eq$/home/etcfranc/NoCNoC/src/serv/rtl/serv_state.v:87$918 ($eq).
Removed top 1 bits (of 3) from port B of cell mesh_tile.$flatten\core_inst.\servile.\cpu.\state.$eq$/home/etcfranc/NoCNoC/src/serv/rtl/serv_state.v:88$920 ($eq).
Removed top 2 bits (of 3) from port B of cell mesh_tile.$flatten\core_inst.\servile.\cpu.\state.$add$/home/etcfranc/NoCNoC/src/serv/rtl/serv_state.v:199$988 ($add).
Removed top 21 bits (of 32) from mux cell mesh_tile.$flatten\core_inst.\servile.\arbiter.$ternary$/home/etcfranc/NoCNoC/src/serv/servile/servile_arbiter.v:38$484 ($mux).
Removed top 3 bits (of 5) from mux cell mesh_tile.$flatten\core_inst.\servile.\rf_ram_if.$procmux$1079 ($mux).
Removed top 1 bits (of 8) from mux cell mesh_tile.$flatten\core_inst.\servile.\rf_ram_if.$procmux$1073 ($mux).
Removed top 1 bits (of 7) from mux cell mesh_tile.$flatten\core_inst.\servile.\rf_ram_if.$procmux$1071 ($mux).
Removed top 4 bits (of 5) from port B of cell mesh_tile.$flatten\core_inst.\servile.\rf_ram_if.$add$/home/etcfranc/NoCNoC/src/serv/rtl/serv_rf_ram_if.v:163$475 ($add).
Removed top 2 bits (of 3) from port B of cell mesh_tile.$flatten\core_inst.\servile.\rf_ram_if.$eq$/home/etcfranc/NoCNoC/src/serv/rtl/serv_rf_ram_if.v:136$471 ($eq).
Removed top 29 bits (of 32) from port B of cell mesh_tile.$flatten\core_inst.\servile.\rf_ram_if.$sub$/home/etcfranc/NoCNoC/src/serv/rtl/serv_rf_ram_if.v:100$467 ($sub).
Removed top 27 bits (of 32) from port Y of cell mesh_tile.$flatten\core_inst.\servile.\rf_ram_if.$sub$/home/etcfranc/NoCNoC/src/serv/rtl/serv_rf_ram_if.v:100$467 ($sub).
Removed top 3 bits (of 11) from port A of cell mesh_tile.$flatten\core_inst.\rf_mem_if.$not$/home/etcfranc/NoCNoC/src/serv/servile/servile_rf_mem_if.v:48$439 ($not).
Removed top 3 bits (of 11) from port A of cell mesh_tile.$flatten\core_inst.\rf_mem_if.$not$/home/etcfranc/NoCNoC/src/serv/servile/servile_rf_mem_if.v:49$440 ($not).
Removed top 26 bits (of 32) from port B of cell mesh_tile.$flatten\core_inst.\rf_mem_if.$shiftx$/home/etcfranc/NoCNoC/src/serv/servile/servile_rf_mem_if.v:52$444 ($shiftx).
Removed top 1 bits (of 2) from port B of cell mesh_tile.$flatten\core_inst.\rf_mem_if.$add$/home/etcfranc/NoCNoC/src/serv/servile/servile_rf_mem_if.v:63$451 ($add).
Removed top 1 bits (of 2) from port B of cell mesh_tile.$flatten\core_inst.\rf_mem_if.$eq$/home/etcfranc/NoCNoC/src/serv/servile/servile_rf_mem_if.v:65$454 ($eq).
Removed top 1 bits (of 34) from mux cell mesh_tile.$flatten\router_inst.$procmux$7525 ($mux).
Removed top 1 bits (of 34) from mux cell mesh_tile.$flatten\router_inst.$procmux$7426 ($mux).
Removed top 1 bits (of 34) from mux cell mesh_tile.$flatten\router_inst.$procmux$7318 ($mux).
Removed top 1 bits (of 34) from mux cell mesh_tile.$flatten\router_inst.$procmux$7207 ($mux).
Removed top 1 bits (of 34) from mux cell mesh_tile.$flatten\router_inst.$procmux$7099 ($mux).
Removed top 1 bits (of 34) from mux cell mesh_tile.$flatten\router_inst.$procmux$7000 ($mux).
Removed top 1 bits (of 34) from mux cell mesh_tile.$flatten\router_inst.$procmux$6916 ($mux).
Removed top 1 bits (of 34) from mux cell mesh_tile.$flatten\router_inst.$procmux$6885 ($mux).
Removed top 1 bits (of 34) from mux cell mesh_tile.$flatten\router_inst.$procmux$6703 ($mux).
Removed top 1 bits (of 34) from mux cell mesh_tile.$flatten\router_inst.$procmux$6604 ($mux).
Removed top 1 bits (of 34) from mux cell mesh_tile.$flatten\router_inst.$procmux$6496 ($mux).
Removed top 1 bits (of 34) from mux cell mesh_tile.$flatten\router_inst.$procmux$6385 ($mux).
Removed top 1 bits (of 34) from mux cell mesh_tile.$flatten\router_inst.$procmux$6277 ($mux).
Removed top 1 bits (of 34) from mux cell mesh_tile.$flatten\router_inst.$procmux$6178 ($mux).
Removed top 1 bits (of 34) from mux cell mesh_tile.$flatten\router_inst.$procmux$6094 ($mux).
Removed top 1 bits (of 34) from mux cell mesh_tile.$flatten\router_inst.$procmux$6063 ($mux).
Removed top 1 bits (of 34) from mux cell mesh_tile.$flatten\router_inst.$procmux$5881 ($mux).
Removed top 1 bits (of 34) from mux cell mesh_tile.$flatten\router_inst.$procmux$5782 ($mux).
Removed top 1 bits (of 34) from mux cell mesh_tile.$flatten\router_inst.$procmux$5674 ($mux).
Removed top 1 bits (of 34) from mux cell mesh_tile.$flatten\router_inst.$procmux$5563 ($mux).
Removed top 1 bits (of 34) from mux cell mesh_tile.$flatten\router_inst.$procmux$5455 ($mux).
Removed top 1 bits (of 34) from mux cell mesh_tile.$flatten\router_inst.$procmux$5356 ($mux).
Removed top 1 bits (of 34) from mux cell mesh_tile.$flatten\router_inst.$procmux$5272 ($mux).
Removed top 1 bits (of 34) from mux cell mesh_tile.$flatten\router_inst.$procmux$5241 ($mux).
Removed top 1 bits (of 34) from mux cell mesh_tile.$flatten\router_inst.$procmux$5059 ($mux).
Removed top 1 bits (of 34) from mux cell mesh_tile.$flatten\router_inst.$procmux$4960 ($mux).
Removed top 1 bits (of 34) from mux cell mesh_tile.$flatten\router_inst.$procmux$4852 ($mux).
Removed top 1 bits (of 34) from mux cell mesh_tile.$flatten\router_inst.$procmux$4741 ($mux).
Removed top 1 bits (of 34) from mux cell mesh_tile.$flatten\router_inst.$procmux$4633 ($mux).
Removed top 1 bits (of 34) from mux cell mesh_tile.$flatten\router_inst.$procmux$4534 ($mux).
Removed top 1 bits (of 34) from mux cell mesh_tile.$flatten\router_inst.$procmux$4450 ($mux).
Removed top 1 bits (of 34) from mux cell mesh_tile.$flatten\router_inst.$procmux$4419 ($mux).
Removed top 1 bits (of 34) from mux cell mesh_tile.$flatten\router_inst.$procmux$4237 ($mux).
Removed top 1 bits (of 34) from mux cell mesh_tile.$flatten\router_inst.$procmux$4138 ($mux).
Removed top 1 bits (of 34) from mux cell mesh_tile.$flatten\router_inst.$procmux$4030 ($mux).
Removed top 1 bits (of 34) from mux cell mesh_tile.$flatten\router_inst.$procmux$3919 ($mux).
Removed top 1 bits (of 34) from mux cell mesh_tile.$flatten\router_inst.$procmux$3811 ($mux).
Removed top 1 bits (of 34) from mux cell mesh_tile.$flatten\router_inst.$procmux$3712 ($mux).
Removed top 1 bits (of 34) from mux cell mesh_tile.$flatten\router_inst.$procmux$3628 ($mux).
Removed top 1 bits (of 34) from mux cell mesh_tile.$flatten\router_inst.$procmux$3597 ($mux).
Removed top 1 bits (of 34) from mux cell mesh_tile.$flatten\router_inst.$procmux$3415 ($mux).
Removed top 1 bits (of 34) from mux cell mesh_tile.$flatten\router_inst.$procmux$3316 ($mux).
Removed top 1 bits (of 34) from mux cell mesh_tile.$flatten\router_inst.$procmux$3208 ($mux).
Removed top 1 bits (of 34) from mux cell mesh_tile.$flatten\router_inst.$procmux$3097 ($mux).
Removed top 1 bits (of 34) from mux cell mesh_tile.$flatten\router_inst.$procmux$2989 ($mux).
Removed top 1 bits (of 34) from mux cell mesh_tile.$flatten\router_inst.$procmux$2890 ($mux).
Removed top 1 bits (of 34) from mux cell mesh_tile.$flatten\router_inst.$procmux$2806 ($mux).
Removed top 1 bits (of 34) from mux cell mesh_tile.$flatten\router_inst.$procmux$2775 ($mux).
Removed top 1 bits (of 34) from mux cell mesh_tile.$flatten\router_inst.$procmux$2593 ($mux).
Removed top 1 bits (of 34) from mux cell mesh_tile.$flatten\router_inst.$procmux$2494 ($mux).
Removed top 1 bits (of 34) from mux cell mesh_tile.$flatten\router_inst.$procmux$2386 ($mux).
Removed top 1 bits (of 34) from mux cell mesh_tile.$flatten\router_inst.$procmux$2275 ($mux).
Removed top 1 bits (of 34) from mux cell mesh_tile.$flatten\router_inst.$procmux$2167 ($mux).
Removed top 1 bits (of 34) from mux cell mesh_tile.$flatten\router_inst.$procmux$2068 ($mux).
Removed top 1 bits (of 34) from mux cell mesh_tile.$flatten\router_inst.$procmux$1984 ($mux).
Removed top 1 bits (of 34) from mux cell mesh_tile.$flatten\router_inst.$procmux$1953 ($mux).
Removed top 1 bits (of 34) from mux cell mesh_tile.$flatten\router_inst.$procmux$1771 ($mux).
Removed top 1 bits (of 34) from mux cell mesh_tile.$flatten\router_inst.$procmux$1672 ($mux).
Removed top 1 bits (of 34) from mux cell mesh_tile.$flatten\router_inst.$procmux$1564 ($mux).
Removed top 1 bits (of 34) from mux cell mesh_tile.$flatten\router_inst.$procmux$1453 ($mux).
Removed top 1 bits (of 34) from mux cell mesh_tile.$flatten\router_inst.$procmux$1345 ($mux).
Removed top 1 bits (of 34) from mux cell mesh_tile.$flatten\router_inst.$procmux$1246 ($mux).
Removed top 1 bits (of 34) from mux cell mesh_tile.$flatten\router_inst.$procmux$1162 ($mux).
Removed top 1 bits (of 34) from mux cell mesh_tile.$flatten\router_inst.$procmux$1131 ($mux).
Removed top 1 bits (of 2) from port B of cell mesh_tile.$flatten\router_inst.$lt$/home/etcfranc/NoCNoC/src/mesh$20-$20Psi&Aan/mesh_router.v:270$410 ($lt).
Removed top 1 bits (of 2) from port B of cell mesh_tile.$flatten\router_inst.$lt$/home/etcfranc/NoCNoC/src/mesh$20-$20Psi&Aan/mesh_router.v:268$407 ($lt).
Removed top 1 bits (of 2) from port B of cell mesh_tile.$flatten\router_inst.$gt$/home/etcfranc/NoCNoC/src/mesh$20-$20Psi&Aan/mesh_router.v:266$403 ($gt).
Removed top 1 bits (of 2) from port B of cell mesh_tile.$flatten\router_inst.$gt$/home/etcfranc/NoCNoC/src/mesh$20-$20Psi&Aan/mesh_router.v:266$402 ($gt).
Removed top 1 bits (of 2) from port B of cell mesh_tile.$flatten\router_inst.$lt$/home/etcfranc/NoCNoC/src/mesh$20-$20Psi&Aan/mesh_router.v:270$378 ($lt).
Removed top 1 bits (of 2) from port B of cell mesh_tile.$flatten\router_inst.$lt$/home/etcfranc/NoCNoC/src/mesh$20-$20Psi&Aan/mesh_router.v:268$375 ($lt).
Removed top 1 bits (of 2) from port B of cell mesh_tile.$flatten\router_inst.$gt$/home/etcfranc/NoCNoC/src/mesh$20-$20Psi&Aan/mesh_router.v:266$371 ($gt).
Removed top 1 bits (of 2) from port B of cell mesh_tile.$flatten\router_inst.$gt$/home/etcfranc/NoCNoC/src/mesh$20-$20Psi&Aan/mesh_router.v:266$370 ($gt).
Removed top 1 bits (of 2) from port B of cell mesh_tile.$flatten\router_inst.$lt$/home/etcfranc/NoCNoC/src/mesh$20-$20Psi&Aan/mesh_router.v:270$346 ($lt).
Removed top 1 bits (of 2) from port B of cell mesh_tile.$flatten\router_inst.$lt$/home/etcfranc/NoCNoC/src/mesh$20-$20Psi&Aan/mesh_router.v:268$343 ($lt).
Removed top 1 bits (of 2) from port B of cell mesh_tile.$flatten\router_inst.$gt$/home/etcfranc/NoCNoC/src/mesh$20-$20Psi&Aan/mesh_router.v:266$339 ($gt).
Removed top 1 bits (of 2) from port B of cell mesh_tile.$flatten\router_inst.$gt$/home/etcfranc/NoCNoC/src/mesh$20-$20Psi&Aan/mesh_router.v:266$338 ($gt).
Removed top 1 bits (of 2) from port B of cell mesh_tile.$flatten\router_inst.$lt$/home/etcfranc/NoCNoC/src/mesh$20-$20Psi&Aan/mesh_router.v:270$314 ($lt).
Removed top 1 bits (of 2) from port B of cell mesh_tile.$flatten\router_inst.$lt$/home/etcfranc/NoCNoC/src/mesh$20-$20Psi&Aan/mesh_router.v:268$311 ($lt).
Removed top 1 bits (of 2) from port B of cell mesh_tile.$flatten\router_inst.$gt$/home/etcfranc/NoCNoC/src/mesh$20-$20Psi&Aan/mesh_router.v:266$307 ($gt).
Removed top 1 bits (of 2) from port B of cell mesh_tile.$flatten\router_inst.$gt$/home/etcfranc/NoCNoC/src/mesh$20-$20Psi&Aan/mesh_router.v:266$306 ($gt).
Removed top 1 bits (of 2) from port B of cell mesh_tile.$flatten\router_inst.$lt$/home/etcfranc/NoCNoC/src/mesh$20-$20Psi&Aan/mesh_router.v:270$282 ($lt).
Removed top 1 bits (of 2) from port B of cell mesh_tile.$flatten\router_inst.$lt$/home/etcfranc/NoCNoC/src/mesh$20-$20Psi&Aan/mesh_router.v:268$279 ($lt).
Removed top 1 bits (of 2) from port B of cell mesh_tile.$flatten\router_inst.$gt$/home/etcfranc/NoCNoC/src/mesh$20-$20Psi&Aan/mesh_router.v:266$275 ($gt).
Removed top 1 bits (of 2) from port B of cell mesh_tile.$flatten\router_inst.$gt$/home/etcfranc/NoCNoC/src/mesh$20-$20Psi&Aan/mesh_router.v:266$274 ($gt).
Removed top 1 bits (of 2) from port B of cell mesh_tile.$flatten\router_inst.$lt$/home/etcfranc/NoCNoC/src/mesh$20-$20Psi&Aan/mesh_router.v:270$250 ($lt).
Removed top 1 bits (of 2) from port B of cell mesh_tile.$flatten\router_inst.$lt$/home/etcfranc/NoCNoC/src/mesh$20-$20Psi&Aan/mesh_router.v:268$247 ($lt).
Removed top 1 bits (of 2) from port B of cell mesh_tile.$flatten\router_inst.$gt$/home/etcfranc/NoCNoC/src/mesh$20-$20Psi&Aan/mesh_router.v:266$243 ($gt).
Removed top 1 bits (of 2) from port B of cell mesh_tile.$flatten\router_inst.$gt$/home/etcfranc/NoCNoC/src/mesh$20-$20Psi&Aan/mesh_router.v:266$242 ($gt).
Removed top 1 bits (of 2) from port B of cell mesh_tile.$flatten\router_inst.$lt$/home/etcfranc/NoCNoC/src/mesh$20-$20Psi&Aan/mesh_router.v:270$218 ($lt).
Removed top 1 bits (of 2) from port B of cell mesh_tile.$flatten\router_inst.$lt$/home/etcfranc/NoCNoC/src/mesh$20-$20Psi&Aan/mesh_router.v:268$215 ($lt).
Removed top 1 bits (of 2) from port B of cell mesh_tile.$flatten\router_inst.$gt$/home/etcfranc/NoCNoC/src/mesh$20-$20Psi&Aan/mesh_router.v:266$211 ($gt).
Removed top 1 bits (of 2) from port B of cell mesh_tile.$flatten\router_inst.$gt$/home/etcfranc/NoCNoC/src/mesh$20-$20Psi&Aan/mesh_router.v:266$210 ($gt).
Removed top 1 bits (of 2) from port B of cell mesh_tile.$flatten\router_inst.$lt$/home/etcfranc/NoCNoC/src/mesh$20-$20Psi&Aan/mesh_router.v:270$186 ($lt).
Removed top 1 bits (of 2) from port B of cell mesh_tile.$flatten\router_inst.$lt$/home/etcfranc/NoCNoC/src/mesh$20-$20Psi&Aan/mesh_router.v:268$183 ($lt).
Removed top 1 bits (of 2) from port B of cell mesh_tile.$flatten\router_inst.$gt$/home/etcfranc/NoCNoC/src/mesh$20-$20Psi&Aan/mesh_router.v:266$179 ($gt).
Removed top 1 bits (of 2) from port B of cell mesh_tile.$flatten\router_inst.$gt$/home/etcfranc/NoCNoC/src/mesh$20-$20Psi&Aan/mesh_router.v:266$178 ($gt).
Removed top 1 bits (of 2) from port B of cell mesh_tile.$flatten\router_inst.$lt$/home/etcfranc/NoCNoC/src/mesh$20-$20Psi&Aan/mesh_router.v:270$154 ($lt).
Removed top 1 bits (of 2) from port B of cell mesh_tile.$flatten\router_inst.$lt$/home/etcfranc/NoCNoC/src/mesh$20-$20Psi&Aan/mesh_router.v:268$151 ($lt).
Removed top 1 bits (of 2) from port B of cell mesh_tile.$flatten\router_inst.$gt$/home/etcfranc/NoCNoC/src/mesh$20-$20Psi&Aan/mesh_router.v:266$147 ($gt).
Removed top 1 bits (of 2) from port B of cell mesh_tile.$flatten\router_inst.$gt$/home/etcfranc/NoCNoC/src/mesh$20-$20Psi&Aan/mesh_router.v:266$146 ($gt).
Removed top 3 bits (of 32) from mux cell mesh_tile.$flatten\router_inst.$ternary$/home/etcfranc/NoCNoC/src/mesh$20-$20Psi&Aan/mesh_router.v:239$105 ($mux).
Removed top 5 bits (of 34) from mux cell mesh_tile.$flatten\router_inst.$ternary$/home/etcfranc/NoCNoC/src/mesh$20-$20Psi&Aan/mesh_router.v:227$95 ($mux).
Removed top 31 bits (of 32) from port B of cell mesh_tile.$flatten\router_inst.$sub$/home/etcfranc/NoCNoC/src/mesh$20-$20Psi&Aan/mesh_router.v:219$93 ($sub).
Removed top 29 bits (of 32) from port Y of cell mesh_tile.$flatten\router_inst.$sub$/home/etcfranc/NoCNoC/src/mesh$20-$20Psi&Aan/mesh_router.v:219$93 ($sub).
Removed top 31 bits (of 32) from port B of cell mesh_tile.$flatten\router_inst.$add$/home/etcfranc/NoCNoC/src/mesh$20-$20Psi&Aan/mesh_router.v:218$90 ($add).
Removed top 29 bits (of 32) from port Y of cell mesh_tile.$flatten\router_inst.$add$/home/etcfranc/NoCNoC/src/mesh$20-$20Psi&Aan/mesh_router.v:218$90 ($add).
Removed top 31 bits (of 32) from port B of cell mesh_tile.$flatten\router_inst.$add$/home/etcfranc/NoCNoC/src/mesh$20-$20Psi&Aan/mesh_router.v:215$87 ($add).
Removed top 30 bits (of 32) from port Y of cell mesh_tile.$flatten\router_inst.$add$/home/etcfranc/NoCNoC/src/mesh$20-$20Psi&Aan/mesh_router.v:215$87 ($add).
Removed top 31 bits (of 32) from port B of cell mesh_tile.$flatten\router_inst.$add$/home/etcfranc/NoCNoC/src/mesh$20-$20Psi&Aan/mesh_router.v:176$86 ($add).
Removed top 30 bits (of 32) from port Y of cell mesh_tile.$flatten\router_inst.$add$/home/etcfranc/NoCNoC/src/mesh$20-$20Psi&Aan/mesh_router.v:176$86 ($add).
Removed top 1 bits (of 8) from wire mesh_tile.$flatten\core_inst.\servile.\rf_ram_if.$0\rdata0[7:0].
Removed top 1 bits (of 7) from wire mesh_tile.$flatten\core_inst.\servile.\rf_ram_if.$0\rdata1[6:0].
Removed top 1 bits (of 34) from wire mesh_tile.$flatten\router_inst.$10\next_sw[33:0].
Removed top 1 bits (of 34) from wire mesh_tile.$flatten\router_inst.$12\next_ne[33:0].
Removed top 1 bits (of 34) from wire mesh_tile.$flatten\router_inst.$12\next_se[33:0].
Removed top 8 bits (of 34) from wire mesh_tile.$flatten\router_inst.$14\next_n[33:0].
Removed top 1 bits (of 34) from wire mesh_tile.$flatten\router_inst.$14\next_nw[33:0].
Removed top 11 bits (of 34) from wire mesh_tile.$flatten\router_inst.$15\next_n[33:0].
Removed top 1 bits (of 34) from wire mesh_tile.$flatten\router_inst.$15\next_sw[33:0].
Removed top 15 bits (of 34) from wire mesh_tile.$flatten\router_inst.$16\next_n[33:0].
Removed top 1 bits (of 34) from wire mesh_tile.$flatten\router_inst.$16\next_s[33:0].
Removed top 1 bits (of 34) from wire mesh_tile.$flatten\router_inst.$16\next_se[33:0].
Removed top 9 bits (of 34) from wire mesh_tile.$flatten\router_inst.$17\next_n[33:0].
Removed top 3 bits (of 34) from wire mesh_tile.$flatten\router_inst.$18\next_e[33:0].
Removed top 1 bits (of 34) from wire mesh_tile.$flatten\router_inst.$18\next_n[33:0].
Removed top 1 bits (of 34) from wire mesh_tile.$flatten\router_inst.$18\next_ne[33:0].
Removed top 1 bits (of 34) from wire mesh_tile.$flatten\router_inst.$18\next_w[33:0].
Removed top 21 bits (of 34) from wire mesh_tile.$flatten\router_inst.$19\next_e[33:0].
Removed top 5 bits (of 34) from wire mesh_tile.$flatten\router_inst.$19\next_w[33:0].
Removed top 3 bits (of 34) from wire mesh_tile.$flatten\router_inst.$20\next_e[33:0].
Removed top 1 bits (of 34) from wire mesh_tile.$flatten\router_inst.$20\next_se[33:0].
Removed top 1 bits (of 34) from wire mesh_tile.$flatten\router_inst.$20\next_sw[33:0].
Removed top 1 bits (of 34) from wire mesh_tile.$flatten\router_inst.$20\next_w[33:0].
Removed top 1 bits (of 34) from wire mesh_tile.$flatten\router_inst.$21\next_nw[33:0].
Removed top 3 bits (of 34) from wire mesh_tile.$flatten\router_inst.$24\next_n[33:0].
Removed top 1 bits (of 34) from wire mesh_tile.$flatten\router_inst.$24\next_ne[33:0].
Removed top 1 bits (of 34) from wire mesh_tile.$flatten\router_inst.$24\next_s[33:0].
Removed top 1 bits (of 34) from wire mesh_tile.$flatten\router_inst.$24\next_se[33:0].
Removed top 7 bits (of 34) from wire mesh_tile.$flatten\router_inst.$25\next_n[33:0].
Removed top 1 bits (of 34) from wire mesh_tile.$flatten\router_inst.$25\next_sw[33:0].
Removed top 1 bits (of 34) from wire mesh_tile.$flatten\router_inst.$26\next_n[33:0].
Removed top 1 bits (of 34) from wire mesh_tile.$flatten\router_inst.$27\next_n[33:0].
Removed top 3 bits (of 34) from wire mesh_tile.$flatten\router_inst.$28\next_e[33:0].
Removed top 1 bits (of 34) from wire mesh_tile.$flatten\router_inst.$28\next_nw[33:0].
Removed top 1 bits (of 34) from wire mesh_tile.$flatten\router_inst.$28\next_se[33:0].
Removed top 1 bits (of 34) from wire mesh_tile.$flatten\router_inst.$28\next_w[33:0].
Removed top 13 bits (of 34) from wire mesh_tile.$flatten\router_inst.$29\next_e[33:0].
Removed top 13 bits (of 34) from wire mesh_tile.$flatten\router_inst.$29\next_w[33:0].
Removed top 3 bits (of 34) from wire mesh_tile.$flatten\router_inst.$30\next_e[33:0].
Removed top 1 bits (of 34) from wire mesh_tile.$flatten\router_inst.$30\next_ne[33:0].
Removed top 1 bits (of 34) from wire mesh_tile.$flatten\router_inst.$30\next_sw[33:0].
Removed top 9 bits (of 34) from wire mesh_tile.$flatten\router_inst.$30\next_w[33:0].
Removed top 17 bits (of 34) from wire mesh_tile.$flatten\router_inst.$31\next_n[33:0].
Removed top 1 bits (of 34) from wire mesh_tile.$flatten\router_inst.$32\next_s[33:0].
Removed top 1 bits (of 34) from wire mesh_tile.$flatten\router_inst.$32\next_se[33:0].
Removed top 3 bits (of 34) from wire mesh_tile.$flatten\router_inst.$33\next_n[33:0].
Removed top 7 bits (of 34) from wire mesh_tile.$flatten\router_inst.$34\next_n[33:0].
Removed top 1 bits (of 34) from wire mesh_tile.$flatten\router_inst.$35\next_n[33:0].
Removed top 1 bits (of 34) from wire mesh_tile.$flatten\router_inst.$35\next_nw[33:0].
Removed top 1 bits (of 34) from wire mesh_tile.$flatten\router_inst.$35\next_sw[33:0].
Removed top 1 bits (of 34) from wire mesh_tile.$flatten\router_inst.$36\next_n[33:0].
Removed top 1 bits (of 34) from wire mesh_tile.$flatten\router_inst.$36\next_ne[33:0].
Removed top 1 bits (of 34) from wire mesh_tile.$flatten\router_inst.$36\next_se[33:0].
Removed top 3 bits (of 34) from wire mesh_tile.$flatten\router_inst.$38\next_e[33:0].
Removed top 1 bits (of 34) from wire mesh_tile.$flatten\router_inst.$38\next_w[33:0].
Removed top 13 bits (of 34) from wire mesh_tile.$flatten\router_inst.$39\next_e[33:0].
Removed top 13 bits (of 34) from wire mesh_tile.$flatten\router_inst.$39\next_w[33:0].
Removed top 11 bits (of 34) from wire mesh_tile.$flatten\router_inst.$40\next_e[33:0].
Removed top 1 bits (of 34) from wire mesh_tile.$flatten\router_inst.$40\next_s[33:0].
Removed top 1 bits (of 34) from wire mesh_tile.$flatten\router_inst.$40\next_sw[33:0].
Removed top 25 bits (of 34) from wire mesh_tile.$flatten\router_inst.$40\next_w[33:0].
Removed top 8 bits (of 34) from wire mesh_tile.$flatten\router_inst.$41\next_n[33:0].
Removed top 11 bits (of 34) from wire mesh_tile.$flatten\router_inst.$42\next_n[33:0].
Removed top 1 bits (of 34) from wire mesh_tile.$flatten\router_inst.$42\next_ne[33:0].
Removed top 1 bits (of 34) from wire mesh_tile.$flatten\router_inst.$42\next_nw[33:0].
Removed top 31 bits (of 34) from wire mesh_tile.$flatten\router_inst.$43\next_n[33:0].
Removed top 9 bits (of 34) from wire mesh_tile.$flatten\router_inst.$44\next_n[33:0].
Removed top 1 bits (of 34) from wire mesh_tile.$flatten\router_inst.$45\next_n[33:0].
Removed top 1 bits (of 34) from wire mesh_tile.$flatten\router_inst.$45\next_sw[33:0].
Removed top 11 bits (of 34) from wire mesh_tile.$flatten\router_inst.$48\next_e[33:0].
Removed top 1 bits (of 34) from wire mesh_tile.$flatten\router_inst.$48\next_ne[33:0].
Removed top 1 bits (of 34) from wire mesh_tile.$flatten\router_inst.$48\next_s[33:0].
Removed top 1 bits (of 34) from wire mesh_tile.$flatten\router_inst.$48\next_w[33:0].
Removed top 21 bits (of 34) from wire mesh_tile.$flatten\router_inst.$49\next_e[33:0].
Removed top 1 bits (of 34) from wire mesh_tile.$flatten\router_inst.$49\next_nw[33:0].
Removed top 5 bits (of 34) from wire mesh_tile.$flatten\router_inst.$49\next_w[33:0].
Removed top 3 bits (of 34) from wire mesh_tile.$flatten\router_inst.$50\next_e[33:0].
Removed top 8 bits (of 34) from wire mesh_tile.$flatten\router_inst.$50\next_n[33:0].
Removed top 1 bits (of 34) from wire mesh_tile.$flatten\router_inst.$50\next_w[33:0].
Removed top 11 bits (of 34) from wire mesh_tile.$flatten\router_inst.$51\next_n[33:0].
Removed top 15 bits (of 34) from wire mesh_tile.$flatten\router_inst.$52\next_n[33:0].
Removed top 9 bits (of 34) from wire mesh_tile.$flatten\router_inst.$53\next_n[33:0].
Removed top 1 bits (of 34) from wire mesh_tile.$flatten\router_inst.$54\next_n[33:0].
Removed top 1 bits (of 34) from wire mesh_tile.$flatten\router_inst.$54\next_ne[33:0].
Removed top 1 bits (of 34) from wire mesh_tile.$flatten\router_inst.$56\next_nw[33:0].
Removed top 1 bits (of 34) from wire mesh_tile.$flatten\router_inst.$56\next_s[33:0].
Removed top 3 bits (of 34) from wire mesh_tile.$flatten\router_inst.$58\next_e[33:0].
Removed top 1 bits (of 34) from wire mesh_tile.$flatten\router_inst.$58\next_w[33:0].
Removed top 21 bits (of 34) from wire mesh_tile.$flatten\router_inst.$59\next_e[33:0].
Removed top 8 bits (of 34) from wire mesh_tile.$flatten\router_inst.$59\next_n[33:0].
Removed top 5 bits (of 34) from wire mesh_tile.$flatten\router_inst.$59\next_w[33:0].
Removed top 3 bits (of 34) from wire mesh_tile.$flatten\router_inst.$60\next_e[33:0].
Removed top 11 bits (of 34) from wire mesh_tile.$flatten\router_inst.$60\next_n[33:0].
Removed top 1 bits (of 34) from wire mesh_tile.$flatten\router_inst.$60\next_w[33:0].
Removed top 15 bits (of 34) from wire mesh_tile.$flatten\router_inst.$61\next_n[33:0].
Removed top 9 bits (of 34) from wire mesh_tile.$flatten\router_inst.$62\next_n[33:0].
Removed top 1 bits (of 34) from wire mesh_tile.$flatten\router_inst.$63\next_n[33:0].
Removed top 1 bits (of 34) from wire mesh_tile.$flatten\router_inst.$63\next_nw[33:0].
Removed top 1 bits (of 34) from wire mesh_tile.$flatten\router_inst.$64\next_s[33:0].
Removed top 3 bits (of 34) from wire mesh_tile.$flatten\router_inst.$68\next_e[33:0].
Removed top 9 bits (of 34) from wire mesh_tile.$flatten\router_inst.$68\next_n[33:0].
Removed top 1 bits (of 34) from wire mesh_tile.$flatten\router_inst.$68\next_w[33:0].
Removed top 21 bits (of 34) from wire mesh_tile.$flatten\router_inst.$69\next_e[33:0].
Removed top 12 bits (of 34) from wire mesh_tile.$flatten\router_inst.$69\next_n[33:0].
Removed top 5 bits (of 34) from wire mesh_tile.$flatten\router_inst.$69\next_w[33:0].
Removed top 3 bits (of 34) from wire mesh_tile.$flatten\router_inst.$70\next_e[33:0].
Removed top 1 bits (of 34) from wire mesh_tile.$flatten\router_inst.$70\next_w[33:0].
Removed top 10 bits (of 34) from wire mesh_tile.$flatten\router_inst.$71\next_n[33:0].
Removed top 1 bits (of 34) from wire mesh_tile.$flatten\router_inst.$72\next_n[33:0].
Removed top 1 bits (of 34) from wire mesh_tile.$flatten\router_inst.$72\next_s[33:0].
Removed top 10 bits (of 34) from wire mesh_tile.$flatten\router_inst.$77\next_n[33:0].
Removed top 13 bits (of 34) from wire mesh_tile.$flatten\router_inst.$78\next_n[33:0].
Removed top 6 bits (of 34) from wire mesh_tile.$flatten\router_inst.$79\next_e[33:0].
Removed top 1 bits (of 34) from wire mesh_tile.$flatten\router_inst.$79\next_n[33:0].
Removed top 6 bits (of 34) from wire mesh_tile.$flatten\router_inst.$79\next_w[33:0].
Removed top 4 bits (of 34) from wire mesh_tile.$flatten\router_inst.$80\next_e[33:0].
Removed top 11 bits (of 34) from wire mesh_tile.$flatten\router_inst.$80\next_n[33:0].
Removed top 2 bits (of 34) from wire mesh_tile.$flatten\router_inst.$80\next_w[33:0].
Removed top 1 bits (of 34) from wire mesh_tile.$flatten\router_inst.$81\next_n[33:0].
Removed top 5 bits (of 34) from wire mesh_tile.$flatten\router_inst.$88\next_e[33:0].
Removed top 3 bits (of 34) from wire mesh_tile.$flatten\router_inst.$88\next_w[33:0].
Removed top 23 bits (of 34) from wire mesh_tile.$flatten\router_inst.$89\next_e[33:0].
Removed top 7 bits (of 34) from wire mesh_tile.$flatten\router_inst.$89\next_w[33:0].
Removed top 1 bits (of 34) from wire mesh_tile.$flatten\router_inst.$8\next_se[33:0].
Removed top 5 bits (of 34) from wire mesh_tile.$flatten\router_inst.$90\next_e[33:0].
Removed top 3 bits (of 34) from wire mesh_tile.$flatten\router_inst.$90\next_w[33:0].
Removed top 30 bits (of 32) from wire mesh_tile.$flatten\router_inst.$add$/home/etcfranc/NoCNoC/src/mesh$20-$20Psi&Aan/mesh_router.v:176$86_Y.
Removed top 29 bits (of 32) from wire mesh_tile.$flatten\router_inst.$add$/home/etcfranc/NoCNoC/src/mesh$20-$20Psi&Aan/mesh_router.v:218$90_Y.
Removed top 1 bits (of 3) from wire mesh_tile.$flatten\router_inst.$procmux$8575_Y.
Removed top 1 bits (of 34) from wire mesh_tile.$flatten\router_inst.$procmux$8594_Y.
Removed top 5 bits (of 8) from wire mesh_tile.final_d.
Removed top 5 bits (of 34) from wire mesh_tile.router_eject_head.

91. Executing PEEPOPT pass (run peephole optimizers).

92. Executing OPT_CLEAN pass (remove unused cells and wires).
Finding unused cells or wires in module \mesh_tile..
Removed 0 unused cells and 133 unused wires.
<suppressed ~1 debug messages>

93. Executing ALUMACC pass (create $alu and $macc cells).
Extracting $alu and $macc cells in module mesh_tile:
  creating $macc model for $flatten\core_inst.\rf_mem_if.$add$/home/etcfranc/NoCNoC/src/serv/servile/servile_rf_mem_if.v:63$451 ($add).
  creating $macc model for $flatten\core_inst.\servile.\cpu.\alu.$add$/home/etcfranc/NoCNoC/src/serv/rtl/serv_alu.v:45$623 ($add).
  creating $macc model for $flatten\core_inst.\servile.\cpu.\alu.$add$/home/etcfranc/NoCNoC/src/serv/rtl/serv_alu.v:45$624 ($add).
  creating $macc model for $flatten\core_inst.\servile.\cpu.\alu.$add$/home/etcfranc/NoCNoC/src/serv/rtl/serv_alu.v:47$626 ($add).
  creating $macc model for $flatten\core_inst.\servile.\cpu.\alu.$add$/home/etcfranc/NoCNoC/src/serv/rtl/serv_alu.v:47$627 ($add).
  creating $macc model for $flatten\core_inst.\servile.\cpu.\bufreg.$add$/home/etcfranc/NoCNoC/src/serv/rtl/serv_bufreg.v:52$730 ($add).
  creating $macc model for $flatten\core_inst.\servile.\cpu.\bufreg.$add$/home/etcfranc/NoCNoC/src/serv/rtl/serv_bufreg.v:52$731 ($add).
  creating $macc model for $flatten\core_inst.\servile.\cpu.\bufreg2.$sub$/home/etcfranc/NoCNoC/src/serv/rtl/serv_bufreg2.v:76$724 ($sub).
  creating $macc model for $flatten\core_inst.\servile.\cpu.\ctrl.$add$/home/etcfranc/NoCNoC/src/serv/rtl/serv_ctrl.v:70$648 ($add).
  creating $macc model for $flatten\core_inst.\servile.\cpu.\ctrl.$add$/home/etcfranc/NoCNoC/src/serv/rtl/serv_ctrl.v:70$649 ($add).
  creating $macc model for $flatten\core_inst.\servile.\cpu.\ctrl.$add$/home/etcfranc/NoCNoC/src/serv/rtl/serv_ctrl.v:87$656 ($add).
  creating $macc model for $flatten\core_inst.\servile.\cpu.\ctrl.$add$/home/etcfranc/NoCNoC/src/serv/rtl/serv_ctrl.v:87$657 ($add).
  creating $macc model for $flatten\core_inst.\servile.\cpu.\state.$add$/home/etcfranc/NoCNoC/src/serv/rtl/serv_state.v:199$988 ($add).
  creating $macc model for $flatten\core_inst.\servile.\rf_ram_if.$add$/home/etcfranc/NoCNoC/src/serv/rtl/serv_rf_ram_if.v:163$475 ($add).
  creating $macc model for $flatten\core_inst.\servile.\rf_ram_if.$sub$/home/etcfranc/NoCNoC/src/serv/rtl/serv_rf_ram_if.v:100$467 ($sub).
  creating $macc model for $flatten\router_inst.$add$/home/etcfranc/NoCNoC/src/mesh$20-$20Psi&Aan/mesh_router.v:176$86 ($add).
  creating $macc model for $flatten\router_inst.$add$/home/etcfranc/NoCNoC/src/mesh$20-$20Psi&Aan/mesh_router.v:215$87 ($add).
  creating $macc model for $flatten\router_inst.$add$/home/etcfranc/NoCNoC/src/mesh$20-$20Psi&Aan/mesh_router.v:218$90 ($add).
  creating $macc model for $flatten\router_inst.$sub$/home/etcfranc/NoCNoC/src/mesh$20-$20Psi&Aan/mesh_router.v:219$93 ($sub).
  merging $macc model for $flatten\core_inst.\servile.\cpu.\ctrl.$add$/home/etcfranc/NoCNoC/src/serv/rtl/serv_ctrl.v:87$656 into $flatten\core_inst.\servile.\cpu.\ctrl.$add$/home/etcfranc/NoCNoC/src/serv/rtl/serv_ctrl.v:87$657.
  merging $macc model for $flatten\core_inst.\servile.\cpu.\ctrl.$add$/home/etcfranc/NoCNoC/src/serv/rtl/serv_ctrl.v:70$648 into $flatten\core_inst.\servile.\cpu.\ctrl.$add$/home/etcfranc/NoCNoC/src/serv/rtl/serv_ctrl.v:70$649.
  merging $macc model for $flatten\core_inst.\servile.\cpu.\bufreg.$add$/home/etcfranc/NoCNoC/src/serv/rtl/serv_bufreg.v:52$730 into $flatten\core_inst.\servile.\cpu.\bufreg.$add$/home/etcfranc/NoCNoC/src/serv/rtl/serv_bufreg.v:52$731.
  merging $macc model for $flatten\core_inst.\servile.\cpu.\alu.$add$/home/etcfranc/NoCNoC/src/serv/rtl/serv_alu.v:47$626 into $flatten\core_inst.\servile.\cpu.\alu.$add$/home/etcfranc/NoCNoC/src/serv/rtl/serv_alu.v:47$627.
  merging $macc model for $flatten\core_inst.\servile.\cpu.\alu.$add$/home/etcfranc/NoCNoC/src/serv/rtl/serv_alu.v:45$623 into $flatten\core_inst.\servile.\cpu.\alu.$add$/home/etcfranc/NoCNoC/src/serv/rtl/serv_alu.v:45$624.
  creating $alu model for $macc $flatten\core_inst.\servile.\rf_ram_if.$add$/home/etcfranc/NoCNoC/src/serv/rtl/serv_rf_ram_if.v:163$475.
  creating $alu model for $macc $flatten\core_inst.\servile.\cpu.\state.$add$/home/etcfranc/NoCNoC/src/serv/rtl/serv_state.v:199$988.
  creating $alu model for $macc $flatten\core_inst.\servile.\cpu.\ctrl.$add$/home/etcfranc/NoCNoC/src/serv/rtl/serv_ctrl.v:87$657.
  creating $alu model for $macc $flatten\core_inst.\servile.\rf_ram_if.$sub$/home/etcfranc/NoCNoC/src/serv/rtl/serv_rf_ram_if.v:100$467.
  creating $alu model for $macc $flatten\core_inst.\servile.\cpu.\ctrl.$add$/home/etcfranc/NoCNoC/src/serv/rtl/serv_ctrl.v:70$649.
  creating $alu model for $macc $flatten\router_inst.$add$/home/etcfranc/NoCNoC/src/mesh$20-$20Psi&Aan/mesh_router.v:176$86.
  creating $alu model for $macc $flatten\core_inst.\servile.\cpu.\bufreg2.$sub$/home/etcfranc/NoCNoC/src/serv/rtl/serv_bufreg2.v:76$724.
  creating $alu model for $macc $flatten\core_inst.\servile.\cpu.\bufreg.$add$/home/etcfranc/NoCNoC/src/serv/rtl/serv_bufreg.v:52$731.
  creating $alu model for $macc $flatten\router_inst.$add$/home/etcfranc/NoCNoC/src/mesh$20-$20Psi&Aan/mesh_router.v:215$87.
  creating $alu model for $macc $flatten\core_inst.\servile.\cpu.\alu.$add$/home/etcfranc/NoCNoC/src/serv/rtl/serv_alu.v:47$627.
  creating $alu model for $macc $flatten\router_inst.$add$/home/etcfranc/NoCNoC/src/mesh$20-$20Psi&Aan/mesh_router.v:218$90.
  creating $alu model for $macc $flatten\core_inst.\servile.\cpu.\alu.$add$/home/etcfranc/NoCNoC/src/serv/rtl/serv_alu.v:45$624.
  creating $alu model for $macc $flatten\router_inst.$sub$/home/etcfranc/NoCNoC/src/mesh$20-$20Psi&Aan/mesh_router.v:219$93.
  creating $alu model for $macc $flatten\core_inst.\rf_mem_if.$add$/home/etcfranc/NoCNoC/src/serv/servile/servile_rf_mem_if.v:63$451.
  creating $alu model for $flatten\router_inst.$gt$/home/etcfranc/NoCNoC/src/mesh$20-$20Psi&Aan/mesh_router.v:266$146 ($gt): new $alu
  creating $alu model for $flatten\router_inst.$gt$/home/etcfranc/NoCNoC/src/mesh$20-$20Psi&Aan/mesh_router.v:266$147 ($gt): new $alu
  creating $alu model for $flatten\router_inst.$gt$/home/etcfranc/NoCNoC/src/mesh$20-$20Psi&Aan/mesh_router.v:266$178 ($gt): new $alu
  creating $alu model for $flatten\router_inst.$gt$/home/etcfranc/NoCNoC/src/mesh$20-$20Psi&Aan/mesh_router.v:266$179 ($gt): new $alu
  creating $alu model for $flatten\router_inst.$gt$/home/etcfranc/NoCNoC/src/mesh$20-$20Psi&Aan/mesh_router.v:266$210 ($gt): new $alu
  creating $alu model for $flatten\router_inst.$gt$/home/etcfranc/NoCNoC/src/mesh$20-$20Psi&Aan/mesh_router.v:266$211 ($gt): new $alu
  creating $alu model for $flatten\router_inst.$gt$/home/etcfranc/NoCNoC/src/mesh$20-$20Psi&Aan/mesh_router.v:266$242 ($gt): new $alu
  creating $alu model for $flatten\router_inst.$gt$/home/etcfranc/NoCNoC/src/mesh$20-$20Psi&Aan/mesh_router.v:266$243 ($gt): new $alu
  creating $alu model for $flatten\router_inst.$gt$/home/etcfranc/NoCNoC/src/mesh$20-$20Psi&Aan/mesh_router.v:266$274 ($gt): new $alu
  creating $alu model for $flatten\router_inst.$gt$/home/etcfranc/NoCNoC/src/mesh$20-$20Psi&Aan/mesh_router.v:266$275 ($gt): new $alu
  creating $alu model for $flatten\router_inst.$gt$/home/etcfranc/NoCNoC/src/mesh$20-$20Psi&Aan/mesh_router.v:266$306 ($gt): new $alu
  creating $alu model for $flatten\router_inst.$gt$/home/etcfranc/NoCNoC/src/mesh$20-$20Psi&Aan/mesh_router.v:266$307 ($gt): new $alu
  creating $alu model for $flatten\router_inst.$gt$/home/etcfranc/NoCNoC/src/mesh$20-$20Psi&Aan/mesh_router.v:266$338 ($gt): new $alu
  creating $alu model for $flatten\router_inst.$gt$/home/etcfranc/NoCNoC/src/mesh$20-$20Psi&Aan/mesh_router.v:266$339 ($gt): new $alu
  creating $alu model for $flatten\router_inst.$gt$/home/etcfranc/NoCNoC/src/mesh$20-$20Psi&Aan/mesh_router.v:266$370 ($gt): new $alu
  creating $alu model for $flatten\router_inst.$gt$/home/etcfranc/NoCNoC/src/mesh$20-$20Psi&Aan/mesh_router.v:266$371 ($gt): new $alu
  creating $alu model for $flatten\router_inst.$gt$/home/etcfranc/NoCNoC/src/mesh$20-$20Psi&Aan/mesh_router.v:266$402 ($gt): new $alu
  creating $alu model for $flatten\router_inst.$gt$/home/etcfranc/NoCNoC/src/mesh$20-$20Psi&Aan/mesh_router.v:266$403 ($gt): new $alu
  creating $alu model for $flatten\router_inst.$lt$/home/etcfranc/NoCNoC/src/mesh$20-$20Psi&Aan/mesh_router.v:268$151 ($lt): merged with $flatten\router_inst.$gt$/home/etcfranc/NoCNoC/src/mesh$20-$20Psi&Aan/mesh_router.v:266$147.
  creating $alu model for $flatten\router_inst.$lt$/home/etcfranc/NoCNoC/src/mesh$20-$20Psi&Aan/mesh_router.v:268$183 ($lt): merged with $flatten\router_inst.$gt$/home/etcfranc/NoCNoC/src/mesh$20-$20Psi&Aan/mesh_router.v:266$179.
  creating $alu model for $flatten\router_inst.$lt$/home/etcfranc/NoCNoC/src/mesh$20-$20Psi&Aan/mesh_router.v:268$215 ($lt): merged with $flatten\router_inst.$gt$/home/etcfranc/NoCNoC/src/mesh$20-$20Psi&Aan/mesh_router.v:266$211.
  creating $alu model for $flatten\router_inst.$lt$/home/etcfranc/NoCNoC/src/mesh$20-$20Psi&Aan/mesh_router.v:268$247 ($lt): merged with $flatten\router_inst.$gt$/home/etcfranc/NoCNoC/src/mesh$20-$20Psi&Aan/mesh_router.v:266$243.
  creating $alu model for $flatten\router_inst.$lt$/home/etcfranc/NoCNoC/src/mesh$20-$20Psi&Aan/mesh_router.v:268$279 ($lt): merged with $flatten\router_inst.$gt$/home/etcfranc/NoCNoC/src/mesh$20-$20Psi&Aan/mesh_router.v:266$275.
  creating $alu model for $flatten\router_inst.$lt$/home/etcfranc/NoCNoC/src/mesh$20-$20Psi&Aan/mesh_router.v:268$311 ($lt): merged with $flatten\router_inst.$gt$/home/etcfranc/NoCNoC/src/mesh$20-$20Psi&Aan/mesh_router.v:266$307.
  creating $alu model for $flatten\router_inst.$lt$/home/etcfranc/NoCNoC/src/mesh$20-$20Psi&Aan/mesh_router.v:268$343 ($lt): merged with $flatten\router_inst.$gt$/home/etcfranc/NoCNoC/src/mesh$20-$20Psi&Aan/mesh_router.v:266$339.
  creating $alu model for $flatten\router_inst.$lt$/home/etcfranc/NoCNoC/src/mesh$20-$20Psi&Aan/mesh_router.v:268$375 ($lt): merged with $flatten\router_inst.$gt$/home/etcfranc/NoCNoC/src/mesh$20-$20Psi&Aan/mesh_router.v:266$371.
  creating $alu model for $flatten\router_inst.$lt$/home/etcfranc/NoCNoC/src/mesh$20-$20Psi&Aan/mesh_router.v:268$407 ($lt): merged with $flatten\router_inst.$gt$/home/etcfranc/NoCNoC/src/mesh$20-$20Psi&Aan/mesh_router.v:266$403.
  creating $alu model for $flatten\router_inst.$lt$/home/etcfranc/NoCNoC/src/mesh$20-$20Psi&Aan/mesh_router.v:270$154 ($lt): merged with $flatten\router_inst.$gt$/home/etcfranc/NoCNoC/src/mesh$20-$20Psi&Aan/mesh_router.v:266$146.
  creating $alu model for $flatten\router_inst.$lt$/home/etcfranc/NoCNoC/src/mesh$20-$20Psi&Aan/mesh_router.v:270$186 ($lt): merged with $flatten\router_inst.$gt$/home/etcfranc/NoCNoC/src/mesh$20-$20Psi&Aan/mesh_router.v:266$178.
  creating $alu model for $flatten\router_inst.$lt$/home/etcfranc/NoCNoC/src/mesh$20-$20Psi&Aan/mesh_router.v:270$218 ($lt): merged with $flatten\router_inst.$gt$/home/etcfranc/NoCNoC/src/mesh$20-$20Psi&Aan/mesh_router.v:266$210.
  creating $alu model for $flatten\router_inst.$lt$/home/etcfranc/NoCNoC/src/mesh$20-$20Psi&Aan/mesh_router.v:270$250 ($lt): merged with $flatten\router_inst.$gt$/home/etcfranc/NoCNoC/src/mesh$20-$20Psi&Aan/mesh_router.v:266$242.
  creating $alu model for $flatten\router_inst.$lt$/home/etcfranc/NoCNoC/src/mesh$20-$20Psi&Aan/mesh_router.v:270$282 ($lt): merged with $flatten\router_inst.$gt$/home/etcfranc/NoCNoC/src/mesh$20-$20Psi&Aan/mesh_router.v:266$274.
  creating $alu model for $flatten\router_inst.$lt$/home/etcfranc/NoCNoC/src/mesh$20-$20Psi&Aan/mesh_router.v:270$314 ($lt): merged with $flatten\router_inst.$gt$/home/etcfranc/NoCNoC/src/mesh$20-$20Psi&Aan/mesh_router.v:266$306.
  creating $alu model for $flatten\router_inst.$lt$/home/etcfranc/NoCNoC/src/mesh$20-$20Psi&Aan/mesh_router.v:270$346 ($lt): merged with $flatten\router_inst.$gt$/home/etcfranc/NoCNoC/src/mesh$20-$20Psi&Aan/mesh_router.v:266$338.
  creating $alu model for $flatten\router_inst.$lt$/home/etcfranc/NoCNoC/src/mesh$20-$20Psi&Aan/mesh_router.v:270$378 ($lt): merged with $flatten\router_inst.$gt$/home/etcfranc/NoCNoC/src/mesh$20-$20Psi&Aan/mesh_router.v:266$370.
  creating $alu model for $flatten\router_inst.$lt$/home/etcfranc/NoCNoC/src/mesh$20-$20Psi&Aan/mesh_router.v:270$410 ($lt): merged with $flatten\router_inst.$gt$/home/etcfranc/NoCNoC/src/mesh$20-$20Psi&Aan/mesh_router.v:266$402.
  creating $alu cell for $flatten\router_inst.$gt$/home/etcfranc/NoCNoC/src/mesh$20-$20Psi&Aan/mesh_router.v:266$403, $flatten\router_inst.$lt$/home/etcfranc/NoCNoC/src/mesh$20-$20Psi&Aan/mesh_router.v:268$407: $auto$alumacc.cc:512:replace_alu$9021
  creating $alu cell for $flatten\router_inst.$gt$/home/etcfranc/NoCNoC/src/mesh$20-$20Psi&Aan/mesh_router.v:266$402, $flatten\router_inst.$lt$/home/etcfranc/NoCNoC/src/mesh$20-$20Psi&Aan/mesh_router.v:270$410: $auto$alumacc.cc:512:replace_alu$9032
  creating $alu cell for $flatten\router_inst.$gt$/home/etcfranc/NoCNoC/src/mesh$20-$20Psi&Aan/mesh_router.v:266$371, $flatten\router_inst.$lt$/home/etcfranc/NoCNoC/src/mesh$20-$20Psi&Aan/mesh_router.v:268$375: $auto$alumacc.cc:512:replace_alu$9043
  creating $alu cell for $flatten\router_inst.$gt$/home/etcfranc/NoCNoC/src/mesh$20-$20Psi&Aan/mesh_router.v:266$370, $flatten\router_inst.$lt$/home/etcfranc/NoCNoC/src/mesh$20-$20Psi&Aan/mesh_router.v:270$378: $auto$alumacc.cc:512:replace_alu$9054
  creating $alu cell for $flatten\router_inst.$gt$/home/etcfranc/NoCNoC/src/mesh$20-$20Psi&Aan/mesh_router.v:266$339, $flatten\router_inst.$lt$/home/etcfranc/NoCNoC/src/mesh$20-$20Psi&Aan/mesh_router.v:268$343: $auto$alumacc.cc:512:replace_alu$9065
  creating $alu cell for $flatten\router_inst.$gt$/home/etcfranc/NoCNoC/src/mesh$20-$20Psi&Aan/mesh_router.v:266$338, $flatten\router_inst.$lt$/home/etcfranc/NoCNoC/src/mesh$20-$20Psi&Aan/mesh_router.v:270$346: $auto$alumacc.cc:512:replace_alu$9076
  creating $alu cell for $flatten\router_inst.$gt$/home/etcfranc/NoCNoC/src/mesh$20-$20Psi&Aan/mesh_router.v:266$307, $flatten\router_inst.$lt$/home/etcfranc/NoCNoC/src/mesh$20-$20Psi&Aan/mesh_router.v:268$311: $auto$alumacc.cc:512:replace_alu$9087
  creating $alu cell for $flatten\router_inst.$gt$/home/etcfranc/NoCNoC/src/mesh$20-$20Psi&Aan/mesh_router.v:266$306, $flatten\router_inst.$lt$/home/etcfranc/NoCNoC/src/mesh$20-$20Psi&Aan/mesh_router.v:270$314: $auto$alumacc.cc:512:replace_alu$9098
  creating $alu cell for $flatten\router_inst.$gt$/home/etcfranc/NoCNoC/src/mesh$20-$20Psi&Aan/mesh_router.v:266$275, $flatten\router_inst.$lt$/home/etcfranc/NoCNoC/src/mesh$20-$20Psi&Aan/mesh_router.v:268$279: $auto$alumacc.cc:512:replace_alu$9109
  creating $alu cell for $flatten\router_inst.$gt$/home/etcfranc/NoCNoC/src/mesh$20-$20Psi&Aan/mesh_router.v:266$274, $flatten\router_inst.$lt$/home/etcfranc/NoCNoC/src/mesh$20-$20Psi&Aan/mesh_router.v:270$282: $auto$alumacc.cc:512:replace_alu$9120
  creating $alu cell for $flatten\router_inst.$gt$/home/etcfranc/NoCNoC/src/mesh$20-$20Psi&Aan/mesh_router.v:266$243, $flatten\router_inst.$lt$/home/etcfranc/NoCNoC/src/mesh$20-$20Psi&Aan/mesh_router.v:268$247: $auto$alumacc.cc:512:replace_alu$9131
  creating $alu cell for $flatten\router_inst.$gt$/home/etcfranc/NoCNoC/src/mesh$20-$20Psi&Aan/mesh_router.v:266$242, $flatten\router_inst.$lt$/home/etcfranc/NoCNoC/src/mesh$20-$20Psi&Aan/mesh_router.v:270$250: $auto$alumacc.cc:512:replace_alu$9142
  creating $alu cell for $flatten\router_inst.$gt$/home/etcfranc/NoCNoC/src/mesh$20-$20Psi&Aan/mesh_router.v:266$211, $flatten\router_inst.$lt$/home/etcfranc/NoCNoC/src/mesh$20-$20Psi&Aan/mesh_router.v:268$215: $auto$alumacc.cc:512:replace_alu$9153
  creating $alu cell for $flatten\router_inst.$gt$/home/etcfranc/NoCNoC/src/mesh$20-$20Psi&Aan/mesh_router.v:266$210, $flatten\router_inst.$lt$/home/etcfranc/NoCNoC/src/mesh$20-$20Psi&Aan/mesh_router.v:270$218: $auto$alumacc.cc:512:replace_alu$9164
  creating $alu cell for $flatten\router_inst.$gt$/home/etcfranc/NoCNoC/src/mesh$20-$20Psi&Aan/mesh_router.v:266$179, $flatten\router_inst.$lt$/home/etcfranc/NoCNoC/src/mesh$20-$20Psi&Aan/mesh_router.v:268$183: $auto$alumacc.cc:512:replace_alu$9175
  creating $alu cell for $flatten\router_inst.$gt$/home/etcfranc/NoCNoC/src/mesh$20-$20Psi&Aan/mesh_router.v:266$178, $flatten\router_inst.$lt$/home/etcfranc/NoCNoC/src/mesh$20-$20Psi&Aan/mesh_router.v:270$186: $auto$alumacc.cc:512:replace_alu$9186
  creating $alu cell for $flatten\router_inst.$gt$/home/etcfranc/NoCNoC/src/mesh$20-$20Psi&Aan/mesh_router.v:266$147, $flatten\router_inst.$lt$/home/etcfranc/NoCNoC/src/mesh$20-$20Psi&Aan/mesh_router.v:268$151: $auto$alumacc.cc:512:replace_alu$9197
  creating $alu cell for $flatten\router_inst.$gt$/home/etcfranc/NoCNoC/src/mesh$20-$20Psi&Aan/mesh_router.v:266$146, $flatten\router_inst.$lt$/home/etcfranc/NoCNoC/src/mesh$20-$20Psi&Aan/mesh_router.v:270$154: $auto$alumacc.cc:512:replace_alu$9208
  creating $alu cell for $flatten\core_inst.\rf_mem_if.$add$/home/etcfranc/NoCNoC/src/serv/servile/servile_rf_mem_if.v:63$451: $auto$alumacc.cc:512:replace_alu$9219
  creating $alu cell for $flatten\router_inst.$sub$/home/etcfranc/NoCNoC/src/mesh$20-$20Psi&Aan/mesh_router.v:219$93: $auto$alumacc.cc:512:replace_alu$9222
  creating $alu cell for $flatten\core_inst.\servile.\cpu.\alu.$add$/home/etcfranc/NoCNoC/src/serv/rtl/serv_alu.v:45$624: $auto$alumacc.cc:512:replace_alu$9225
  creating $alu cell for $flatten\router_inst.$add$/home/etcfranc/NoCNoC/src/mesh$20-$20Psi&Aan/mesh_router.v:218$90: $auto$alumacc.cc:512:replace_alu$9228
  creating $alu cell for $flatten\core_inst.\servile.\cpu.\alu.$add$/home/etcfranc/NoCNoC/src/serv/rtl/serv_alu.v:47$627: $auto$alumacc.cc:512:replace_alu$9231
  creating $alu cell for $flatten\router_inst.$add$/home/etcfranc/NoCNoC/src/mesh$20-$20Psi&Aan/mesh_router.v:215$87: $auto$alumacc.cc:512:replace_alu$9234
  creating $alu cell for $flatten\core_inst.\servile.\cpu.\bufreg.$add$/home/etcfranc/NoCNoC/src/serv/rtl/serv_bufreg.v:52$731: $auto$alumacc.cc:512:replace_alu$9237
  creating $alu cell for $flatten\core_inst.\servile.\cpu.\bufreg2.$sub$/home/etcfranc/NoCNoC/src/serv/rtl/serv_bufreg2.v:76$724: $auto$alumacc.cc:512:replace_alu$9240
  creating $alu cell for $flatten\router_inst.$add$/home/etcfranc/NoCNoC/src/mesh$20-$20Psi&Aan/mesh_router.v:176$86: $auto$alumacc.cc:512:replace_alu$9243
  creating $alu cell for $flatten\core_inst.\servile.\cpu.\ctrl.$add$/home/etcfranc/NoCNoC/src/serv/rtl/serv_ctrl.v:70$649: $auto$alumacc.cc:512:replace_alu$9246
  creating $alu cell for $flatten\core_inst.\servile.\rf_ram_if.$sub$/home/etcfranc/NoCNoC/src/serv/rtl/serv_rf_ram_if.v:100$467: $auto$alumacc.cc:512:replace_alu$9249
  creating $alu cell for $flatten\core_inst.\servile.\cpu.\ctrl.$add$/home/etcfranc/NoCNoC/src/serv/rtl/serv_ctrl.v:87$657: $auto$alumacc.cc:512:replace_alu$9252
  creating $alu cell for $flatten\core_inst.\servile.\cpu.\state.$add$/home/etcfranc/NoCNoC/src/serv/rtl/serv_state.v:199$988: $auto$alumacc.cc:512:replace_alu$9255
  creating $alu cell for $flatten\core_inst.\servile.\rf_ram_if.$add$/home/etcfranc/NoCNoC/src/serv/rtl/serv_rf_ram_if.v:163$475: $auto$alumacc.cc:512:replace_alu$9258
  created 32 $alu and 0 $macc cells.

94. Executing SHARE pass (SAT-based resource sharing).

95. Executing OPT_EXPR pass (perform const folding).
Optimizing module mesh_tile.
<suppressed ~500 debug messages>

96. Executing OPT_MERGE pass (detect identical cells).
Finding identical cells in module `\mesh_tile'.
Computing hashes of 942 cells of `\mesh_tile'.
Finding duplicate cells in `\mesh_tile'.
Computing hashes of 939 cells of `\mesh_tile'.
Finding duplicate cells in `\mesh_tile'.
<suppressed ~9 debug messages>
Removed a total of 3 cells.

97. Executing OPT_MUXTREE pass (detect dead branches in mux trees).
Running muxtree optimizer on module \mesh_tile..
  Creating internal representation of mux trees.
  Evaluating internal representation of mux trees.
  Analyzing evaluation results.
Removed 0 multiplexer ports.
<suppressed ~398 debug messages>

98. Executing OPT_REDUCE pass (consolidate $*mux and $reduce_* inputs).
  Optimizing cells in module \mesh_tile.
Performed a total of 0 changes.

99. Executing OPT_MERGE pass (detect identical cells).
Finding identical cells in module `\mesh_tile'.
Computing hashes of 939 cells of `\mesh_tile'.
Finding duplicate cells in `\mesh_tile'.
Removed a total of 0 cells.

100. Executing OPT_DFF pass (perform DFF optimizations).
Setting constant 0-bit at position 0 on $auto$ff.cc:337:slice$8815 ($sdff) from module mesh_tile.
Setting constant 0-bit at position 1 on $auto$ff.cc:337:slice$8815 ($sdff) from module mesh_tile.
Setting constant 0-bit at position 2 on $auto$ff.cc:337:slice$8815 ($sdff) from module mesh_tile.
Setting constant 0-bit at position 3 on $auto$ff.cc:337:slice$8815 ($sdff) from module mesh_tile.
Setting constant 0-bit at position 4 on $auto$ff.cc:337:slice$8815 ($sdff) from module mesh_tile.
Setting constant 0-bit at position 5 on $auto$ff.cc:337:slice$8815 ($sdff) from module mesh_tile.
Setting constant 0-bit at position 6 on $auto$ff.cc:337:slice$8815 ($sdff) from module mesh_tile.
Setting constant 0-bit at position 7 on $auto$ff.cc:337:slice$8815 ($sdff) from module mesh_tile.
Setting constant 0-bit at position 8 on $auto$ff.cc:337:slice$8815 ($sdff) from module mesh_tile.
Setting constant 0-bit at position 9 on $auto$ff.cc:337:slice$8815 ($sdff) from module mesh_tile.
Setting constant 0-bit at position 10 on $auto$ff.cc:337:slice$8815 ($sdff) from module mesh_tile.
Setting constant 0-bit at position 11 on $auto$ff.cc:337:slice$8815 ($sdff) from module mesh_tile.
Setting constant 0-bit at position 12 on $auto$ff.cc:337:slice$8815 ($sdff) from module mesh_tile.
Setting constant 0-bit at position 13 on $auto$ff.cc:337:slice$8815 ($sdff) from module mesh_tile.
Setting constant 0-bit at position 14 on $auto$ff.cc:337:slice$8815 ($sdff) from module mesh_tile.
Setting constant 0-bit at position 15 on $auto$ff.cc:337:slice$8815 ($sdff) from module mesh_tile.
Setting constant 0-bit at position 16 on $auto$ff.cc:337:slice$8815 ($sdff) from module mesh_tile.
Setting constant 0-bit at position 17 on $auto$ff.cc:337:slice$8815 ($sdff) from module mesh_tile.
Setting constant 0-bit at position 18 on $auto$ff.cc:337:slice$8815 ($sdff) from module mesh_tile.
Setting constant 0-bit at position 19 on $auto$ff.cc:337:slice$8815 ($sdff) from module mesh_tile.
Setting constant 0-bit at position 20 on $auto$ff.cc:337:slice$8815 ($sdff) from module mesh_tile.
Setting constant 0-bit at position 21 on $auto$ff.cc:337:slice$8815 ($sdff) from module mesh_tile.
Setting constant 0-bit at position 22 on $auto$ff.cc:337:slice$8815 ($sdff) from module mesh_tile.
Setting constant 0-bit at position 23 on $auto$ff.cc:337:slice$8815 ($sdff) from module mesh_tile.
Setting constant 0-bit at position 24 on $auto$ff.cc:337:slice$8815 ($sdff) from module mesh_tile.
Setting constant 0-bit at position 25 on $auto$ff.cc:337:slice$8815 ($sdff) from module mesh_tile.
Setting constant 0-bit at position 26 on $auto$ff.cc:337:slice$8815 ($sdff) from module mesh_tile.
Setting constant 0-bit at position 27 on $auto$ff.cc:337:slice$8815 ($sdff) from module mesh_tile.
Setting constant 0-bit at position 28 on $auto$ff.cc:337:slice$8815 ($sdff) from module mesh_tile.
Setting constant 0-bit at position 29 on $auto$ff.cc:337:slice$8815 ($sdff) from module mesh_tile.
Setting constant 0-bit at position 30 on $auto$ff.cc:337:slice$8815 ($sdff) from module mesh_tile.
Setting constant 0-bit at position 31 on $auto$ff.cc:337:slice$8815 ($sdff) from module mesh_tile.
Setting constant 0-bit at position 32 on $auto$ff.cc:337:slice$8815 ($sdff) from module mesh_tile.
Setting constant 0-bit at position 33 on $auto$ff.cc:337:slice$8815 ($sdff) from module mesh_tile.

101. Executing OPT_CLEAN pass (remove unused cells and wires).
Finding unused cells or wires in module \mesh_tile..
Removed 5 unused cells and 492 unused wires.
<suppressed ~24 debug messages>

102. Executing OPT_EXPR pass (perform const folding).
Optimizing module mesh_tile.

103. Rerunning OPT passes. (Maybe there is more to do…)

104. Executing OPT_MUXTREE pass (detect dead branches in mux trees).
Running muxtree optimizer on module \mesh_tile..
  Creating internal representation of mux trees.
  Evaluating internal representation of mux trees.
  Analyzing evaluation results.
Removed 0 multiplexer ports.
<suppressed ~398 debug messages>

105. Executing OPT_REDUCE pass (consolidate $*mux and $reduce_* inputs).
  Optimizing cells in module \mesh_tile.
Performed a total of 0 changes.

106. Executing OPT_MERGE pass (detect identical cells).
Finding identical cells in module `\mesh_tile'.
Computing hashes of 915 cells of `\mesh_tile'.
Finding duplicate cells in `\mesh_tile'.
Removed a total of 0 cells.

107. Executing OPT_DFF pass (perform DFF optimizations).

108. Executing OPT_CLEAN pass (remove unused cells and wires).
Finding unused cells or wires in module \mesh_tile..

109. Executing OPT_EXPR pass (perform const folding).
Optimizing module mesh_tile.

110. Executing MEMORY pass.

110.1. Executing OPT_MEM pass (optimize memories).
Performed a total of 0 transformations.

110.2. Executing OPT_MEM_PRIORITY pass (removing unnecessary memory write priority relations).
Performed a total of 6 transformations.

110.3. Executing OPT_MEM_FEEDBACK pass (finding memory read-to-write feedback paths).
  Analyzing mesh_tile.router_inst.fifo_mem write port 0.
  Analyzing mesh_tile.router_inst.fifo_mem write port 1.
  Analyzing mesh_tile.router_inst.fifo_mem write port 2.
  Analyzing mesh_tile.router_inst.fifo_mem write port 3.
  Analyzing mesh_tile.router_inst.fifo_mem write port 4.

110.4. Executing MEMORY_BMUX2ROM pass (converting muxes to ROMs).

110.5. Executing MEMORY_DFF pass (merging $dff cells to $memrd).
Checking read port `\router_inst.fifo_mem'[0] in module `\mesh_tile': no output FF found.
Checking read port address `\router_inst.fifo_mem'[0] in module `\mesh_tile': merged address FF to cell.

110.6. Executing OPT_CLEAN pass (remove unused cells and wires).
Finding unused cells or wires in module \mesh_tile..

110.7. Executing MEMORY_SHARE pass (consolidating $memrd/$memwr cells).
Consolidating write ports of memory mesh_tile.router_inst.fifo_mem by address:
  Merging ports 0, 1 (address 2'00).
  Merging ports 0, 2 (address 2'00).
Consolidating write ports of memory mesh_tile.router_inst.fifo_mem by address:
Consolidating write ports of memory mesh_tile.router_inst.fifo_mem using sat-based resource sharing:
  Checking group clocked with posedge \clk, width 34: ports 1, 2.
  Common input cone for all EN signals: 76 cells.
  Size of unconstrained SAT problem: 6873 variables, 17755 clauses
  Merging port 2 into port 1.

110.8. Executing OPT_MEM_WIDEN pass (optimize memories where all ports are wide).
Performed a total of 0 transformations.

110.9. Executing OPT_CLEAN pass (remove unused cells and wires).
Finding unused cells or wires in module \mesh_tile..

110.10. Executing MEMORY_COLLECT pass (generating $mem cells).

111. Executing OPT_CLEAN pass (remove unused cells and wires).
Finding unused cells or wires in module \mesh_tile..

112. Executing OPT_EXPR pass (perform const folding).
Optimizing module mesh_tile.
<suppressed ~30 debug messages>

113. Executing OPT_MERGE pass (detect identical cells).
Finding identical cells in module `\mesh_tile'.
Computing hashes of 908 cells of `\mesh_tile'.
Finding duplicate cells in `\mesh_tile'.
Removed a total of 0 cells.

114. Executing OPT_DFF pass (perform DFF optimizations).

115. Executing OPT_CLEAN pass (remove unused cells and wires).
Finding unused cells or wires in module \mesh_tile..
Removed 3 unused cells and 19 unused wires.
<suppressed ~4 debug messages>

116. Executing MEMORY_MAP pass (converting memories to logic and flip-flops).
Mapping memory \router_inst.fifo_mem in module \mesh_tile:
  created 4 $dff cells and 0 static cells of width 34.
Extracted addr FF from read port 0 of mesh_tile.router_inst.fifo_mem: $\router_inst.fifo_mem$rdreg[0]
  read interface: 1 $dff and 3 $mux cells.
  write interface: 8 write mux blocks.

117. Executing OPT_EXPR pass (perform const folding).
Optimizing module mesh_tile.
<suppressed ~10 debug messages>

118. Executing OPT_MERGE pass (detect identical cells).
Finding identical cells in module `\mesh_tile'.
Computing hashes of 929 cells of `\mesh_tile'.
Finding duplicate cells in `\mesh_tile'.
Removed a total of 0 cells.

119. Executing OPT_MUXTREE pass (detect dead branches in mux trees).
Running muxtree optimizer on module \mesh_tile..
  Creating internal representation of mux trees.
  Evaluating internal representation of mux trees.
      Replacing known input bits on port B of cell $auto$memory_share.cc:454:consolidate_wr_using_sat$9310: $auto$rtlil.cc:3341:ReduceOr$9304 -> 1'1
  Analyzing evaluation results.
Removed 0 multiplexer ports.
<suppressed ~409 debug messages>

120. Executing OPT_REDUCE pass (consolidate $*mux and $reduce_* inputs).
  Optimizing cells in module \mesh_tile.
    Consolidated identical input bits for $mux cell $flatten\router_inst.$procmux$7767:
      Old ports: A={ 1'1 \router_inst.inject_flit [32:30] \router_inst.inject_flit [28] \router_inst.inject_flit [28:0] }, B=34'0000000000000000000000000000000000, Y=$flatten\router_inst.$8\next_e[33:0]
      New ports: A={ 1'1 \router_inst.inject_flit [32:30] \router_inst.inject_flit [28:0] }, B=33'000000000000000000000000000000000, Y={ $flatten\router_inst.$8\next_e[33:0] [33:30] $flatten\router_inst.$8\next_e[33:0] [28:0] }
      New connections: $flatten\router_inst.$8\next_e[33:0] [29] = $flatten\router_inst.$8\next_e[33:0] [28]
    Consolidated identical input bits for $mux cell $flatten\router_inst.$procmux$7794:
      Old ports: A=34'0000000000000000000000000000000000, B={ 1'1 \router_inst.inject_flit [32:30] \router_inst.inject_flit [28] \router_inst.inject_flit [28:0] }, Y=$flatten\router_inst.$8\next_w[33:0]
      New ports: A=33'000000000000000000000000000000000, B={ 1'1 \router_inst.inject_flit [32:30] \router_inst.inject_flit [28:0] }, Y={ $flatten\router_inst.$8\next_w[33:0] [33:30] $flatten\router_inst.$8\next_w[33:0] [28:0] }
      New connections: $flatten\router_inst.$8\next_w[33:0] [29] = $flatten\router_inst.$8\next_w[33:0] [28]
    Consolidated identical input bits for $mux cell $flatten\router_inst.$procmux$7944:
      Old ports: A={ 1'1 \router_inst.inject_flit [32:30] \router_inst.inject_flit [28] \router_inst.inject_flit [28:0] }, B=34'0000000000000000000000000000000000, Y=$flatten\router_inst.$4\next_s[33:0]
      New ports: A={ 1'1 \router_inst.inject_flit [32:30] \router_inst.inject_flit [28:0] }, B=33'000000000000000000000000000000000, Y={ $flatten\router_inst.$4\next_s[33:0] [33:30] $flatten\router_inst.$4\next_s[33:0] [28:0] }
      New connections: $flatten\router_inst.$4\next_s[33:0] [29] = $flatten\router_inst.$4\next_s[33:0] [28]
    Consolidated identical input bits for $mux cell $flatten\router_inst.$procmux$8358:
      Old ports: A=34'0000000000000000000000000000000000, B={ 1'1 \router_inst.inject_flit [32:30] \router_inst.inject_flit [28] \router_inst.inject_flit [28:0] }, Y=$flatten\router_inst.$3\next_se[33:0]
      New ports: A=33'000000000000000000000000000000000, B={ 1'1 \router_inst.inject_flit [32:30] \router_inst.inject_flit [28:0] }, Y={ $flatten\router_inst.$3\next_se[33:0] [33:30] $flatten\router_inst.$3\next_se[33:0] [28:0] }
      New connections: $flatten\router_inst.$3\next_se[33:0] [29] = $flatten\router_inst.$3\next_se[33:0] [28]
    Consolidated identical input bits for $mux cell $flatten\router_inst.$procmux$8431:
      Old ports: A={ 1'1 \router_inst.inject_flit [32:30] \router_inst.inject_flit [28] \router_inst.inject_flit [28:0] }, B=34'0000000000000000000000000000000000, Y=$flatten\router_inst.$3\next_eject[33:0]
      New ports: A={ 1'1 \router_inst.inject_flit [32:30] \router_inst.inject_flit [28:0] }, B=33'000000000000000000000000000000000, Y={ $flatten\router_inst.$3\next_eject[33:0] [33:30] $flatten\router_inst.$3\next_eject[33:0] [28:0] }
      New connections: $flatten\router_inst.$3\next_eject[33:0] [29] = $flatten\router_inst.$3\next_eject[33:0] [28]
    Consolidated identical input bits for $mux cell $flatten\router_inst.$procmux$8594:
      Old ports: A=34'0000000000000000000000000000000000, B={ 1'1 \router_inst.local_wb_dat_o [31:28] \router_inst.local_wb_dat_o [28:0] }, Y=$auto$wreduce.cc:514:run$9000
      New ports: A=33'000000000000000000000000000000000, B={ 1'1 \router_inst.local_wb_dat_o }, Y={ $auto$wreduce.cc:514:run$9000 [33:30] $auto$wreduce.cc:514:run$9000 [28:0] }
      New connections: $auto$wreduce.cc:514:run$9000 [29] = $auto$wreduce.cc:514:run$9000 [28]
    Consolidated identical input bits for $mux cell $flatten\router_inst.$ternary$/home/etcfranc/NoCNoC/src/mesh$20-$20Psi&Aan/mesh_router.v:237$106:
      Old ports: A={ 3'000 $flatten\router_inst.$ternary$/home/etcfranc/NoCNoC/src/mesh$20-$20Psi&Aan/mesh_router.v:239$105_Y [28:0] }, B=0, Y=\core_inst.servile.mux.i_wb_ext_rdt
      New ports: A=$flatten\router_inst.$ternary$/home/etcfranc/NoCNoC/src/mesh$20-$20Psi&Aan/mesh_router.v:239$105_Y [28:0], B=29'00000000000000000000000000000, Y=\core_inst.servile.mux.i_wb_ext_rdt [28:0]
      New connections: \core_inst.servile.mux.i_wb_ext_rdt [31:29] = 3'000
    Consolidated identical input bits for $mux cell $ternary$/home/etcfranc/NoCNoC/src/mesh$20-$20Psi&Aan/mesh_tile.v:204$31:
      Old ports: A={ \core_inst.servile.cpu.bufreg.data [31:2] 2'00 }, B=32'10000000000000000000000000000100, Y=\router_inst.local_wb_adr
      New ports: A=\core_inst.servile.cpu.bufreg.data [31:2], B=30'100000000000000000000000000001, Y=\router_inst.local_wb_adr [31:2]
      New connections: \router_inst.local_wb_adr [1:0] = 2'00
  Optimizing cells in module \mesh_tile.
    Consolidated identical input bits for $mux cell $flatten\router_inst.$procmux$7965:
      Old ports: A=34'0000000000000000000000000000000000, B=$flatten\router_inst.$8\next_w[33:0], Y=$flatten\router_inst.$4\next_w[33:0]
      New ports: A=33'000000000000000000000000000000000, B={ $flatten\router_inst.$8\next_w[33:0] [33:30] $flatten\router_inst.$8\next_w[33:0] [28:0] }, Y={ $flatten\router_inst.$4\next_w[33:0] [33:30] $flatten\router_inst.$4\next_w[33:0] [28:0] }
      New connections: $flatten\router_inst.$4\next_w[33:0] [29] = $flatten\router_inst.$4\next_w[33:0] [28]
    Consolidated identical input bits for $mux cell $flatten\router_inst.$procmux$7986:
      Old ports: A=34'0000000000000000000000000000000000, B=$flatten\router_inst.$8\next_e[33:0], Y=$flatten\router_inst.$4\next_e[33:0]
      New ports: A=33'000000000000000000000000000000000, B={ $flatten\router_inst.$8\next_e[33:0] [33:30] $flatten\router_inst.$8\next_e[33:0] [28:0] }, Y={ $flatten\router_inst.$4\next_e[33:0] [33:30] $flatten\router_inst.$4\next_e[33:0] [28:0] }
      New connections: $flatten\router_inst.$4\next_e[33:0] [29] = $flatten\router_inst.$4\next_e[33:0] [28]
    Consolidated identical input bits for $mux cell $flatten\router_inst.$procmux$8412:
      Old ports: A=$flatten\router_inst.$4\next_s[33:0], B=34'0000000000000000000000000000000000, Y=$flatten\router_inst.$3\next_s[33:0]
      New ports: A={ $flatten\router_inst.$4\next_s[33:0] [33:30] $flatten\router_inst.$4\next_s[33:0] [28:0] }, B=33'000000000000000000000000000000000, Y={ $flatten\router_inst.$3\next_s[33:0] [33:30] $flatten\router_inst.$3\next_s[33:0] [28:0] }
      New connections: $flatten\router_inst.$3\next_s[33:0] [29] = $flatten\router_inst.$3\next_s[33:0] [28]
    Consolidated identical input bits for $mux cell $flatten\router_inst.$procmux$8439:
      Old ports: A=34'0000000000000000000000000000000000, B=$flatten\router_inst.$3\next_eject[33:0], Y=$flatten\router_inst.$2\next_eject[33:0]
      New ports: A=33'000000000000000000000000000000000, B={ $flatten\router_inst.$3\next_eject[33:0] [33:30] $flatten\router_inst.$3\next_eject[33:0] [28:0] }, Y={ $flatten\router_inst.$2\next_eject[33:0] [33:30] $flatten\router_inst.$2\next_eject[33:0] [28:0] }
      New connections: $flatten\router_inst.$2\next_eject[33:0] [29] = $flatten\router_inst.$2\next_eject[33:0] [28]
    Consolidated identical input bits for $mux cell $flatten\router_inst.$procmux$8451:
      Old ports: A=$flatten\router_inst.$3\next_se[33:0], B=34'0000000000000000000000000000000000, Y=$flatten\router_inst.$2\next_se[33:0]
      New ports: A={ $flatten\router_inst.$3\next_se[33:0] [33:30] $flatten\router_inst.$3\next_se[33:0] [28:0] }, B=33'000000000000000000000000000000000, Y={ $flatten\router_inst.$2\next_se[33:0] [33:30] $flatten\router_inst.$2\next_se[33:0] [28:0] }
      New connections: $flatten\router_inst.$2\next_se[33:0] [29] = $flatten\router_inst.$2\next_se[33:0] [28]
  Optimizing cells in module \mesh_tile.
    Consolidated identical input bits for $mux cell $flatten\router_inst.$procmux$8394:
      Old ports: A=$flatten\router_inst.$4\next_w[33:0], B=34'0000000000000000000000000000000000, Y=$flatten\router_inst.$3\next_w[33:0]
      New ports: A={ $flatten\router_inst.$4\next_w[33:0] [33:30] $flatten\router_inst.$4\next_w[33:0] [28:0] }, B=33'000000000000000000000000000000000, Y={ $flatten\router_inst.$3\next_w[33:0] [33:30] $flatten\router_inst.$3\next_w[33:0] [28:0] }
      New connections: $flatten\router_inst.$3\next_w[33:0] [29] = $flatten\router_inst.$3\next_w[33:0] [28]
    Consolidated identical input bits for $mux cell $flatten\router_inst.$procmux$8403:
      Old ports: A=$flatten\router_inst.$4\next_e[33:0], B=34'0000000000000000000000000000000000, Y=$flatten\router_inst.$3\next_e[33:0]
      New ports: A={ $flatten\router_inst.$4\next_e[33:0] [33:30] $flatten\router_inst.$4\next_e[33:0] [28:0] }, B=33'000000000000000000000000000000000, Y={ $flatten\router_inst.$3\next_e[33:0] [33:30] $flatten\router_inst.$3\next_e[33:0] [28:0] }
      New connections: $flatten\router_inst.$3\next_e[33:0] [29] = $flatten\router_inst.$3\next_e[33:0] [28]
    Consolidated identical input bits for $mux cell $flatten\router_inst.$procmux$8481:
      Old ports: A=$flatten\router_inst.$3\next_s[33:0], B=34'0000000000000000000000000000000000, Y=$flatten\router_inst.$2\next_s[33:0]
      New ports: A={ $flatten\router_inst.$3\next_s[33:0] [33:30] $flatten\router_inst.$3\next_s[33:0] [28:0] }, B=33'000000000000000000000000000000000, Y={ $flatten\router_inst.$2\next_s[33:0] [33:30] $flatten\router_inst.$2\next_s[33:0] [28:0] }
      New connections: $flatten\router_inst.$2\next_s[33:0] [29] = $flatten\router_inst.$2\next_s[33:0] [28]
    Consolidated identical input bits for $mux cell $flatten\router_inst.$procmux$8492:
      Old ports: A=34'0000000000000000000000000000000000, B=$flatten\router_inst.$2\next_eject[33:0], Y=$flatten\router_inst.$1\next_eject[33:0]
      New ports: A=33'000000000000000000000000000000000, B={ $flatten\router_inst.$2\next_eject[33:0] [33:30] $flatten\router_inst.$2\next_eject[33:0] [28:0] }, Y={ $flatten\router_inst.$1\next_eject[33:0] [33:30] $flatten\router_inst.$1\next_eject[33:0] [28:0] }
      New connections: $flatten\router_inst.$1\next_eject[33:0] [29] = $flatten\router_inst.$1\next_eject[33:0] [28]
    Consolidated identical input bits for $mux cell $flatten\router_inst.$procmux$8498:
      Old ports: A=34'0000000000000000000000000000000000, B=$flatten\router_inst.$2\next_se[33:0], Y=$flatten\router_inst.$1\next_se[33:0]
      New ports: A=33'000000000000000000000000000000000, B={ $flatten\router_inst.$2\next_se[33:0] [33:30] $flatten\router_inst.$2\next_se[33:0] [28:0] }, Y={ $flatten\router_inst.$1\next_se[33:0] [33:30] $flatten\router_inst.$1\next_se[33:0] [28:0] }
      New connections: $flatten\router_inst.$1\next_se[33:0] [29] = $flatten\router_inst.$1\next_se[33:0] [28]
  Optimizing cells in module \mesh_tile.
    Consolidated identical input bits for $mux cell $flatten\router_inst.$procmux$8469:
      Old ports: A=$flatten\router_inst.$3\next_w[33:0], B=34'0000000000000000000000000000000000, Y=$flatten\router_inst.$2\next_w[33:0]
      New ports: A={ $flatten\router_inst.$3\next_w[33:0] [33:30] $flatten\router_inst.$3\next_w[33:0] [28:0] }, B=33'000000000000000000000000000000000, Y={ $flatten\router_inst.$2\next_w[33:0] [33:30] $flatten\router_inst.$2\next_w[33:0] [28:0] }
      New connections: $flatten\router_inst.$2\next_w[33:0] [29] = $flatten\router_inst.$2\next_w[33:0] [28]
    Consolidated identical input bits for $mux cell $flatten\router_inst.$procmux$8475:
      Old ports: A=$flatten\router_inst.$3\next_e[33:0], B=34'0000000000000000000000000000000000, Y=$flatten\router_inst.$2\next_e[33:0]
      New ports: A={ $flatten\router_inst.$3\next_e[33:0] [33:30] $flatten\router_inst.$3\next_e[33:0] [28:0] }, B=33'000000000000000000000000000000000, Y={ $flatten\router_inst.$2\next_e[33:0] [33:30] $flatten\router_inst.$2\next_e[33:0] [28:0] }
      New connections: $flatten\router_inst.$2\next_e[33:0] [29] = $flatten\router_inst.$2\next_e[33:0] [28]
    Consolidated identical input bits for $mux cell $flatten\router_inst.$procmux$8513:
      Old ports: A=34'0000000000000000000000000000000000, B=$flatten\router_inst.$2\next_s[33:0], Y=$flatten\router_inst.$1\next_s[33:0]
      New ports: A=33'000000000000000000000000000000000, B={ $flatten\router_inst.$2\next_s[33:0] [33:30] $flatten\router_inst.$2\next_s[33:0] [28:0] }, Y={ $flatten\router_inst.$1\next_s[33:0] [33:30] $flatten\router_inst.$1\next_s[33:0] [28:0] }
      New connections: $flatten\router_inst.$1\next_s[33:0] [29] = $flatten\router_inst.$1\next_s[33:0] [28]
  Optimizing cells in module \mesh_tile.
    Consolidated identical input bits for $mux cell $flatten\router_inst.$procmux$8507:
      Old ports: A=34'0000000000000000000000000000000000, B=$flatten\router_inst.$2\next_w[33:0], Y=$flatten\router_inst.$1\next_w[33:0]
      New ports: A=33'000000000000000000000000000000000, B={ $flatten\router_inst.$2\next_w[33:0] [33:30] $flatten\router_inst.$2\next_w[33:0] [28:0] }, Y={ $flatten\router_inst.$1\next_w[33:0] [33:30] $flatten\router_inst.$1\next_w[33:0] [28:0] }
      New connections: $flatten\router_inst.$1\next_w[33:0] [29] = $flatten\router_inst.$1\next_w[33:0] [28]
    Consolidated identical input bits for $mux cell $flatten\router_inst.$procmux$8510:
      Old ports: A=34'0000000000000000000000000000000000, B=$flatten\router_inst.$2\next_e[33:0], Y=$flatten\router_inst.$1\next_e[33:0]
      New ports: A=33'000000000000000000000000000000000, B={ $flatten\router_inst.$2\next_e[33:0] [33:30] $flatten\router_inst.$2\next_e[33:0] [28:0] }, Y={ $flatten\router_inst.$1\next_e[33:0] [33:30] $flatten\router_inst.$1\next_e[33:0] [28:0] }
      New connections: $flatten\router_inst.$1\next_e[33:0] [29] = $flatten\router_inst.$1\next_e[33:0] [28]
  Optimizing cells in module \mesh_tile.
Performed a total of 23 changes.

121. Executing OPT_MERGE pass (detect identical cells).
Finding identical cells in module `\mesh_tile'.
Computing hashes of 929 cells of `\mesh_tile'.
Finding duplicate cells in `\mesh_tile'.
Removed a total of 0 cells.

122. Executing OPT_SHARE pass.
    Found cells that share an operand and can be merged by moving the $mux $flatten\router_inst.$procmux$8575 in front of them:
        $auto$alumacc.cc:512:replace_alu$9228
        $auto$alumacc.cc:512:replace_alu$9222

123. Executing OPT_DFF pass (perform DFF optimizations).
Adding SRST signal on $\router_inst.fifo_mem$rdreg[0] ($dff) from module mesh_tile (D = $auto$rtlil.cc:3472:Mux$9300, Q = $\router_inst.fifo_mem$rdreg[0]$q, rval = 2'00).

124. Executing OPT_CLEAN pass (remove unused cells and wires).
Finding unused cells or wires in module \mesh_tile..
Removed 1 unused cells and 22 unused wires.
<suppressed ~2 debug messages>

125. Executing OPT_EXPR pass (perform const folding).
Optimizing module mesh_tile.
<suppressed ~3 debug messages>

126. Rerunning OPT passes. (Maybe there is more to do…)

127. Executing OPT_MUXTREE pass (detect dead branches in mux trees).
Running muxtree optimizer on module \mesh_tile..
  Creating internal representation of mux trees.
  Evaluating internal representation of mux trees.
  Analyzing evaluation results.
Removed 0 multiplexer ports.
<suppressed ~406 debug messages>

128. Executing OPT_REDUCE pass (consolidate $*mux and $reduce_* inputs).
  Optimizing cells in module \mesh_tile.
    Consolidated identical input bits for $mux cell $auto$opt_share.cc:244:merge_operators$9396:
      Old ports: A=3'111, B=3'001, Y=$auto$rtlil.cc:3472:Mux$9397
      New ports: A=1'1, B=1'0, Y=$auto$rtlil.cc:3472:Mux$9397 [1]
      New connections: { $auto$rtlil.cc:3472:Mux$9397 [2] $auto$rtlil.cc:3472:Mux$9397 [0] } = { $auto$rtlil.cc:3472:Mux$9397 [1] 1'1 }
  Optimizing cells in module \mesh_tile.
Performed a total of 1 changes.

129. Executing OPT_MERGE pass (detect identical cells).
Finding identical cells in module `\mesh_tile'.
Computing hashes of 927 cells of `\mesh_tile'.
Finding duplicate cells in `\mesh_tile'.
Removed a total of 0 cells.

130. Executing OPT_SHARE pass.

131. Executing OPT_DFF pass (perform DFF optimizations).
Adding EN signal on $memory\router_inst.fifo_mem[3]$9332 ($dff) from module mesh_tile (D = $auto$rtlil.cc:3472:Mux$9308, Q = \router_inst.fifo_mem[3]).
Adding EN signal on $memory\router_inst.fifo_mem[2]$9330 ($dff) from module mesh_tile (D = $memory\router_inst.fifo_mem$wrmux[2][1][0]$y$9382, Q = \router_inst.fifo_mem[2]).
Adding EN signal on $memory\router_inst.fifo_mem[1]$9328 ($dff) from module mesh_tile (D = $memory\router_inst.fifo_mem$wrmux[1][1][0]$y$9370, Q = \router_inst.fifo_mem[1]).
Adding EN signal on $memory\router_inst.fifo_mem[0]$9326 ($dff) from module mesh_tile (D = $memory\router_inst.fifo_mem$wrmux[0][1][0]$y$9358, Q = \router_inst.fifo_mem[0]).

132. Executing OPT_CLEAN pass (remove unused cells and wires).
Finding unused cells or wires in module \mesh_tile..
Removed 1 unused cells and 3 unused wires.
<suppressed ~2 debug messages>

133. Executing OPT_EXPR pass (perform const folding).
Optimizing module mesh_tile.
<suppressed ~7 debug messages>

134. Rerunning OPT passes. (Maybe there is more to do…)

135. Executing OPT_MUXTREE pass (detect dead branches in mux trees).
Running muxtree optimizer on module \mesh_tile..
  Creating internal representation of mux trees.
  Evaluating internal representation of mux trees.
  Analyzing evaluation results.
Removed 0 multiplexer ports.
<suppressed ~395 debug messages>

136. Executing OPT_REDUCE pass (consolidate $*mux and $reduce_* inputs).
  Optimizing cells in module \mesh_tile.
Performed a total of 0 changes.

137. Executing OPT_MERGE pass (detect identical cells).
Finding identical cells in module `\mesh_tile'.
Computing hashes of 926 cells of `\mesh_tile'.
Finding duplicate cells in `\mesh_tile'.
Removed a total of 0 cells.

138. Executing OPT_SHARE pass.

139. Executing OPT_DFF pass (perform DFF optimizations).
Adding SRST signal on $auto$ff.cc:337:slice$9408 ($dffe) from module mesh_tile (D = $auto$rtlil.cc:3472:Mux$9308, Q = \router_inst.fifo_mem[0], rval = 34'0000000000000000000000000000000000).
Adding SRST signal on $auto$ff.cc:337:slice$9405 ($dffe) from module mesh_tile (D = $auto$rtlil.cc:3472:Mux$9308, Q = \router_inst.fifo_mem[1], rval = 34'0000000000000000000000000000000000).
Adding SRST signal on $auto$ff.cc:337:slice$9402 ($dffe) from module mesh_tile (D = $auto$rtlil.cc:3472:Mux$9308, Q = \router_inst.fifo_mem[2], rval = 34'0000000000000000000000000000000000).

140. Executing OPT_CLEAN pass (remove unused cells and wires).
Finding unused cells or wires in module \mesh_tile..
Removed 3 unused cells and 6 unused wires.
<suppressed ~4 debug messages>

141. Executing OPT_EXPR pass (perform const folding).
Optimizing module mesh_tile.

142. Rerunning OPT passes. (Maybe there is more to do…)

143. Executing OPT_MUXTREE pass (detect dead branches in mux trees).
Running muxtree optimizer on module \mesh_tile..
  Creating internal representation of mux trees.
  Evaluating internal representation of mux trees.
  Analyzing evaluation results.
Removed 0 multiplexer ports.
<suppressed ~389 debug messages>

144. Executing OPT_REDUCE pass (consolidate $*mux and $reduce_* inputs).
  Optimizing cells in module \mesh_tile.
Performed a total of 0 changes.

145. Executing OPT_MERGE pass (detect identical cells).
Finding identical cells in module `\mesh_tile'.
Computing hashes of 923 cells of `\mesh_tile'.
Finding duplicate cells in `\mesh_tile'.
Removed a total of 0 cells.

146. Executing OPT_SHARE pass.

147. Executing OPT_DFF pass (perform DFF optimizations).

148. Executing OPT_CLEAN pass (remove unused cells and wires).
Finding unused cells or wires in module \mesh_tile..

149. Executing OPT_EXPR pass (perform const folding).
Optimizing module mesh_tile.

150. Executing TECHMAP pass (map to technology primitives).

150.1. Executing Verilog-2005 frontend: /nix/store/f1q0w7rd0a4ny4hqvfxlhs4cmariidcy-yosys-0.62/bin/../share/yosys/techmap.v
Parsing Verilog input from `/nix/store/f1q0w7rd0a4ny4hqvfxlhs4cmariidcy-yosys-0.62/bin/../share/yosys/techmap.v' to AST representation.
Generating RTLIL representation for module `\_90_simplemap_bool_ops'.
Generating RTLIL representation for module `\_90_simplemap_reduce_ops'.
Generating RTLIL representation for module `\_90_simplemap_logic_ops'.
Generating RTLIL representation for module `\_90_simplemap_compare_ops'.
Generating RTLIL representation for module `\_90_simplemap_various'.
Generating RTLIL representation for module `\_90_simplemap_registers'.
Generating RTLIL representation for module `\_90_shift_ops_shr_shl_sshl_sshr'.
Generating RTLIL representation for module `\_90_shift_shiftx'.
Generating RTLIL representation for module `\_90_fa'.
Generating RTLIL representation for module `\_90_lcu_brent_kung'.
Generating RTLIL representation for module `\_90_alu'.
Generating RTLIL representation for module `\_90_macc'.
Generating RTLIL representation for module `\_90_alumacc'.
Generating RTLIL representation for module `$__div_mod_u'.
Generating RTLIL representation for module `$__div_mod_trunc'.
Generating RTLIL representation for module `\_90_div'.
Generating RTLIL representation for module `\_90_mod'.
Generating RTLIL representation for module `$__div_mod_floor'.
Generating RTLIL representation for module `\_90_divfloor'.
Generating RTLIL representation for module `\_90_modfloor'.
Generating RTLIL representation for module `\_90_pow'.
Generating RTLIL representation for module `\_90_pmux'.
Generating RTLIL representation for module `\_90_demux'.
Generating RTLIL representation for module `\_90_lut'.
Generating RTLIL representation for module `$connect'.
Generating RTLIL representation for module `$input_port'.
Successfully finished Verilog frontend.

150.2. Continuing TECHMAP pass.
Using extmapper simplemap for cells of type $sdffce.
Using extmapper simplemap for cells of type $reduce_bool.
Using extmapper simplemap for cells of type $dffe.
Using extmapper simplemap for cells of type $sdff.
Using extmapper simplemap for cells of type $not.
Using extmapper simplemap for cells of type $and.
Using extmapper simplemap for cells of type $or.
Using extmapper simplemap for cells of type $mux.
Using template $paramod$672a140277c71df8314410f22acc08d55222c3c7\_90_alu for cells of type $alu.
Using template $paramod$3ef7d3dd227da7627a99c5e5a6a4deb817573e39\_90_alu for cells of type $alu.
Using template $paramod$1d1e68f77481583066c6d429218f48ea9d5739b3\_90_alu for cells of type $alu.
Using template $paramod$b8c0a997bce700f23568a5ada79cc6781d1f5ca0\_90_alu for cells of type $alu.
Using template $paramod$175e67c02b86e96b1288b9dc100122520d7240d8\_90_alu for cells of type $alu.
Using template $paramod$a04dd9d4d8b430140c4ff94b50470fb380fda2a0\_90_alu for cells of type $alu.
Using template $paramod$fc972a7a46956c1788f3cb5257b53c8f1df2d0cc\_90_alu for cells of type $alu.
Using template $paramod$78e969f2586efcf3a5b0b0440bcca0db83d5cca2\_90_alu for cells of type $alu.
Using extmapper simplemap for cells of type $reduce_and.
Using extmapper simplemap for cells of type $sdffe.
Using extmapper simplemap for cells of type $dff.
Using extmapper simplemap for cells of type $reduce_or.
Using extmapper simplemap for cells of type $eq.
Using extmapper simplemap for cells of type $logic_not.
Using extmapper simplemap for cells of type $logic_and.
Using extmapper simplemap for cells of type $adff.
Using extmapper simplemap for cells of type $xor.
Using extmapper simplemap for cells of type $logic_or.
Using template $paramod$constmap:1ef046be63c9541309f2f19c4ef998a798f64488$paramod$7fe1424d9d826b3a6286885bc851fafa5143be2b\_90_shift_shiftx for cells of type $shiftx.
Using template $paramod$constmap:37b3cc4e06391b7a7ef418215dc52e2abb59f048$paramod$282e2f6c0b1116d84b8f8102ddacd7ff760b6794\_90_shift_shiftx for cells of type $shiftx.
Using extmapper simplemap for cells of type $pos.
Using template $paramod\_90_fa\WIDTH=32'00000000000000000000000000000010 for cells of type $fa.
Using template $paramod\_90_lcu_brent_kung\WIDTH=32'00000000000000000000000000000010 for cells of type $lcu.
Using template $paramod\_90_fa\WIDTH=32'00000000000000000000000000000011 for cells of type $fa.
Using template $paramod\_90_lcu_brent_kung\WIDTH=32'00000000000000000000000000000011 for cells of type $lcu.
Using template $paramod\_90_fa\WIDTH=32'00000000000000000000000000000001 for cells of type $fa.
Using template $paramod\_90_lcu_brent_kung\WIDTH=32'00000000000000000000000000000001 for cells of type $lcu.
Using template $paramod\_90_fa\WIDTH=32'00000000000000000000000000000110 for cells of type $fa.
Using template $paramod\_90_lcu_brent_kung\WIDTH=32'00000000000000000000000000000110 for cells of type $lcu.
Using template $paramod\_90_fa\WIDTH=32'00000000000000000000000000000101 for cells of type $fa.
Using template $paramod\_90_lcu_brent_kung\WIDTH=32'00000000000000000000000000000101 for cells of type $lcu.
No more expansions possible.
<suppressed ~2307 debug messages>

151. Executing OPT_EXPR pass (perform const folding).
Optimizing module mesh_tile.
<suppressed ~590 debug messages>

152. Executing OPT_MERGE pass (detect identical cells).
Finding identical cells in module `\mesh_tile'.
Computing hashes of 9279 cells of `\mesh_tile'.
Finding duplicate cells in `\mesh_tile'.
Computing hashes of 9194 cells of `\mesh_tile'.
Finding duplicate cells in `\mesh_tile'.
Computing hashes of 9177 cells of `\mesh_tile'.
Finding duplicate cells in `\mesh_tile'.
Computing hashes of 9170 cells of `\mesh_tile'.
Finding duplicate cells in `\mesh_tile'.
Computing hashes of 9168 cells of `\mesh_tile'.
Finding duplicate cells in `\mesh_tile'.
<suppressed ~333 debug messages>
Removed a total of 111 cells.

153. Executing OPT_DFF pass (perform DFF optimizations).

154. Executing OPT_CLEAN pass (remove unused cells and wires).
Finding unused cells or wires in module \mesh_tile..
Removed 293 unused cells and 709 unused wires.
<suppressed ~302 debug messages>

155. Executing OPT_EXPR pass (perform const folding).
Optimizing module mesh_tile.
<suppressed ~3 debug messages>

156. Executing OPT_MERGE pass (detect identical cells).
Finding identical cells in module `\mesh_tile'.
Computing hashes of 8872 cells of `\mesh_tile'.
Finding duplicate cells in `\mesh_tile'.
Removed a total of 0 cells.

157. Executing OPT_DFF pass (perform DFF optimizations).
Adding SRST signal on $auto$ff.cc:337:slice$10167 ($_SDFF_PP0_) from module mesh_tile (D = \core_inst.servile.cpu.bufreg2.dhi [4], Q = \router_inst.inject_flit [28], rval = 1'0).

158. Executing OPT_CLEAN pass (remove unused cells and wires).
Finding unused cells or wires in module \mesh_tile..
Removed 1 unused cells and 3 unused wires.
<suppressed ~4 debug messages>

159. Rerunning OPT passes (Removed registers in this run.)

160. Executing OPT_EXPR pass (perform const folding).
Optimizing module mesh_tile.

161. Executing OPT_MERGE pass (detect identical cells).
Finding identical cells in module `\mesh_tile'.
Computing hashes of 8872 cells of `\mesh_tile'.
Finding duplicate cells in `\mesh_tile'.
Computing hashes of 8871 cells of `\mesh_tile'.
Finding duplicate cells in `\mesh_tile'.
<suppressed ~3 debug messages>
Removed a total of 1 cells.

162. Executing OPT_DFF pass (perform DFF optimizations).

163. Executing OPT_CLEAN pass (remove unused cells and wires).
Finding unused cells or wires in module \mesh_tile..
Removed 0 unused cells and 1 unused wires.
<suppressed ~1 debug messages>

164. Executing ABC pass (technology mapping using ABC).

164.1. Extracting gate netlist of module `\mesh_tile' to `<abc-temp-dir>/input.blif'..

164.1.1. Executed ABC.
Extracted 8318 gates and 9024 wires to a netlist network with 704 inputs and 357 outputs.
Running ABC script: <abc-temp-dir>/abc.script
ABC: ======== ABC command line "source <abc-temp-dir>/abc.script"
ABC: + read_blif <abc-temp-dir>/input.blif 
ABC: + read_library /tmp/yosys-abc-NPBq05/stdcells.genlib 
ABC: + strash 
ABC: + dretime 
ABC: + map 
ABC: + write_blif <abc-temp-dir>/output.blif 

164.1.2. Re-integrating ABC results.
ABC RESULTS:               AND cells:       54
ABC RESULTS:            ANDNOT cells:      433
ABC RESULTS:               MUX cells:     6699
ABC RESULTS:              NAND cells:      130
ABC RESULTS:               NOR cells:       77
ABC RESULTS:               NOT cells:      366
ABC RESULTS:                OR cells:      585
ABC RESULTS:             ORNOT cells:       62
ABC RESULTS:              XNOR cells:        5
ABC RESULTS:               XOR cells:       30
ABC RESULTS:        internal signals:     7963
ABC RESULTS:           input signals:      704
ABC RESULTS:          output signals:      357
Removing temp directory.
Removing global temp directory.

165. Executing OPT pass (performing simple optimizations).

165.1. Executing OPT_EXPR pass (perform const folding).
Optimizing module mesh_tile.
<suppressed ~2759 debug messages>

165.2. Executing OPT_MERGE pass (detect identical cells).
Finding identical cells in module `\mesh_tile'.
Computing hashes of 8994 cells of `\mesh_tile'.
Finding duplicate cells in `\mesh_tile'.
Computing hashes of 8993 cells of `\mesh_tile'.
Finding duplicate cells in `\mesh_tile'.
<suppressed ~3 debug messages>
Removed a total of 1 cells.

165.3. Executing OPT_DFF pass (perform DFF optimizations).

165.4. Executing OPT_CLEAN pass (remove unused cells and wires).
Finding unused cells or wires in module \mesh_tile..
Removed 26 unused cells and 2026 unused wires.
<suppressed ~367 debug messages>

165.5. Finished fast OPT passes.

166. Executing HIERARCHY pass (managing design hierarchy).

166.1. Analyzing design hierarchy..
Top module:  \mesh_tile

166.2. Analyzing design hierarchy..
Top module:  \mesh_tile
Removed 0 unused modules.

167. Executing CHECK pass (checking for obvious problems).
Checking module mesh_tile...
Found and reported 0 problems.

168. Printing statistics.

=== mesh_tile ===

        +----------Local Count, excluding submodules.
        | 
     8710 wires
    13035 wire bits
      487 public wires
     4789 public wire bits
       28 ports
      597 port bits
     8967 cells
      433   $_ANDNOT_
       54   $_AND_
       25   $_DFFE_PN_
      145   $_DFFE_PP_
        1   $_DFF_PP1_
       40   $_DFF_P_
     6699   $_MUX_
      130   $_NAND_
       76   $_NOR_
      340   $_NOT_
       62   $_ORNOT_
      585   $_OR_
       88   $_SDFFCE_PN0P_
       32   $_SDFFCE_PP0P_
       11   $_SDFFE_PP0P_
        2   $_SDFF_PN0_
      188   $_SDFF_PP0_
        5   $_XNOR_
       30   $_XOR_
       19   $scopeinfo
        2   gf180mcu_ocd_ip_sram__sram1024x8m8wm1

169. Executing OPT pass (performing simple optimizations).

169.1. Executing OPT_EXPR pass (perform const folding).
Optimizing module mesh_tile.

169.2. Executing OPT_MERGE pass (detect identical cells).
Finding identical cells in module `\mesh_tile'.
Computing hashes of 8967 cells of `\mesh_tile'.
Finding duplicate cells in `\mesh_tile'.
Removed a total of 0 cells.

169.3. Executing OPT_MUXTREE pass (detect dead branches in mux trees).
Running muxtree optimizer on module \mesh_tile..
  Creating internal representation of mux trees.
  No muxes found in this module.
Removed 0 multiplexer ports.

169.4. Executing OPT_REDUCE pass (consolidate $*mux and $reduce_* inputs).
  Optimizing cells in module \mesh_tile.
Performed a total of 0 changes.

169.5. Executing OPT_MERGE pass (detect identical cells).
Finding identical cells in module `\mesh_tile'.
Computing hashes of 8967 cells of `\mesh_tile'.
Finding duplicate cells in `\mesh_tile'.
Removed a total of 0 cells.

169.6. Executing OPT_DFF pass (perform DFF optimizations).

169.7. Executing OPT_CLEAN pass (remove unused cells and wires).
Finding unused cells or wires in module \mesh_tile..

169.8. Executing OPT_EXPR pass (perform const folding).
Optimizing module mesh_tile.

169.9. Finished fast OPT passes. (There is nothing left to do.)

170. Executing OPT_CLEAN pass (remove unused cells and wires).
Finding unused cells or wires in module \mesh_tile..
Removed 19 unused cells and 353 unused wires.
<suppressed ~372 debug messages>
{
   "creator": "Yosys 0.62 (git sha1 7326bb7d6641500ecb285c291a54a662cb1e76cf, clang++ 21.1.2 -fPIC -O3)",
   "invocation": "stat -json -liberty /home/etcfranc/NoCNoC/librelane/noc_tile/runs/RUN_2026-05-08_18-38-35/tmp/8a8a544cfc164b0e94b967a480993924.lib -liberty /home/etcfranc/NoCNoC/librelane/noc_tile/runs/RUN_2026-05-08_18-38-35/tmp/15cbbec3cd8646f4bb6428bd022e933c.lib -liberty /home/etcfranc/NoCNoC/librelane/noc_tile/runs/RUN_2026-05-08_18-38-35/tmp/1a7a79f3920b49cc9888494dc632c82e.lib ",
   "modules": {
      "\\mesh_tile": {
         "num_wires":         8357,
         "num_wire_bits":     9521,
         "num_pub_wires":     134,
         "num_pub_wire_bits": 1275,
         "num_ports":         28,
         "num_port_bits":     597,
         "num_memories":      0,
         "num_memory_bits":   0,
         "num_processes":     0,
         "num_cells":         8948,
         "num_submodules":       0,
         "num_cells_by_type": {
            "$_ANDNOT_": 433,
            "$_AND_": 54,
            "$_DFFE_PN_": 25,
            "$_DFFE_PP_": 145,
            "$_DFF_PP1_": 1,
            "$_DFF_P_": 40,
            "$_MUX_": 6699,
            "$_NAND_": 130,
            "$_NOR_": 76,
            "$_NOT_": 340,
            "$_ORNOT_": 62,
            "$_OR_": 585,
            "$_SDFFCE_PN0P_": 88,
            "$_SDFFCE_PP0P_": 32,
            "$_SDFFE_PP0P_": 11,
            "$_SDFF_PN0_": 2,
            "$_SDFF_PP0_": 188,
            "$_XNOR_": 5,
            "$_XOR_": 30,
            "gf180mcu_ocd_ip_sram__sram1024x8m8wm1": 2
         }
      }
   },
      "design": {
         "num_wires":         8357,
         "num_wire_bits":     9521,
         "num_pub_wires":     134,
         "num_pub_wire_bits": 1275,
         "num_ports":         28,
         "num_port_bits":     597,
         "num_memories":      0,
         "num_memory_bits":   0,
         "num_processes":     0,
         "num_cells":         8948,
         "num_submodules":       0,
         "num_cells_by_type": {
            "$_ANDNOT_": 433,
            "$_AND_": 54,
            "$_DFFE_PN_": 25,
            "$_DFFE_PP_": 145,
            "$_DFF_PP1_": 1,
            "$_DFF_P_": 40,
            "$_MUX_": 6699,
            "$_NAND_": 130,
            "$_NOR_": 76,
            "$_NOT_": 340,
            "$_ORNOT_": 62,
            "$_OR_": 585,
            "$_SDFFCE_PN0P_": 88,
            "$_SDFFCE_PP0P_": 32,
            "$_SDFFE_PP0P_": 11,
            "$_SDFF_PN0_": 2,
            "$_SDFF_PP0_": 188,
            "$_XNOR_": 5,
            "$_XOR_": 30,
            "gf180mcu_ocd_ip_sram__sram1024x8m8wm1": 2
         }
      }
}

171. Printing statistics.

=== mesh_tile ===

        +----------Local Count, excluding submodules.
        | 
     8357 wires
     9521 wire bits
      134 public wires
     1275 public wire bits
       28 ports
      597 port bits
     8948 cells
      433   $_ANDNOT_
       54   $_AND_
       25   $_DFFE_PN_
      145   $_DFFE_PP_
        1   $_DFF_PP1_
       40   $_DFF_P_
     6699   $_MUX_
      130   $_NAND_
       76   $_NOR_
      340   $_NOT_
       62   $_ORNOT_
      585   $_OR_
       88   $_SDFFCE_PN0P_
       32   $_SDFFCE_PP0P_
       11   $_SDFFE_PP0P_
        2   $_SDFF_PN0_
      188   $_SDFF_PP0_
        5   $_XNOR_
       30   $_XOR_
        2   gf180mcu_ocd_ip_sram__sram1024x8m8wm1

   Area for cell type $_ANDNOT_ is unknown!
   Area for cell type $_AND_ is unknown!
   Area for cell type $_DFFE_PN_ is unknown!
   Area for cell type $_DFFE_PP_ is unknown!
   Area for cell type $_DFF_PP1_ is unknown!
   Area for cell type $_DFF_P_ is unknown!
   Area for cell type $_MUX_ is unknown!
   Area for cell type $_NAND_ is unknown!
   Area for cell type $_NOR_ is unknown!
   Area for cell type $_NOT_ is unknown!
   Area for cell type $_ORNOT_ is unknown!
   Area for cell type $_OR_ is unknown!
   Area for cell type $_SDFFCE_PN0P_ is unknown!
   Area for cell type $_SDFFCE_PP0P_ is unknown!
   Area for cell type $_SDFFE_PP0P_ is unknown!
   Area for cell type $_SDFF_PN0_ is unknown!
   Area for cell type $_SDFF_PP0_ is unknown!
   Area for cell type $_XNOR_ is unknown!
   Area for cell type $_XOR_ is unknown!
   Area for cell type \gf180mcu_ocd_ip_sram__sram1024x8m8wm1 is unknown!

172. Executing DFFLIBMAP pass (mapping DFF cells to sequential cells from liberty file).
  cell gf180mcu_as_sc_mcu7t3v3__dfxtn_2 (noninv, pins=3, area=59.27) is a direct match for cell type $_DFF_N_.
  cell gf180mcu_as_sc_mcu7t3v3__dfxtp_2 (noninv, pins=3, area=59.27) is a direct match for cell type $_DFF_P_.
  cell gf180mcu_as_sc_mcu7t3v3__dfsrtp_2 (noninv, pins=5, area=81.22) is a direct match for cell type $_DFFSR_PNN_.
  final dff cell mappings:
    \gf180mcu_as_sc_mcu7t3v3__dfxtn_2 _DFF_N_ (.CLK( C), .D( D), .Q( Q));
    \gf180mcu_as_sc_mcu7t3v3__dfxtp_2 _DFF_P_ (.CLK( C), .D( D), .Q( Q));
    unmapped dff cell: $_DFF_NN0_
    unmapped dff cell: $_DFF_NN1_
    unmapped dff cell: $_DFF_NP0_
    unmapped dff cell: $_DFF_NP1_
    unmapped dff cell: $_DFF_PN0_
    unmapped dff cell: $_DFF_PN1_
    unmapped dff cell: $_DFF_PP0_
    unmapped dff cell: $_DFF_PP1_
    unmapped dff cell: $_DFFE_NN_
    unmapped dff cell: $_DFFE_NP_
    unmapped dff cell: $_DFFE_PN_
    unmapped dff cell: $_DFFE_PP_
    unmapped dff cell: $_DFFSR_NNN_
    unmapped dff cell: $_DFFSR_NNP_
    unmapped dff cell: $_DFFSR_NPN_
    unmapped dff cell: $_DFFSR_NPP_
    \gf180mcu_as_sc_mcu7t3v3__dfsrtp_2 _DFFSR_PNN_ (.CLK( C), .D( D), .Q( Q), .RN( R), .SN( S));
    unmapped dff cell: $_DFFSR_PNP_
    unmapped dff cell: $_DFFSR_PPN_
    unmapped dff cell: $_DFFSR_PPP_

172.1. Executing DFFLEGALIZE pass (convert FFs to types supported by the target).
Mapping DFF cells in module `\mesh_tile':
  mapped 1 $_DFFSR_PNN_ cells to \gf180mcu_as_sc_mcu7t3v3__dfsrtp_2 cells.
  mapped 531 $_DFF_P_ cells to \gf180mcu_as_sc_mcu7t3v3__dfxtp_2 cells.
{
   "creator": "Yosys 0.62 (git sha1 7326bb7d6641500ecb285c291a54a662cb1e76cf, clang++ 21.1.2 -fPIC -O3)",
   "invocation": "stat -json -liberty /home/etcfranc/NoCNoC/librelane/noc_tile/runs/RUN_2026-05-08_18-38-35/tmp/8a8a544cfc164b0e94b967a480993924.lib -liberty /home/etcfranc/NoCNoC/librelane/noc_tile/runs/RUN_2026-05-08_18-38-35/tmp/15cbbec3cd8646f4bb6428bd022e933c.lib -liberty /home/etcfranc/NoCNoC/librelane/noc_tile/runs/RUN_2026-05-08_18-38-35/tmp/1a7a79f3920b49cc9888494dc632c82e.lib ",
   "modules": {
      "\\mesh_tile": {
         "num_wires":         8980,
         "num_wire_bits":     10144,
         "num_pub_wires":     134,
         "num_pub_wire_bits": 1275,
         "num_ports":         28,
         "num_port_bits":     597,
         "num_memories":      0,
         "num_memory_bits":   0,
         "num_processes":     0,
         "num_cells":         9571,
         "num_submodules":       0,
         "area":              31553.804800,
         "sequential_area":    31553.804800,
         "num_cells_by_type": {
            "$_ANDNOT_": 433,
            "$_AND_": 54,
            "$_MUX_": 7321,
            "$_NAND_": 130,
            "$_NOR_": 76,
            "$_NOT_": 341,
            "$_ORNOT_": 62,
            "$_OR_": 585,
            "$_XNOR_": 5,
            "$_XOR_": 30,
            "gf180mcu_as_sc_mcu7t3v3__dfsrtp_2": 1,
            "gf180mcu_as_sc_mcu7t3v3__dfxtp_2": 531,
            "gf180mcu_ocd_ip_sram__sram1024x8m8wm1": 2
         }
      }
   },
      "design": {
         "num_wires":         8980,
         "num_wire_bits":     10144,
         "num_pub_wires":     134,
         "num_pub_wire_bits": 1275,
         "num_ports":         28,
         "num_port_bits":     597,
         "num_memories":      0,
         "num_memory_bits":   0,
         "num_processes":     0,
         "num_cells":         9571,
         "num_submodules":       0,
         "area":              31553.804800,
         "sequential_area":    31553.804800,
         "num_cells_by_type": {
            "$_ANDNOT_": 433,
            "$_AND_": 54,
            "$_MUX_": 7321,
            "$_NAND_": 130,
            "$_NOR_": 76,
            "$_NOT_": 341,
            "$_ORNOT_": 62,
            "$_OR_": 585,
            "$_XNOR_": 5,
            "$_XOR_": 30,
            "gf180mcu_as_sc_mcu7t3v3__dfsrtp_2": 1,
            "gf180mcu_as_sc_mcu7t3v3__dfxtp_2": 531,
            "gf180mcu_ocd_ip_sram__sram1024x8m8wm1": 2
         }
      }
}

173. Printing statistics.

=== mesh_tile ===

        +----------Local Count, excluding submodules.
        |        +-Local Area, excluding submodules.
        |        | 
     8980        - wires
    10144        - wire bits
      134        - public wires
     1275        - public wire bits
       28        - ports
      597        - port bits
     9571 3.16E+04 cells
      433        -   $_ANDNOT_
       54        -   $_AND_
     7321        -   $_MUX_
      130        -   $_NAND_
       76        -   $_NOR_
      341        -   $_NOT_
       62        -   $_ORNOT_
      585        -   $_OR_
        5        -   $_XNOR_
       30        -   $_XOR_
        1   81.222   gf180mcu_as_sc_mcu7t3v3__dfsrtp_2
      531 3.15E+04   gf180mcu_as_sc_mcu7t3v3__dfxtp_2
        2        -   gf180mcu_ocd_ip_sram__sram1024x8m8wm1

   Area for cell type $_ANDNOT_ is unknown!
   Area for cell type $_AND_ is unknown!
   Area for cell type $_MUX_ is unknown!
   Area for cell type $_NAND_ is unknown!
   Area for cell type $_NOR_ is unknown!
   Area for cell type $_NOT_ is unknown!
   Area for cell type $_ORNOT_ is unknown!
   Area for cell type $_OR_ is unknown!
   Area for cell type $_XNOR_ is unknown!
   Area for cell type $_XOR_ is unknown!
   Area for cell type \gf180mcu_ocd_ip_sram__sram1024x8m8wm1 is unknown!

   Chip area for module '\mesh_tile': 31553.804800
     of which used for sequential elements: 31553.804800 (100.00%)

[INFO] Using generated ABC script '/home/etcfranc/NoCNoC/librelane/noc_tile/runs/RUN_2026-05-08_18-38-35/06-yosys-synthesis/AREA_0.abc'…

174. Executing ABC pass (technology mapping using ABC).

174.1. Extracting gate netlist of module `\mesh_tile' to `/tmp/yosys-abc-9JDsfa/input.blif'..

174.1.1. Executed ABC.
Extracted 9037 gates and 9765 wires to a netlist network with 727 inputs and 545 outputs.
Running ABC script: /tmp/yosys-abc-9JDsfa/abc.script
ABC: ======== ABC command line "source /tmp/yosys-abc-9JDsfa/abc.script"
ABC: + read_blif /tmp/yosys-abc-9JDsfa/input.blif 
ABC: + read_lib -w /home/etcfranc/NoCNoC/librelane/noc_tile/runs/RUN_2026-05-08_18-38-35/tmp/8a8a544cfc164b0e94b967a480993924.lib 
ABC: Library with only 0 cell classes cannot be used.
ABC: Parsing finished successfully.  Parsing time =     0.00 sec
ABC: Scl_LibertyReadGenlib() skipped cell "gf180mcu_ef_io__bi_t" due to dont_use attribute.
ABC: Scl_LibertyReadGenlib() skipped cell "gf180mcu_fd_io__asig_5p0" due to dont_use attribute.
ABC: Scl_LibertyReadGenlib() skipped cell "gf180mcu_fd_io__bi_24t" due to dont_use attribute.
ABC: Scl_LibertyReadGenlib() skipped cell "gf180mcu_fd_io__bi_t" due to dont_use attribute.
ABC: Scl_LibertyReadGenlib() skipped cell "gf180mcu_fd_io__brk2" due to dont_use attribute.
ABC: Scl_LibertyReadGenlib() skipped cell "gf180mcu_fd_io__brk5" due to dont_use attribute.
ABC: Scl_LibertyReadGenlib() skipped cell "gf180mcu_fd_io__cor" due to dont_use attribute.
ABC: Scl_LibertyReadGenlib() skipped cell "gf180mcu_fd_io__dvdd" due to dont_use attribute.
ABC: Scl_LibertyReadGenlib() skipped cell "gf180mcu_fd_io__dvss" due to dont_use attribute.
ABC: Scl_LibertyReadGenlib() skipped cell "gf180mcu_fd_io__fill1" due to dont_use attribute.
ABC: Scl_LibertyReadGenlib() skipped cell "gf180mcu_fd_io__fill5" due to dont_use attribute.
ABC: Scl_LibertyReadGenlib() skipped cell "gf180mcu_fd_io__fill10" due to dont_use attribute.
ABC: Scl_LibertyReadGenlib() skipped cell "gf180mcu_fd_io__fillnc" due to dont_use attribute.
ABC: Scl_LibertyReadGenlib() skipped cell "gf180mcu_fd_io__in_c" due to dont_use attribute.
ABC: Scl_LibertyReadGenlib() skipped cell "gf180mcu_fd_io__in_s" due to dont_use attribute.
ABC: Library "gf180mcu_fd_io__tt_025C_3v30" from "/home/etcfranc/NoCNoC/librelane/noc_tile/runs/RUN_2026-05-08_18-38-35/tmp/8a8a544cfc164b0e94b967a480993924.lib" has 0 cells (15 skipped: 0 seq; 0 tri-state; 0 no func; 15 dont_use; 0 with 2 outputs; 0 with 3+ outputs).  Time =     0.00 sec
ABC: Memory =    0.46 MB. Time =     0.00 sec
ABC: + read_lib -m -w /home/etcfranc/NoCNoC/librelane/noc_tile/runs/RUN_2026-05-08_18-38-35/tmp/15cbbec3cd8646f4bb6428bd022e933c.lib 
ABC: Library with only 0 cell classes cannot be used.
ABC: Parsing finished successfully.  Parsing time =     0.00 sec
ABC: Scl_LibertyReadGenlib() skipped cell "gf180mcu_ws_io__dvdd" due to dont_use attribute.
ABC: Scl_LibertyReadGenlib() skipped cell "gf180mcu_ws_io__dvss" due to dont_use attribute.
ABC: Library "gf180mcu_ws_io__tt_025C_5v00" from "/home/etcfranc/NoCNoC/librelane/noc_tile/runs/RUN_2026-05-08_18-38-35/tmp/15cbbec3cd8646f4bb6428bd022e933c.lib" has 0 cells (2 skipped: 0 seq; 0 tri-state; 0 no func; 2 dont_use; 0 with 2 outputs; 0 with 3+ outputs).  Time =     0.00 sec
ABC: Memory =    0.01 MB. Time =     0.00 sec
ABC: + read_lib -m -w /home/etcfranc/NoCNoC/librelane/noc_tile/runs/RUN_2026-05-08_18-38-35/tmp/1a7a79f3920b49cc9888494dc632c82e.lib 
ABC: Parsing finished successfully.  Parsing time =     0.00 sec
ABC: Scl_LibertyReadGenlib() skipped sequential cell "gf180mcu_as_sc_mcu7t3v3__dfxtp_2".
ABC: Scl_LibertyReadGenlib() skipped sequential cell "gf180mcu_as_sc_mcu7t3v3__dfxtn_2".
ABC: Scl_LibertyReadGenlib() skipped sequential cell "gf180mcu_as_sc_mcu7t3v3__dfsrtp_2".
ABC: Scl_LibertyReadGenlib() skipped three-state cell "gf180mcu_as_sc_mcu7t3v3__invz_2".
ABC: Scl_LibertyReadGenlib() skipped cell "gf180mcu_as_sc_mcu7t3v3__fill_1" without logic function.
ABC: Scl_LibertyReadGenlib() skipped cell "gf180mcu_as_sc_mcu7t3v3__fill_2" without logic function.
ABC: Scl_LibertyReadGenlib() skipped cell "gf180mcu_as_sc_mcu7t3v3__fill_4" without logic function.
ABC: Scl_LibertyReadGenlib() skipped cell "gf180mcu_as_sc_mcu7t3v3__fill_8" without logic function.
ABC: Scl_LibertyReadGenlib() skipped cell "gf180mcu_as_sc_mcu7t3v3__fillcap_4" without logic function.
ABC: Scl_LibertyReadGenlib() skipped cell "gf180mcu_as_sc_mcu7t3v3__fillcap_8" without logic function.
ABC: Scl_LibertyReadGenlib() skipped cell "gf180mcu_as_sc_mcu7t3v3__fillcap_16" without logic function.
ABC: Library "gf180mcu_as_sc_mcu7t3v3__tt_025C_3v30" from "/home/etcfranc/NoCNoC/librelane/noc_tile/runs/RUN_2026-05-08_18-38-35/tmp/1a7a79f3920b49cc9888494dc632c82e.lib" has 51 cells (11 skipped: 3 seq; 1 tri-state; 7 no func; 0 dont_use; 0 with 2 outputs; 0 with 3+ outputs).  Time =     0.00 sec
ABC: Memory =    1.30 MB. Time =     0.00 sec
ABC: + read_constr -v /home/etcfranc/NoCNoC/librelane/noc_tile/runs/RUN_2026-05-08_18-38-35/06-yosys-synthesis/synthesis.abc.sdc 
ABC: Setting driving cell to be "gf180mcu_as_sc_mcu7t3v3__inv_2/Y".
ABC: Setting output load to be 72.910004.
ABC: + source /home/etcfranc/NoCNoC/librelane/noc_tile/runs/RUN_2026-05-08_18-38-35/06-yosys-synthesis/AREA_0.abc 
ABC: Error: The network is combinational.
ABC: Cannot find the default PI driving cell (gf180mcu_as_sc_mcu7t3v3__inv_2/Y) in the library.
ABC: WireLoad = "none"  Gates =   2403 (  3.7 %)   Cap = 24.8 ff ( 34.3 %)   Area =    51538.91 ( 31.0 %)   Delay =  4557.30 ps  (  2.0 %)               
ABC: Path  0 --     146 : 0    4 pi                                A =   0.00  Df =   0.0   -0.0 ps  S =   0.0 ps  Cin =  0.0 ff  Cout =  26.4 ff  Cmax =   0.0 ff  G =    0  
ABC: Path  1 --    1782 : 2    7 gf180mcu_as_sc_mcu7t3v3__or2_2    A =  15.37  Df = 287.8  -83.6 ps  S = 106.6 ps  Cin =  4.3 ff  Cout =  42.6 ff  Cmax = 637.0 ff  G =  965  
ABC: Path  2 --    2426 : 2   31 gf180mcu_as_sc_mcu7t3v3__and2_2   A =  15.37  Df = 770.6 -138.0 ps  S = 288.7 ps  Cin =  4.5 ff  Cout = 131.0 ff  Cmax = 637.0 ff  G = 2778  
ABC: Path  3 --    2427 : 2    4 gf180mcu_as_sc_mcu7t3v3__nor2_2   A =  15.37  Df = 868.2  -30.0 ps  S = 151.4 ps  Cin =  8.4 ff  Cout =  27.5 ff  Cmax = 332.0 ff  G =  320  
ABC: Path  4 --    2431 : 2    2 gf180mcu_as_sc_mcu7t3v3__and2_2   A =  15.37  Df = 999.1   -1.5 ps  S =  40.5 ps  Cin =  4.5 ff  Cout =   9.5 ff  Cmax = 637.0 ff  G =  200  
ABC: Path  5 --    2434 : 2   14 gf180mcu_as_sc_mcu7t3v3__and2_2   A =  15.37  Df =1292.9  -70.1 ps  S = 161.1 ps  Cin =  4.5 ff  Cout =  64.1 ff  Cmax = 637.0 ff  G = 1415  
ABC: Path  6 --    2435 : 2    3 gf180mcu_as_sc_mcu7t3v3__nand2_2  A =  15.37  Df =1402.4  -72.1 ps  S =  87.6 ps  Cin =  8.6 ff  Cout =  24.3 ff  Cmax = 629.0 ff  G =  277  
ABC: Path  7 --    2439 : 2    3 gf180mcu_as_sc_mcu7t3v3__nand2b_2 A =  21.95  Df =1589.3  -96.3 ps  S =  80.8 ps  Cin =  6.5 ff  Cout =  21.7 ff  Cmax = 628.0 ff  G =  320  
ABC: Path  8 --    2443 : 4   43 gf180mcu_as_sc_mcu7t3v3__aoi211_2 A =  30.73  Df =3760.7-1710.5 ps  S =2053.5 ps  Cin =  7.7 ff  Cout = 307.9 ff  Cmax = 212.4 ff  G = 3923  
ABC: Path  9 --    2464 : 4    1 gf180mcu_as_sc_mcu7t3v3__aoi211_2 A =  30.73  Df =4557.3 -338.4 ps  S = 591.5 ps  Cin =  7.7 ff  Cout =  72.9 ff  Cmax = 212.4 ff  G =  942  
ABC: Start-point = pi145 (\router_inst.inject_flit [29]).  End-point = po132 ($auto$rtlil.cc:3583:MuxGate$28296).
ABC: netlist                       : i/o =  727/  545  lat =    0  nd =  2403  edge =   7151  area =51541.45  delay =12.00  lev = 12
ABC: + write_blif /tmp/yosys-abc-9JDsfa/output.blif 

174.1.2. Re-integrating ABC results.
ABC RESULTS:          _const0_ cells:       39
ABC RESULTS:   gf180mcu_as_sc_mcu7t3v3__and2_2 cells:      263
ABC RESULTS:   gf180mcu_as_sc_mcu7t3v3__ao211_2 cells:      222
ABC RESULTS:   gf180mcu_as_sc_mcu7t3v3__ao21_2 cells:       86
ABC RESULTS:   gf180mcu_as_sc_mcu7t3v3__ao21b_2 cells:        1
ABC RESULTS:   gf180mcu_as_sc_mcu7t3v3__ao22_2 cells:      489
ABC RESULTS:   gf180mcu_as_sc_mcu7t3v3__ao31_2 cells:       94
ABC RESULTS:   gf180mcu_as_sc_mcu7t3v3__aoi211_2 cells:       97
ABC RESULTS:   gf180mcu_as_sc_mcu7t3v3__aoi21_2 cells:       93
ABC RESULTS:   gf180mcu_as_sc_mcu7t3v3__aoi21b_2 cells:       34
ABC RESULTS:   gf180mcu_as_sc_mcu7t3v3__aoi22_2 cells:        8
ABC RESULTS:   gf180mcu_as_sc_mcu7t3v3__aoi31_2 cells:        8
ABC RESULTS:   gf180mcu_as_sc_mcu7t3v3__inv_2 cells:       89
ABC RESULTS:   gf180mcu_as_sc_mcu7t3v3__maj3_2 cells:        2
ABC RESULTS:   gf180mcu_as_sc_mcu7t3v3__mux2_2 cells:      345
ABC RESULTS:   gf180mcu_as_sc_mcu7t3v3__nand2_2 cells:      110
ABC RESULTS:   gf180mcu_as_sc_mcu7t3v3__nand2b_2 cells:       30
ABC RESULTS:   gf180mcu_as_sc_mcu7t3v3__nand3_2 cells:       21
ABC RESULTS:   gf180mcu_as_sc_mcu7t3v3__nand4_2 cells:       11
ABC RESULTS:   gf180mcu_as_sc_mcu7t3v3__nor2_2 cells:      147
ABC RESULTS:   gf180mcu_as_sc_mcu7t3v3__nor2b_2 cells:       29
ABC RESULTS:   gf180mcu_as_sc_mcu7t3v3__nor3_2 cells:       62
ABC RESULTS:   gf180mcu_as_sc_mcu7t3v3__oai211_2 cells:        5
ABC RESULTS:   gf180mcu_as_sc_mcu7t3v3__or2_2 cells:       94
ABC RESULTS:   gf180mcu_as_sc_mcu7t3v3__xnor2_2 cells:       24
ABC RESULTS:        internal signals:     8493
ABC RESULTS:           input signals:      727
ABC RESULTS:          output signals:      545
Removing temp directory.
Removing global temp directory.

175. Executing SETUNDEF pass (replace undef values with defined constants).

176. Executing HILOMAP pass (mapping to constant drivers).

177. Executing SPLITNETS pass (splitting up multi-bit signals).

178. Executing OPT_CLEAN pass (remove unused cells and wires).
Finding unused cells or wires in module \mesh_tile..
Removed 2 unused cells and 10039 unused wires.
<suppressed ~239 debug messages>

179. Executing INSBUF pass (insert buffer cells for connected wires).
Add mesh_tile/$auto$insbuf.cc:97:execute$32175: \core_inst.rf_mem_if.o_wb_rdt[24] -> \dft_rdata [0]
Add mesh_tile/$auto$insbuf.cc:97:execute$32176: \core_inst.rf_mem_if.o_wb_rdt[25] -> \dft_rdata [1]
Add mesh_tile/$auto$insbuf.cc:97:execute$32177: \core_inst.rf_mem_if.o_wb_rdt[26] -> \dft_rdata [2]
Add mesh_tile/$auto$insbuf.cc:97:execute$32178: \core_inst.rf_mem_if.o_wb_rdt[27] -> \dft_rdata [3]
Add mesh_tile/$auto$insbuf.cc:97:execute$32179: \core_inst.rf_mem_if.o_wb_rdt[28] -> \dft_rdata [4]
Add mesh_tile/$auto$insbuf.cc:97:execute$32180: \core_inst.rf_mem_if.o_wb_rdt[29] -> \dft_rdata [5]
Add mesh_tile/$auto$insbuf.cc:97:execute$32181: \core_inst.rf_mem_if.o_wb_rdt[30] -> \dft_rdata [6]
Add mesh_tile/$auto$insbuf.cc:97:execute$32182: \core_inst.rf_mem_if.o_wb_rdt[31] -> \dft_rdata [7]

180. Executing CHECK pass (checking for obvious problems).
Checking module mesh_tile...
Found and reported 0 problems.
{
   "creator": "Yosys 0.62 (git sha1 7326bb7d6641500ecb285c291a54a662cb1e76cf, clang++ 21.1.2 -fPIC -O3)",
   "invocation": "stat -json -liberty /home/etcfranc/NoCNoC/librelane/noc_tile/runs/RUN_2026-05-08_18-38-35/tmp/8a8a544cfc164b0e94b967a480993924.lib -liberty /home/etcfranc/NoCNoC/librelane/noc_tile/runs/RUN_2026-05-08_18-38-35/tmp/15cbbec3cd8646f4bb6428bd022e933c.lib -liberty /home/etcfranc/NoCNoC/librelane/noc_tile/runs/RUN_2026-05-08_18-38-35/tmp/1a7a79f3920b49cc9888494dc632c82e.lib ",
   "modules": {
      "\\mesh_tile": {
         "num_wires":         2860,
         "num_wire_bits":     3429,
         "num_pub_wires":     470,
         "num_pub_wire_bits": 1039,
         "num_ports":         28,
         "num_port_bits":     597,
         "num_memories":      0,
         "num_memory_bits":   0,
         "num_processes":     0,
         "num_cells":         3098,
         "num_submodules":       0,
         "area":              84883.993600,
         "sequential_area":    31553.804800,
         "num_cells_by_type": {
            "gf180mcu_as_sc_mcu7t3v3__and2_2": 263,
            "gf180mcu_as_sc_mcu7t3v3__ao211_2": 222,
            "gf180mcu_as_sc_mcu7t3v3__ao21_2": 86,
            "gf180mcu_as_sc_mcu7t3v3__ao21b_2": 1,
            "gf180mcu_as_sc_mcu7t3v3__ao22_2": 489,
            "gf180mcu_as_sc_mcu7t3v3__ao31_2": 94,
            "gf180mcu_as_sc_mcu7t3v3__aoi211_2": 97,
            "gf180mcu_as_sc_mcu7t3v3__aoi21_2": 93,
            "gf180mcu_as_sc_mcu7t3v3__aoi21b_2": 34,
            "gf180mcu_as_sc_mcu7t3v3__aoi22_2": 8,
            "gf180mcu_as_sc_mcu7t3v3__aoi31_2": 8,
            "gf180mcu_as_sc_mcu7t3v3__buff_2": 8,
            "gf180mcu_as_sc_mcu7t3v3__dfsrtp_2": 1,
            "gf180mcu_as_sc_mcu7t3v3__dfxtp_2": 531,
            "gf180mcu_as_sc_mcu7t3v3__inv_2": 89,
            "gf180mcu_as_sc_mcu7t3v3__maj3_2": 2,
            "gf180mcu_as_sc_mcu7t3v3__mux2_2": 345,
            "gf180mcu_as_sc_mcu7t3v3__nand2_2": 110,
            "gf180mcu_as_sc_mcu7t3v3__nand2b_2": 30,
            "gf180mcu_as_sc_mcu7t3v3__nand3_2": 21,
            "gf180mcu_as_sc_mcu7t3v3__nand4_2": 11,
            "gf180mcu_as_sc_mcu7t3v3__nor2_2": 147,
            "gf180mcu_as_sc_mcu7t3v3__nor2b_2": 29,
            "gf180mcu_as_sc_mcu7t3v3__nor3_2": 62,
            "gf180mcu_as_sc_mcu7t3v3__oai211_2": 5,
            "gf180mcu_as_sc_mcu7t3v3__or2_2": 94,
            "gf180mcu_as_sc_mcu7t3v3__tieh_4": 1,
            "gf180mcu_as_sc_mcu7t3v3__tiel_4": 191,
            "gf180mcu_as_sc_mcu7t3v3__xnor2_2": 24,
            "gf180mcu_ocd_ip_sram__sram1024x8m8wm1": 2
         }
      }
   },
      "design": {
         "num_wires":         2860,
         "num_wire_bits":     3429,
         "num_pub_wires":     470,
         "num_pub_wire_bits": 1039,
         "num_ports":         28,
         "num_port_bits":     597,
         "num_memories":      0,
         "num_memory_bits":   0,
         "num_processes":     0,
         "num_cells":         3098,
         "num_submodules":       0,
         "area":              84883.993600,
         "sequential_area":    31553.804800,
         "num_cells_by_type": {
            "gf180mcu_as_sc_mcu7t3v3__and2_2": 263,
            "gf180mcu_as_sc_mcu7t3v3__ao211_2": 222,
            "gf180mcu_as_sc_mcu7t3v3__ao21_2": 86,
            "gf180mcu_as_sc_mcu7t3v3__ao21b_2": 1,
            "gf180mcu_as_sc_mcu7t3v3__ao22_2": 489,
            "gf180mcu_as_sc_mcu7t3v3__ao31_2": 94,
            "gf180mcu_as_sc_mcu7t3v3__aoi211_2": 97,
            "gf180mcu_as_sc_mcu7t3v3__aoi21_2": 93,
            "gf180mcu_as_sc_mcu7t3v3__aoi21b_2": 34,
            "gf180mcu_as_sc_mcu7t3v3__aoi22_2": 8,
            "gf180mcu_as_sc_mcu7t3v3__aoi31_2": 8,
            "gf180mcu_as_sc_mcu7t3v3__buff_2": 8,
            "gf180mcu_as_sc_mcu7t3v3__dfsrtp_2": 1,
            "gf180mcu_as_sc_mcu7t3v3__dfxtp_2": 531,
            "gf180mcu_as_sc_mcu7t3v3__inv_2": 89,
            "gf180mcu_as_sc_mcu7t3v3__maj3_2": 2,
            "gf180mcu_as_sc_mcu7t3v3__mux2_2": 345,
            "gf180mcu_as_sc_mcu7t3v3__nand2_2": 110,
            "gf180mcu_as_sc_mcu7t3v3__nand2b_2": 30,
            "gf180mcu_as_sc_mcu7t3v3__nand3_2": 21,
            "gf180mcu_as_sc_mcu7t3v3__nand4_2": 11,
            "gf180mcu_as_sc_mcu7t3v3__nor2_2": 147,
            "gf180mcu_as_sc_mcu7t3v3__nor2b_2": 29,
            "gf180mcu_as_sc_mcu7t3v3__nor3_2": 62,
            "gf180mcu_as_sc_mcu7t3v3__oai211_2": 5,
            "gf180mcu_as_sc_mcu7t3v3__or2_2": 94,
            "gf180mcu_as_sc_mcu7t3v3__tieh_4": 1,
            "gf180mcu_as_sc_mcu7t3v3__tiel_4": 191,
            "gf180mcu_as_sc_mcu7t3v3__xnor2_2": 24,
            "gf180mcu_ocd_ip_sram__sram1024x8m8wm1": 2
         }
      }
}

181. Printing statistics.

=== mesh_tile ===

        +----------Local Count, excluding submodules.
        |        +-Local Area, excluding submodules.
        |        | 
     2860        - wires
     3429        - wire bits
      470        - public wires
     1039        - public wire bits
       28        - ports
      597        - port bits
     3098 8.49E+04 cells
      263 4.04E+03   gf180mcu_as_sc_mcu7t3v3__and2_2
      222 5.36E+03   gf180mcu_as_sc_mcu7t3v3__ao211_2
       86 1.89E+03   gf180mcu_as_sc_mcu7t3v3__ao21_2
        1   37.318   gf180mcu_as_sc_mcu7t3v3__ao21b_2
      489 1.18E+04   gf180mcu_as_sc_mcu7t3v3__ao22_2
       94 2.06E+03   gf180mcu_as_sc_mcu7t3v3__ao31_2
       97 2.98E+03   gf180mcu_as_sc_mcu7t3v3__aoi211_2
       93 2.04E+03   gf180mcu_as_sc_mcu7t3v3__aoi21_2
       34  970.278   gf180mcu_as_sc_mcu7t3v3__aoi21b_2
        8  245.862   gf180mcu_as_sc_mcu7t3v3__aoi22_2
        8  245.862   gf180mcu_as_sc_mcu7t3v3__aoi31_2
        8   105.37   gf180mcu_as_sc_mcu7t3v3__buff_2
        1   81.222   gf180mcu_as_sc_mcu7t3v3__dfsrtp_2
      531 3.15E+04   gf180mcu_as_sc_mcu7t3v3__dfxtp_2
       89  781.491   gf180mcu_as_sc_mcu7t3v3__inv_2
        2   52.685   gf180mcu_as_sc_mcu7t3v3__maj3_2
      345 9.09E+03   gf180mcu_as_sc_mcu7t3v3__mux2_2
      110 1.69E+03   gf180mcu_as_sc_mcu7t3v3__nand2_2
       30   658.56   gf180mcu_as_sc_mcu7t3v3__nand2b_2
       21  507.091   gf180mcu_as_sc_mcu7t3v3__nand3_2
       11  338.061   gf180mcu_as_sc_mcu7t3v3__nand4_2
      147 2.26E+03   gf180mcu_as_sc_mcu7t3v3__nor2_2
       29  636.608   gf180mcu_as_sc_mcu7t3v3__nor2b_2
       62  1.5E+03   gf180mcu_as_sc_mcu7t3v3__nor3_2
        5   164.64   gf180mcu_as_sc_mcu7t3v3__oai211_2
       94 1.44E+03   gf180mcu_as_sc_mcu7t3v3__or2_2
        1    8.781   gf180mcu_as_sc_mcu7t3v3__tieh_4
      191 1.68E+03   gf180mcu_as_sc_mcu7t3v3__tiel_4
       24  737.587   gf180mcu_as_sc_mcu7t3v3__xnor2_2
        2        -   gf180mcu_ocd_ip_sram__sram1024x8m8wm1

   Area for cell type \gf180mcu_ocd_ip_sram__sram1024x8m8wm1 is unknown!

   Chip area for module '\mesh_tile': 84883.993600
     of which used for sequential elements: 31553.804800 (37.17%)

182. Executing Verilog backend.
Dumping module `\mesh_tile'.

183. Executing JSON backend.
