147 Lint warnings found.
'PNR_SDC_FILE' is not defined. Using generic fallback SDC for OpenROAD PnR steps.
'SIGNOFF_SDC_FILE' is not defined. Using generic fallback SDC for OpenROAD PnR steps.
[ORD-2001] LEF macro gf180mcu_ef_io__bi_t pin ANA missing from liberty cell.
[ORD-2001] LEF macro gf180mcu_ef_io__bi_t pin ANA missing from liberty cell.
[IFP-0028] Core area lower left (10.000, 10.000) snapped to (10.080, 11.760).
[ORD-2001] LEF macro gf180mcu_ef_io__bi_t pin ANA missing from liberty cell.
Cell 'gf180mcu_ocd_ip_sram__sram1024x8m8wm1' has (11) input pin(s) without antenna gate information. They might not be connected to a gate.
[ORD-2001] LEF macro gf180mcu_ef_io__bi_t pin ANA missing from liberty cell.
[ORD-2001] LEF macro gf180mcu_ef_io__bi_t pin ANA missing from liberty cell.
[ORD-2001] LEF macro gf180mcu_ef_io__bi_t pin ANA missing from liberty cell.
[PDN-0110] No via inserted between Metal2 and Metal3 at (512.4700, 24.2100) - (515.9700, 24.2100) on VDD
[PDN-0110] No via inserted between Metal2 and Metal3 at (512.4700, 50.0200) - (515.9700, 50.1200) on VDD
[PDN-0110] No via inserted between Metal2 and Metal3 at (512.4700, 84.8500) - (515.9700, 84.8500) on VDD
[PDN-0110] No via inserted between Metal2 and Metal3 at (515.0900, 519.5100) - (515.9700, 519.5100) on VDD
[PDN-0110] No via inserted between Metal2 and Metal3 at (603.7000, 15.9700) - (605.2400, 16.0000) on VDD
[PDN-0110] No via inserted between Metal2 and Metal3 at (805.3300, 94.3700) - (805.5000, 95.1200) on VDD
[PDN-0110] No via inserted between Metal2 and Metal3 at (805.3300, 95.6000) - (805.5000, 96.3500) on VDD
[PDN-0110] No via inserted between Metal2 and Metal3 at (807.7500, 50.0100) - (808.8300, 50.0200) on VDD
[PDN-0110] No via inserted between Metal2 and Metal3 at (809.1200, 325.0900) - (810.8000, 325.1800) on VSS
[PDN-0110] No via inserted between Metal2 and Metal3 at (809.1200, 337.2100) - (810.8000, 337.3000) on VSS
[PDN-0110] No via inserted between Metal2 and Metal3 at (809.1200, 343.2700) - (810.8000, 343.3600) on VSS
[PDN-0110] No via inserted between Metal2 and Metal3 at (809.1200, 361.4500) - (810.8000, 361.5400) on VSS
[PDN-0110] No via inserted between Metal2 and Metal3 at (809.1200, 379.6300) - (810.8000, 379.7200) on VSS
[PDN-0110] No via inserted between Metal2 and Metal3 at (809.1200, 397.8100) - (810.8000, 397.9000) on VSS
[PDN-0110] No via inserted between Metal2 and Metal3 at (809.1200, 415.9900) - (810.8000, 416.0800) on VSS
[PDN-0110] No via inserted between Metal2 and Metal3 at (809.1200, 434.1700) - (810.8000, 434.2600) on VSS
[PDN-0110] No via inserted between Metal2 and Metal3 at (809.1200, 452.3500) - (810.8000, 452.4400) on VSS
[PDN-0110] No via inserted between Metal2 and Metal3 at (809.1200, 458.4100) - (810.8000, 458.5000) on VSS
[PDN-0110] No via inserted between Metal2 and Metal3 at (809.1200, 470.5300) - (810.8000, 470.6200) on VSS
[PDN-0110] No via inserted between Metal2 and Metal3 at (809.1200, 488.7100) - (810.8000, 488.8000) on VSS
[PDN-0110] No via inserted between Metal2 and Metal3 at (809.1200, 506.8900) - (810.8000, 506.9800) on VSS
[PDN-0110] No via inserted between Metal2 and Metal3 at (809.1900, 123.6600) - (810.3100, 123.9200) on VSS
[PDN-0110] No via inserted between Metal3 and Metal4 at (510.0000, 23.2000) - (510.7000, 23.2000) on VSS
[PDN-0110] No via inserted between Metal3 and Metal4 at (512.6400, 24.2100) - (515.0000, 24.2100) on VDD
[PDN-0110] No via inserted between Metal3 and Metal4 at (512.6400, 50.0200) - (515.0000, 50.1200) on VDD
[PDN-0110] No via inserted between Metal3 and Metal4 at (512.6400, 84.8500) - (515.0000, 84.8500) on VDD
[PDN-0110] No via inserted between Metal2 and Metal3 at (192.4700, 24.2100) - (195.9700, 24.2100) on VDD
[PDN-0110] No via inserted between Metal2 and Metal3 at (192.4700, 50.0200) - (195.9700, 50.1200) on VDD
[PDN-0110] No via inserted between Metal2 and Metal3 at (192.4700, 84.8500) - (195.9700, 84.8500) on VDD
[PDN-0110] No via inserted between Metal2 and Metal3 at (195.0900, 519.5100) - (195.9700, 519.5100) on VDD
[PDN-0110] No via inserted between Metal2 and Metal3 at (283.7000, 15.9700) - (285.2400, 16.0000) on VDD
[PDN-0110] No via inserted between Metal2 and Metal3 at (485.3300, 94.3700) - (485.5000, 95.1200) on VDD
[PDN-0110] No via inserted between Metal2 and Metal3 at (485.3300, 95.6000) - (485.5000, 96.3500) on VDD
[PDN-0110] No via inserted between Metal2 and Metal3 at (487.7500, 50.0100) - (488.8300, 50.0200) on VDD
[PDN-0110] No via inserted between Metal2 and Metal3 at (489.1200, 325.0900) - (490.8000, 325.1800) on VSS
[PDN-0110] No via inserted between Metal2 and Metal3 at (489.1200, 337.2100) - (490.8000, 337.3000) on VSS
[PDN-0110] No via inserted between Metal2 and Metal3 at (489.1200, 343.2700) - (490.8000, 343.3600) on VSS
[PDN-0110] No via inserted between Metal2 and Metal3 at (489.1200, 361.4500) - (490.8000, 361.5400) on VSS
[PDN-0110] No via inserted between Metal2 and Metal3 at (489.1200, 379.6300) - (490.8000, 379.7200) on VSS
[PDN-0110] No via inserted between Metal2 and Metal3 at (489.1200, 397.8100) - (490.8000, 397.9000) on VSS
[PDN-0110] No via inserted between Metal2 and Metal3 at (489.1200, 415.9900) - (490.8000, 416.0800) on VSS
[PDN-0110] No via inserted between Metal2 and Metal3 at (489.1200, 434.1700) - (490.8000, 434.2600) on VSS
[PDN-0110] No via inserted between Metal2 and Metal3 at (489.1200, 452.3500) - (490.8000, 452.4400) on VSS
[PDN-0110] No via inserted between Metal2 and Metal3 at (489.1200, 458.4100) - (490.8000, 458.5000) on VSS
[PDN-0110] No via inserted between Metal2 and Metal3 at (489.1200, 470.5300) - (490.8000, 470.6200) on VSS
[PDN-0110] No via inserted between Metal2 and Metal3 at (489.1200, 488.7100) - (490.8000, 488.8000) on VSS
[PDN-0110] No via inserted between Metal2 and Metal3 at (489.1200, 506.8900) - (490.8000, 506.9800) on VSS
[PDN-0110] No via inserted between Metal2 and Metal3 at (489.1900, 123.6600) - (490.3100, 123.9200) on VSS
[PDN-0110] No via inserted between Metal3 and Metal4 at (190.0000, 23.2000) - (190.7000, 23.2000) on VSS
[PDN-0110] No via inserted between Metal3 and Metal4 at (192.6400, 24.2100) - (195.0000, 24.2100) on VDD
[PDN-0110] No via inserted between Metal3 and Metal4 at (192.6400, 50.0200) - (195.0000, 50.1200) on VDD
[PDN-0110] No via inserted between Metal3 and Metal4 at (192.6400, 84.8500) - (195.0000, 84.8500) on VDD
[PSM-0038] Unconnected shape on net VDD at (10.080um, 15.380um) - (10.455um, 15.980um), layer: Metal1.
[PSM-0038] Unconnected shape on net VDD at (10.455um, 13.995um) - (10.795um, 17.365um), layer: Metal1.
[PSM-0038] Unconnected shape on net VDD at (10.455um, 21.835um) - (10.795um, 25.205um), layer: Metal1.
[PSM-0038] Unconnected shape on net VDD at (10.080um, 23.220um) - (10.455um, 23.820um), layer: Metal1.
[PSM-0038] Unconnected shape on net VDD at (10.455um, 29.675um) - (10.795um, 33.045um), layer: Metal1.
[PSM-0038] Unconnected shape on net VDD at (10.080um, 31.060um) - (10.455um, 31.660um), layer: Metal1.
[PSM-0038] Unconnected shape on net VDD at (10.080um, 38.900um) - (10.455um, 39.500um), layer: Metal1.
[PSM-0038] Unconnected shape on net VDD at (10.455um, 37.515um) - (10.795um, 40.885um), layer: Metal1.
[PSM-0038] Unconnected shape on net VDD at (10.080um, 46.740um) - (10.455um, 47.340um), layer: Metal1.
[PSM-0038] Unconnected shape on net VDD at (10.455um, 45.355um) - (10.795um, 48.725um), layer: Metal1.
[PSM-0038] Unconnected shape on net VDD at (10.080um, 54.580um) - (10.455um, 55.180um), layer: Metal1.
[PSM-0038] Unconnected shape on net VDD at (10.455um, 53.195um) - (10.795um, 56.565um), layer: Metal1.
[PSM-0038] Unconnected shape on net VDD at (10.080um, 62.420um) - (10.455um, 63.020um), layer: Metal1.
[PSM-0038] Unconnected shape on net VDD at (10.455um, 61.035um) - (10.795um, 64.405um), layer: Metal1.
[PSM-0038] Unconnected shape on net VDD at (10.455um, 68.875um) - (10.795um, 72.245um), layer: Metal1.
[PSM-0038] Unconnected shape on net VDD at (10.080um, 70.260um) - (10.455um, 70.860um), layer: Metal1.
[PSM-0038] Unconnected shape on net VDD at (10.080um, 78.100um) - (10.455um, 78.700um), layer: Metal1.
[PSM-0038] Unconnected shape on net VDD at (10.455um, 76.715um) - (10.795um, 80.085um), layer: Metal1.
[PSM-0038] Unconnected shape on net VDD at (10.080um, 85.940um) - (10.455um, 86.540um), layer: Metal1.
[PSM-0038] Unconnected shape on net VDD at (10.455um, 84.555um) - (10.795um, 87.925um), layer: Metal1.
[PSM-0038] Unconnected shape on net VDD at (10.080um, 93.780um) - (10.455um, 94.380um), layer: Metal1.
[PSM-0038] Unconnected shape on net VDD at (10.455um, 92.395um) - (10.795um, 95.765um), layer: Metal1.
[PSM-0038] Unconnected shape on net VDD at (10.455um, 100.235um) - (10.795um, 103.605um), layer: Metal1.
[PSM-0038] Unconnected shape on net VDD at (10.080um, 101.620um) - (10.455um, 102.220um), layer: Metal1.
[PSM-0038] Unconnected shape on net VDD at (10.455um, 108.075um) - (10.795um, 111.445um), layer: Metal1.
[PSM-0038] Unconnected shape on net VDD at (10.080um, 109.460um) - (10.455um, 110.060um), layer: Metal1.
[PSM-0038] Unconnected shape on net VDD at (10.080um, 117.300um) - (10.455um, 117.900um), layer: Metal1.
[PSM-0038] Unconnected shape on net VDD at (10.455um, 115.915um) - (10.795um, 119.285um), layer: Metal1.
[PSM-0038] Unconnected shape on net VDD at (10.080um, 125.140um) - (10.455um, 125.740um), layer: Metal1.
[PSM-0038] Unconnected shape on net VDD at (10.455um, 123.755um) - (10.795um, 127.125um), layer: Metal1.
[PSM-0038] Unconnected shape on net VDD at (10.080um, 132.980um) - (10.455um, 133.580um), layer: Metal1.
[PSM-0038] Unconnected shape on net VDD at (10.455um, 131.595um) - (10.795um, 134.965um), layer: Metal1.
[PSM-0038] Unconnected shape on net VDD at (10.080um, 140.820um) - (10.455um, 141.420um), layer: Metal1.
[PSM-0038] Unconnected shape on net VDD at (10.455um, 139.435um) - (10.795um, 142.805um), layer: Metal1.
[PSM-0038] Unconnected shape on net VDD at (10.080um, 148.660um) - (10.455um, 149.260um), layer: Metal1.
[PSM-0038] Unconnected shape on net VDD at (10.455um, 147.275um) - (10.795um, 150.645um), layer: Metal1.
[PSM-0038] Unconnected shape on net VDD at (10.080um, 156.500um) - (10.455um, 157.100um), layer: Metal1.
[PSM-0038] Unconnected shape on net VDD at (10.455um, 155.115um) - (10.795um, 158.485um), layer: Metal1.
[PSM-0038] Unconnected shape on net VDD at (10.080um, 164.340um) - (10.455um, 164.940um), layer: Metal1.
[PSM-0038] Unconnected shape on net VDD at (10.455um, 162.955um) - (10.795um, 166.325um), layer: Metal1.
[PSM-0038] Unconnected shape on net VDD at (10.080um, 172.180um) - (10.455um, 172.780um), layer: Metal1.
[PSM-0038] Unconnected shape on net VDD at (10.455um, 170.795um) - (10.795um, 174.165um), layer: Metal1.
[PSM-0038] Unconnected shape on net VDD at (10.080um, 180.020um) - (10.455um, 180.620um), layer: Metal1.
[PSM-0038] Unconnected shape on net VDD at (10.455um, 178.635um) - (10.795um, 182.005um), layer: Metal1.
[PSM-0038] Unconnected shape on net VDD at (10.080um, 187.860um) - (10.455um, 188.460um), layer: Metal1.
[PSM-0038] Unconnected shape on net VDD at (10.455um, 186.475um) - (10.795um, 189.845um), layer: Metal1.
[PSM-0038] Unconnected shape on net VDD at (10.080um, 195.700um) - (10.455um, 196.300um), layer: Metal1.
[PSM-0038] Unconnected shape on net VDD at (10.455um, 194.315um) - (10.795um, 197.685um), layer: Metal1.
[PSM-0038] Unconnected shape on net VDD at (10.080um, 203.540um) - (10.455um, 204.140um), layer: Metal1.
[PSM-0038] Unconnected shape on net VDD at (10.455um, 202.155um) - (10.795um, 205.525um), layer: Metal1.
[PSM-0038] Unconnected shape on net VDD at (10.080um, 211.380um) - (10.455um, 211.980um), layer: Metal1.
[PSM-0038] Unconnected shape on net VDD at (10.455um, 209.995um) - (10.795um, 213.365um), layer: Metal1.
[PSM-0038] Unconnected shape on net VDD at (10.455um, 217.835um) - (10.795um, 221.205um), layer: Metal1.
[PSM-0038] Unconnected shape on net VDD at (10.080um, 219.220um) - (10.455um, 219.820um), layer: Metal1.
[PSM-0038] Unconnected shape on net VDD at (10.080um, 227.060um) - (10.455um, 227.660um), layer: Metal1.
[PSM-0038] Unconnected shape on net VDD at (10.455um, 225.675um) - (10.795um, 229.045um), layer: Metal1.
[PSM-0038] Unconnected shape on net VDD at (10.080um, 234.900um) - (10.455um, 235.500um), layer: Metal1.
[PSM-0038] Unconnected shape on net VDD at (10.455um, 233.515um) - (10.795um, 236.885um), layer: Metal1.
[PSM-0038] Unconnected shape on net VDD at (10.080um, 242.740um) - (10.455um, 243.340um), layer: Metal1.
[PSM-0038] Unconnected shape on net VDD at (10.455um, 241.355um) - (10.795um, 244.725um), layer: Metal1.
[PSM-0038] Unconnected shape on net VDD at (10.080um, 250.580um) - (10.455um, 251.180um), layer: Metal1.
[PSM-0038] Unconnected shape on net VDD at (10.455um, 249.195um) - (10.795um, 252.565um), layer: Metal1.
[PSM-0038] Unconnected shape on net VDD at (10.080um, 258.420um) - (10.455um, 259.020um), layer: Metal1.
[PSM-0038] Unconnected shape on net VDD at (10.455um, 257.035um) - (10.795um, 260.405um), layer: Metal1.
[PSM-0038] Unconnected shape on net VDD at (10.080um, 266.260um) - (10.455um, 266.860um), layer: Metal1.
[PSM-0038] Unconnected shape on net VDD at (10.455um, 264.875um) - (10.795um, 268.245um), layer: Metal1.
[PSM-0038] Unconnected shape on net VDD at (10.080um, 274.100um) - (10.455um, 274.700um), layer: Metal1.
[PSM-0038] Unconnected shape on net VDD at (10.455um, 272.715um) - (10.795um, 276.085um), layer: Metal1.
[PSM-0038] Unconnected shape on net VDD at (10.080um, 281.940um) - (10.455um, 282.540um), layer: Metal1.
[PSM-0038] Unconnected shape on net VDD at (10.455um, 280.555um) - (10.795um, 283.925um), layer: Metal1.
[PSM-0038] Unconnected shape on net VDD at (10.455um, 288.395um) - (10.795um, 291.765um), layer: Metal1.
[PSM-0038] Unconnected shape on net VDD at (10.080um, 289.780um) - (10.455um, 290.380um), layer: Metal1.
[PSM-0038] Unconnected shape on net VDD at (10.080um, 297.620um) - (10.455um, 298.220um), layer: Metal1.
[PSM-0038] Unconnected shape on net VDD at (10.455um, 296.235um) - (10.795um, 299.605um), layer: Metal1.
[PSM-0038] Unconnected shape on net VDD at (10.455um, 304.075um) - (10.795um, 307.445um), layer: Metal1.
[PSM-0038] Unconnected shape on net VDD at (10.080um, 305.460um) - (10.455um, 306.060um), layer: Metal1.
[PSM-0038] Unconnected shape on net VDD at (10.455um, 311.915um) - (10.795um, 315.285um), layer: Metal1.
[PSM-0038] Unconnected shape on net VDD at (10.080um, 313.300um) - (10.455um, 313.900um), layer: Metal1.
[PSM-0038] Unconnected shape on net VDD at (10.455um, 319.755um) - (10.795um, 323.125um), layer: Metal1.
[PSM-0038] Unconnected shape on net VDD at (10.080um, 321.140um) - (10.455um, 321.740um), layer: Metal1.
[PSM-0038] Unconnected shape on net VDD at (10.455um, 327.595um) - (10.795um, 330.965um), layer: Metal1.
[PSM-0038] Unconnected shape on net VDD at (10.080um, 328.980um) - (10.455um, 329.580um), layer: Metal1.
[PSM-0038] Unconnected shape on net VDD at (10.080um, 336.820um) - (10.455um, 337.420um), layer: Metal1.
[PSM-0038] Unconnected shape on net VDD at (10.455um, 335.435um) - (10.795um, 338.805um), layer: Metal1.
[PSM-0038] Unconnected shape on net VDD at (10.080um, 344.660um) - (10.455um, 345.260um), layer: Metal1.
[PSM-0038] Unconnected shape on net VDD at (10.455um, 343.275um) - (10.795um, 346.645um), layer: Metal1.
[PSM-0038] Unconnected shape on net VDD at (10.080um, 352.500um) - (10.455um, 353.100um), layer: Metal1.
[PSM-0038] Unconnected shape on net VDD at (10.455um, 351.115um) - (10.795um, 354.485um), layer: Metal1.
[PSM-0038] Unconnected shape on net VDD at (10.080um, 360.340um) - (10.455um, 360.940um), layer: Metal1.
[PSM-0038] Unconnected shape on net VDD at (10.455um, 358.955um) - (10.795um, 362.325um), layer: Metal1.
[PSM-0038] Unconnected shape on net VDD at (10.080um, 368.180um) - (10.455um, 368.780um), layer: Metal1.
[PSM-0038] Unconnected shape on net VDD at (10.455um, 366.795um) - (10.795um, 370.165um), layer: Metal1.
[PSM-0038] Unconnected shape on net VDD at (10.080um, 376.020um) - (10.455um, 376.620um), layer: Metal1.
[PSM-0038] Unconnected shape on net VDD at (10.455um, 374.635um) - (10.795um, 378.005um), layer: Metal1.
[PSM-0038] Unconnected shape on net VDD at (10.080um, 383.860um) - (10.455um, 384.460um), layer: Metal1.
[PSM-0038] Unconnected shape on net VDD at (10.455um, 382.475um) - (10.795um, 385.845um), layer: Metal1.
[PSM-0038] Unconnected shape on net VDD at (10.455um, 390.315um) - (10.795um, 393.685um), layer: Metal1.
[PSM-0038] Unconnected shape on net VDD at (10.080um, 391.700um) - (10.455um, 392.300um), layer: Metal1.
[PSM-0038] Unconnected shape on net VDD at (10.455um, 398.155um) - (10.795um, 401.525um), layer: Metal1.
[PSM-0038] Unconnected shape on net VDD at (10.080um, 399.540um) - (10.455um, 400.140um), layer: Metal1.
[PSM-0038] Unconnected shape on net VDD at (10.455um, 405.995um) - (10.795um, 409.365um), layer: Metal1.
[PSM-0038] Unconnected shape on net VDD at (10.080um, 407.380um) - (10.455um, 407.980um), layer: Metal1.
[PSM-0038] Unconnected shape on net VDD at (10.080um, 415.220um) - (10.455um, 415.820um), layer: Metal1.
[PSM-0038] Unconnected shape on net VDD at (10.455um, 413.835um) - (10.795um, 417.205um), layer: Metal1.
[PSM-0038] Unconnected shape on net VDD at (10.455um, 421.675um) - (10.795um, 425.045um), layer: Metal1.
[PSM-0038] Unconnected shape on net VDD at (10.080um, 423.060um) - (10.455um, 423.660um), layer: Metal1.
[PSM-0038] Unconnected shape on net VDD at (10.455um, 429.515um) - (10.795um, 432.885um), layer: Metal1.
[PSM-0038] Unconnected shape on net VDD at (10.080um, 430.900um) - (10.455um, 431.500um), layer: Metal1.
[PSM-0038] Unconnected shape on net VDD at (10.080um, 438.740um) - (10.455um, 439.340um), layer: Metal1.
[PSM-0038] Unconnected shape on net VDD at (10.455um, 437.355um) - (10.795um, 440.725um), layer: Metal1.
[PSM-0038] Unconnected shape on net VDD at (10.080um, 446.580um) - (10.455um, 447.180um), layer: Metal1.
[PSM-0038] Unconnected shape on net VDD at (10.455um, 445.195um) - (10.795um, 448.565um), layer: Metal1.
[PSM-0038] Unconnected shape on net VDD at (10.080um, 454.420um) - (10.455um, 455.020um), layer: Metal1.
[PSM-0038] Unconnected shape on net VDD at (10.455um, 453.035um) - (10.795um, 456.405um), layer: Metal1.
[PSM-0038] Unconnected shape on net VDD at (10.080um, 462.260um) - (10.455um, 462.860um), layer: Metal1.
[PSM-0038] Unconnected shape on net VDD at (10.455um, 460.875um) - (10.795um, 464.245um), layer: Metal1.
[PSM-0038] Unconnected shape on net VDD at (10.455um, 468.715um) - (10.795um, 472.085um), layer: Metal1.
[PSM-0038] Unconnected shape on net VDD at (10.080um, 470.100um) - (10.455um, 470.700um), layer: Metal1.
[PSM-0038] Unconnected shape on net VDD at (10.080um, 477.940um) - (10.455um, 478.540um), layer: Metal1.
[PSM-0038] Unconnected shape on net VDD at (10.455um, 476.555um) - (10.795um, 479.925um), layer: Metal1.
[PSM-0038] Unconnected shape on net VDD at (10.080um, 485.780um) - (10.455um, 486.380um), layer: Metal1.
[PSM-0038] Unconnected shape on net VDD at (10.455um, 484.395um) - (10.795um, 487.765um), layer: Metal1.
[PSM-0038] Unconnected shape on net VDD at (10.080um, 493.620um) - (10.455um, 494.220um), layer: Metal1.
[PSM-0038] Unconnected shape on net VDD at (10.455um, 492.235um) - (10.795um, 495.605um), layer: Metal1.
[PSM-0038] Unconnected shape on net VDD at (10.455um, 500.075um) - (10.795um, 503.445um), layer: Metal1.
[PSM-0038] Unconnected shape on net VDD at (10.080um, 501.460um) - (10.455um, 502.060um), layer: Metal1.
[PSM-0038] Unconnected shape on net VDD at (10.080um, 509.300um) - (10.455um, 509.900um), layer: Metal1.
[PSM-0038] Unconnected shape on net VDD at (10.455um, 507.915um) - (10.795um, 511.285um), layer: Metal1.
[PSM-0038] Unconnected shape on net VDD at (10.080um, 517.140um) - (10.455um, 517.740um), layer: Metal1.
[PSM-0038] Unconnected shape on net VDD at (10.455um, 515.755um) - (10.795um, 519.125um), layer: Metal1.
[PSM-0038] Unconnected shape on net VDD at (10.080um, 524.980um) - (10.455um, 525.580um), layer: Metal1.
[PSM-0038] Unconnected shape on net VDD at (10.455um, 523.595um) - (10.795um, 526.965um), layer: Metal1.
[PSM-0038] Unconnected shape on net VDD at (10.080um, 532.820um) - (10.455um, 533.420um), layer: Metal1.
[PSM-0038] Unconnected shape on net VDD at (10.455um, 531.435um) - (10.795um, 534.805um), layer: Metal1.
[PSM-0038] Unconnected shape on net VDD at (10.080um, 540.660um) - (10.455um, 541.260um), layer: Metal1.
[PSM-0038] Unconnected shape on net VDD at (10.455um, 539.275um) - (10.795um, 542.645um), layer: Metal1.
[PSM-0038] Unconnected shape on net VDD at (10.080um, 548.500um) - (10.455um, 549.100um), layer: Metal1.
[PSM-0038] Unconnected shape on net VDD at (10.455um, 547.115um) - (10.795um, 550.485um), layer: Metal1.
[PSM-0038] Unconnected shape on net VDD at (10.455um, 554.955um) - (10.795um, 558.325um), layer: Metal1.
[PSM-0038] Unconnected shape on net VDD at (10.080um, 556.340um) - (10.455um, 556.940um), layer: Metal1.
[PSM-0038] Unconnected shape on net VDD at (10.455um, 562.795um) - (10.795um, 566.165um), layer: Metal1.
[PSM-0038] Unconnected shape on net VDD at (10.080um, 564.180um) - (10.455um, 564.780um), layer: Metal1.
[PSM-0038] Unconnected shape on net VDD at (10.455um, 570.635um) - (10.795um, 574.005um), layer: Metal1.
[PSM-0038] Unconnected shape on net VDD at (10.080um, 572.020um) - (10.455um, 572.620um), layer: Metal1.
[PSM-0038] Unconnected shape on net VDD at (10.080um, 579.860um) - (10.455um, 580.460um), layer: Metal1.
[PSM-0038] Unconnected shape on net VDD at (10.455um, 578.475um) - (10.795um, 581.845um), layer: Metal1.
[PSM-0038] Unconnected shape on net VDD at (10.455um, 586.315um) - (10.795um, 589.685um), layer: Metal1.
[PSM-0038] Unconnected shape on net VDD at (10.080um, 587.700um) - (10.455um, 588.300um), layer: Metal1.
[PSM-0038] Unconnected shape on net VDD at (10.080um, 595.540um) - (10.455um, 596.140um), layer: Metal1.
[PSM-0038] Unconnected shape on net VDD at (10.455um, 594.155um) - (10.795um, 597.525um), layer: Metal1.
[PSM-0038] Unconnected shape on net VDD at (10.455um, 601.995um) - (10.795um, 605.365um), layer: Metal1.
[PSM-0038] Unconnected shape on net VDD at (10.080um, 603.380um) - (10.455um, 603.980um), layer: Metal1.
[PSM-0038] Unconnected shape on net VDD at (10.455um, 609.835um) - (10.795um, 613.205um), layer: Metal1.
[PSM-0038] Unconnected shape on net VDD at (10.080um, 611.220um) - (10.455um, 611.820um), layer: Metal1.
[PSM-0038] Unconnected shape on net VDD at (10.455um, 617.675um) - (10.795um, 621.045um), layer: Metal1.
[PSM-0038] Unconnected shape on net VDD at (10.080um, 619.060um) - (10.455um, 619.660um), layer: Metal1.
[PSM-0038] Unconnected shape on net VDD at (10.080um, 626.900um) - (10.455um, 627.500um), layer: Metal1.
[PSM-0038] Unconnected shape on net VDD at (10.455um, 625.515um) - (10.795um, 628.885um), layer: Metal1.
[PSM-0038] Unconnected shape on net VDD at (10.080um, 634.740um) - (10.455um, 635.340um), layer: Metal1.
[PSM-0038] Unconnected shape on net VDD at (10.455um, 633.355um) - (10.795um, 636.725um), layer: Metal1.
[PSM-0038] Unconnected shape on net VDD at (10.455um, 641.195um) - (10.795um, 644.565um), layer: Metal1.
[PSM-0038] Unconnected shape on net VDD at (10.080um, 642.580um) - (10.455um, 643.180um), layer: Metal1.
[PSM-0038] Unconnected shape on net VDD at (10.455um, 649.035um) - (10.795um, 652.405um), layer: Metal1.
[PSM-0038] Unconnected shape on net VDD at (10.080um, 650.420um) - (10.455um, 651.020um), layer: Metal1.
[PSM-0038] Unconnected shape on net VDD at (10.080um, 658.260um) - (10.455um, 658.860um), layer: Metal1.
[PSM-0038] Unconnected shape on net VDD at (10.455um, 656.875um) - (10.795um, 660.245um), layer: Metal1.
[PSM-0038] Unconnected shape on net VDD at (10.455um, 664.715um) - (10.795um, 668.085um), layer: Metal1.
[PSM-0038] Unconnected shape on net VDD at (10.080um, 666.100um) - (10.455um, 666.700um), layer: Metal1.
[PSM-0038] Unconnected shape on net VDD at (10.455um, 672.555um) - (10.795um, 675.925um), layer: Metal1.
[PSM-0038] Unconnected shape on net VDD at (10.080um, 673.940um) - (10.455um, 674.540um), layer: Metal1.
[PSM-0038] Unconnected shape on net VDD at (10.455um, 680.395um) - (10.795um, 683.765um), layer: Metal1.
[PSM-0038] Unconnected shape on net VDD at (10.080um, 681.780um) - (10.455um, 682.380um), layer: Metal1.
[PSM-0038] Unconnected shape on net VDD at (10.080um, 689.620um) - (10.455um, 690.220um), layer: Metal1.
[PSM-0038] Unconnected shape on net VDD at (10.455um, 688.235um) - (10.795um, 691.605um), layer: Metal1.
[PSM-0038] Unconnected shape on net VDD at (10.080um, 697.460um) - (10.455um, 698.060um), layer: Metal1.
[PSM-0038] Unconnected shape on net VDD at (10.455um, 696.075um) - (10.795um, 699.445um), layer: Metal1.
[PSM-0038] Unconnected shape on net VDD at (10.080um, 705.300um) - (10.455um, 705.900um), layer: Metal1.
[PSM-0038] Unconnected shape on net VDD at (10.455um, 703.915um) - (10.795um, 707.285um), layer: Metal1.
[PSM-0038] Unconnected shape on net VDD at (10.080um, 713.140um) - (10.455um, 713.740um), layer: Metal1.
[PSM-0038] Unconnected shape on net VDD at (10.455um, 711.755um) - (10.795um, 715.125um), layer: Metal1.
[PSM-0038] Unconnected shape on net VDD at (10.080um, 720.980um) - (10.455um, 721.580um), layer: Metal1.
[PSM-0038] Unconnected shape on net VDD at (10.455um, 719.595um) - (10.795um, 722.965um), layer: Metal1.
[PSM-0038] Unconnected shape on net VDD at (10.455um, 727.435um) - (10.795um, 730.805um), layer: Metal1.
[PSM-0038] Unconnected shape on net VDD at (10.080um, 728.820um) - (10.455um, 729.420um), layer: Metal1.
[PSM-0038] Unconnected shape on net VDD at (10.080um, 736.660um) - (10.455um, 737.260um), layer: Metal1.
[PSM-0038] Unconnected shape on net VDD at (10.455um, 735.275um) - (10.795um, 737.260um), layer: Metal1.
[PSM-0038] Unconnected shape on net VDD at (10.795um, 15.380um) - (29.495um, 15.980um), layer: Metal1.
[PSM-0038] Unconnected shape on net VDD at (10.795um, 23.220um) - (30.055um, 23.820um), layer: Metal1.
[PSM-0038] Unconnected shape on net VDD at (10.795um, 31.060um) - (30.055um, 31.660um), layer: Metal1.
[PSM-0038] Unconnected shape on net VDD at (10.795um, 38.900um) - (30.055um, 39.500um), layer: Metal1.
[PSM-0038] Unconnected shape on net VDD at (10.795um, 46.740um) - (30.055um, 47.340um), layer: Metal1.
[PSM-0038] Unconnected shape on net VDD at (10.795um, 54.580um) - (30.055um, 55.180um), layer: Metal1.
[PSM-0038] Unconnected shape on net VDD at (10.795um, 62.420um) - (30.055um, 63.020um), layer: Metal1.
[PSM-0038] Unconnected shape on net VDD at (10.795um, 70.260um) - (30.055um, 70.860um), layer: Metal1.
[PSM-0038] Unconnected shape on net VDD at (10.795um, 78.100um) - (30.055um, 78.700um), layer: Metal1.
[PSM-0038] Unconnected shape on net VDD at (10.795um, 85.940um) - (30.055um, 86.540um), layer: Metal1.
[PSM-0038] Unconnected shape on net VDD at (10.795um, 93.780um) - (30.055um, 94.380um), layer: Metal1.
[PSM-0038] Unconnected shape on net VDD at (10.795um, 101.620um) - (30.055um, 102.220um), layer: Metal1.
[PSM-0038] Unconnected shape on net VDD at (10.795um, 109.460um) - (30.055um, 110.060um), layer: Metal1.
[PSM-0038] Unconnected shape on net VDD at (10.795um, 117.300um) - (30.055um, 117.900um), layer: Metal1.
[PSM-0038] Unconnected shape on net VDD at (10.795um, 125.140um) - (30.055um, 125.740um), layer: Metal1.
[PSM-0038] Unconnected shape on net VDD at (10.795um, 132.980um) - (30.055um, 133.580um), layer: Metal1.
[PSM-0038] Unconnected shape on net VDD at (10.795um, 140.820um) - (30.055um, 141.420um), layer: Metal1.
[PSM-0038] Unconnected shape on net VDD at (10.795um, 148.660um) - (30.055um, 149.260um), layer: Metal1.
[PSM-0038] Unconnected shape on net VDD at (10.795um, 156.500um) - (30.055um, 157.100um), layer: Metal1.
[PSM-0038] Unconnected shape on net VDD at (10.795um, 164.340um) - (30.055um, 164.940um), layer: Metal1.
[PSM-0038] Unconnected shape on net VDD at (10.795um, 172.180um) - (30.055um, 172.780um), layer: Metal1.
[PSM-0038] Unconnected shape on net VDD at (10.795um, 180.020um) - (30.055um, 180.620um), layer: Metal1.
[PSM-0038] Unconnected shape on net VDD at (10.795um, 187.860um) - (30.055um, 188.460um), layer: Metal1.
[PSM-0038] Unconnected shape on net VDD at (10.795um, 195.700um) - (30.055um, 196.300um), layer: Metal1.
[PSM-0038] Unconnected shape on net VDD at (10.795um, 203.540um) - (30.055um, 204.140um), layer: Metal1.
[PSM-0038] Unconnected shape on net VDD at (10.795um, 211.380um) - (30.055um, 211.980um), layer: Metal1.
[PSM-0038] Unconnected shape on net VDD at (10.795um, 219.220um) - (30.055um, 219.820um), layer: Metal1.
[PSM-0038] Unconnected shape on net VDD at (10.795um, 227.060um) - (30.055um, 227.660um), layer: Metal1.
[PSM-0038] Unconnected shape on net VDD at (10.795um, 234.900um) - (30.055um, 235.500um), layer: Metal1.
[PSM-0038] Unconnected shape on net VDD at (10.795um, 242.740um) - (30.055um, 243.340um), layer: Metal1.
[PSM-0038] Unconnected shape on net VDD at (10.795um, 250.580um) - (30.055um, 251.180um), layer: Metal1.
[PSM-0038] Unconnected shape on net VDD at (10.795um, 258.420um) - (30.055um, 259.020um), layer: Metal1.
[PSM-0038] Unconnected shape on net VDD at (10.795um, 266.260um) - (30.055um, 266.860um), layer: Metal1.
[PSM-0038] Unconnected shape on net VDD at (10.795um, 274.100um) - (30.055um, 274.700um), layer: Metal1.
[PSM-0038] Unconnected shape on net VDD at (10.795um, 281.940um) - (30.055um, 282.540um), layer: Metal1.
[PSM-0038] Unconnected shape on net VDD at (10.795um, 289.780um) - (30.055um, 290.380um), layer: Metal1.
[PSM-0038] Unconnected shape on net VDD at (10.795um, 297.620um) - (30.055um, 298.220um), layer: Metal1.
[PSM-0038] Unconnected shape on net VDD at (10.795um, 305.460um) - (30.055um, 306.060um), layer: Metal1.
[PSM-0038] Unconnected shape on net VDD at (10.795um, 313.300um) - (30.055um, 313.900um), layer: Metal1.
[PSM-0038] Unconnected shape on net VDD at (10.795um, 321.140um) - (30.055um, 321.740um), layer: Metal1.
[PSM-0038] Unconnected shape on net VDD at (10.795um, 328.980um) - (30.055um, 329.580um), layer: Metal1.
[PSM-0038] Unconnected shape on net VDD at (10.795um, 336.820um) - (30.055um, 337.420um), layer: Metal1.
[PSM-0038] Unconnected shape on net VDD at (10.795um, 344.660um) - (30.055um, 345.260um), layer: Metal1.
[PSM-0038] Unconnected shape on net VDD at (10.795um, 352.500um) - (30.055um, 353.100um), layer: Metal1.
[PSM-0038] Unconnected shape on net VDD at (10.795um, 360.340um) - (30.055um, 360.940um), layer: Metal1.
[PSM-0038] Unconnected shape on net VDD at (10.795um, 368.180um) - (30.055um, 368.780um), layer: Metal1.
[PSM-0038] Unconnected shape on net VDD at (10.795um, 376.020um) - (30.055um, 376.620um), layer: Metal1.
[PSM-0038] Unconnected shape on net VDD at (10.795um, 383.860um) - (30.055um, 384.460um), layer: Metal1.
[PSM-0038] Unconnected shape on net VDD at (10.795um, 391.700um) - (30.055um, 392.300um), layer: Metal1.
[PSM-0038] Unconnected shape on net VDD at (10.795um, 399.540um) - (30.055um, 400.140um), layer: Metal1.
[PSM-0038] Unconnected shape on net VDD at (10.795um, 407.380um) - (30.055um, 407.980um), layer: Metal1.
[PSM-0038] Unconnected shape on net VDD at (10.795um, 415.220um) - (30.055um, 415.820um), layer: Metal1.
[PSM-0038] Unconnected shape on net VDD at (10.795um, 423.060um) - (30.055um, 423.660um), layer: Metal1.
[PSM-0038] Unconnected shape on net VDD at (10.795um, 430.900um) - (30.055um, 431.500um), layer: Metal1.
[PSM-0038] Unconnected shape on net VDD at (10.795um, 438.740um) - (30.055um, 439.340um), layer: Metal1.
[PSM-0038] Unconnected shape on net VDD at (10.795um, 446.580um) - (30.055um, 447.180um), layer: Metal1.
[PSM-0038] Unconnected shape on net VDD at (10.795um, 454.420um) - (30.055um, 455.020um), layer: Metal1.
[PSM-0038] Unconnected shape on net VDD at (10.795um, 462.260um) - (30.055um, 462.860um), layer: Metal1.
[PSM-0038] Unconnected shape on net VDD at (10.795um, 470.100um) - (30.055um, 470.700um), layer: Metal1.
[PSM-0038] Unconnected shape on net VDD at (10.795um, 477.940um) - (30.055um, 478.540um), layer: Metal1.
[PSM-0038] Unconnected shape on net VDD at (10.795um, 485.780um) - (30.055um, 486.380um), layer: Metal1.
[PSM-0038] Unconnected shape on net VDD at (10.795um, 493.620um) - (30.055um, 494.220um), layer: Metal1.
[PSM-0038] Unconnected shape on net VDD at (10.795um, 501.460um) - (30.055um, 502.060um), layer: Metal1.
[PSM-0038] Unconnected shape on net VDD at (10.795um, 509.300um) - (30.055um, 509.900um), layer: Metal1.
[PSM-0038] Unconnected shape on net VDD at (10.795um, 517.140um) - (30.055um, 517.740um), layer: Metal1.
[PSM-0038] Unconnected shape on net VDD at (10.795um, 524.980um) - (30.055um, 525.580um), layer: Metal1.
[PSM-0038] Unconnected shape on net VDD at (10.795um, 532.820um) - (30.055um, 533.420um), layer: Metal1.
[PSM-0038] Unconnected shape on net VDD at (10.795um, 540.660um) - (29.495um, 541.260um), layer: Metal1.
[PSM-0038] Unconnected shape on net VDD at (10.795um, 548.500um) - (30.055um, 549.100um), layer: Metal1.
[PSM-0038] Unconnected shape on net VDD at (10.795um, 556.340um) - (30.055um, 556.940um), layer: Metal1.
[PSM-0038] Unconnected shape on net VDD at (10.795um, 564.180um) - (30.055um, 564.780um), layer: Metal1.
[PSM-0038] Unconnected shape on net VDD at (10.795um, 572.020um) - (30.055um, 572.620um), layer: Metal1.
[PSM-0038] Unconnected shape on net VDD at (10.795um, 579.860um) - (30.055um, 580.460um), layer: Metal1.
[PSM-0038] Unconnected shape on net VDD at (10.795um, 587.700um) - (30.055um, 588.300um), layer: Metal1.
[PSM-0038] Unconnected shape on net VDD at (10.795um, 595.540um) - (30.055um, 596.140um), layer: Metal1.
[PSM-0038] Unconnected shape on net VDD at (10.795um, 603.380um) - (30.055um, 603.980um), layer: Metal1.
[PSM-0038] Unconnected shape on net VDD at (10.795um, 611.220um) - (30.055um, 611.820um), layer: Metal1.
[PSM-0038] Unconnected shape on net VDD at (10.795um, 619.060um) - (30.055um, 619.660um), layer: Metal1.
[PSM-0038] Unconnected shape on net VDD at (10.795um, 626.900um) - (30.055um, 627.500um), layer: Metal1.
[PSM-0038] Unconnected shape on net VDD at (10.795um, 634.740um) - (30.055um, 635.340um), layer: Metal1.
[PSM-0038] Unconnected shape on net VDD at (10.795um, 642.580um) - (30.055um, 643.180um), layer: Metal1.
[PSM-0038] Unconnected shape on net VDD at (10.795um, 650.420um) - (30.055um, 651.020um), layer: Metal1.
[PSM-0038] Unconnected shape on net VDD at (10.795um, 658.260um) - (30.055um, 658.860um), layer: Metal1.
[PSM-0038] Unconnected shape on net VDD at (10.795um, 666.100um) - (30.055um, 666.700um), layer: Metal1.
[PSM-0038] Unconnected shape on net VDD at (10.795um, 673.940um) - (30.055um, 674.540um), layer: Metal1.
[PSM-0038] Unconnected shape on net VDD at (10.795um, 681.780um) - (30.055um, 682.380um), layer: Metal1.
[PSM-0038] Unconnected shape on net VDD at (10.795um, 689.620um) - (30.055um, 690.220um), layer: Metal1.
[PSM-0038] Unconnected shape on net VDD at (10.795um, 697.460um) - (30.055um, 698.060um), layer: Metal1.
[PSM-0038] Unconnected shape on net VDD at (10.795um, 705.300um) - (30.055um, 705.900um), layer: Metal1.
[PSM-0038] Unconnected shape on net VDD at (10.795um, 713.140um) - (30.055um, 713.740um), layer: Metal1.
[PSM-0038] Unconnected shape on net VDD at (10.795um, 720.980um) - (30.055um, 721.580um), layer: Metal1.
[PSM-0038] Unconnected shape on net VDD at (10.795um, 728.820um) - (30.055um, 729.420um), layer: Metal1.
[PSM-0038] Unconnected shape on net VDD at (10.795um, 736.660um) - (29.495um, 737.260um), layer: Metal1.
[PSM-0038] Unconnected shape on net VDD at (29.495um, 13.995um) - (29.835um, 15.980um), layer: Metal1.
[PSM-0038] Unconnected shape on net VDD at (29.495um, 539.275um) - (29.835um, 541.260um), layer: Metal1.
[PSM-0038] Unconnected shape on net VDD at (29.495um, 735.275um) - (29.835um, 737.260um), layer: Metal1.
[PSM-0038] Unconnected shape on net VDD at (29.835um, 15.380um) - (48.535um, 15.980um), layer: Metal1.
[PSM-0038] Unconnected shape on net VDD at (29.835um, 540.660um) - (48.535um, 541.260um), layer: Metal1.
[PSM-0038] Unconnected shape on net VDD at (29.835um, 736.660um) - (48.535um, 737.260um), layer: Metal1.
[PSM-0038] Unconnected shape on net VDD at (30.055um, 21.835um) - (30.395um, 23.820um), layer: Metal1.
[PSM-0038] Unconnected shape on net VDD at (30.055um, 29.675um) - (30.395um, 31.660um), layer: Metal1.
[PSM-0038] Unconnected shape on net VDD at (30.055um, 37.515um) - (30.395um, 39.500um), layer: Metal1.
[PSM-0038] Unconnected shape on net VDD at (30.055um, 45.355um) - (30.395um, 47.340um), layer: Metal1.
[PSM-0038] Unconnected shape on net VDD at (30.055um, 53.195um) - (30.395um, 55.180um), layer: Metal1.
[PSM-0038] Unconnected shape on net VDD at (30.055um, 61.035um) - (30.395um, 63.020um), layer: Metal1.
[PSM-0038] Unconnected shape on net VDD at (30.055um, 68.875um) - (30.395um, 70.860um), layer: Metal1.
[PSM-0038] Unconnected shape on net VDD at (30.055um, 76.715um) - (30.395um, 78.700um), layer: Metal1.
[PSM-0038] Unconnected shape on net VDD at (30.055um, 84.555um) - (30.395um, 86.540um), layer: Metal1.
[PSM-0038] Unconnected shape on net VDD at (30.055um, 92.395um) - (30.395um, 94.380um), layer: Metal1.
[PSM-0038] Unconnected shape on net VDD at (30.055um, 100.235um) - (30.395um, 102.220um), layer: Metal1.
[PSM-0038] Unconnected shape on net VDD at (30.055um, 108.075um) - (30.395um, 110.060um), layer: Metal1.
[PSM-0038] Unconnected shape on net VDD at (30.055um, 115.915um) - (30.395um, 117.900um), layer: Metal1.
[PSM-0038] Unconnected shape on net VDD at (30.055um, 123.755um) - (30.395um, 125.740um), layer: Metal1.
[PSM-0038] Unconnected shape on net VDD at (30.055um, 131.595um) - (30.395um, 133.580um), layer: Metal1.
[PSM-0038] Unconnected shape on net VDD at (30.055um, 139.435um) - (30.395um, 141.420um), layer: Metal1.
[PSM-0038] Unconnected shape on net VDD at (30.055um, 147.275um) - (30.395um, 149.260um), layer: Metal1.
[PSM-0038] Unconnected shape on net VDD at (30.055um, 155.115um) - (30.395um, 157.100um), layer: Metal1.
[PSM-0038] Unconnected shape on net VDD at (30.055um, 162.955um) - (30.395um, 164.940um), layer: Metal1.
[PSM-0038] Unconnected shape on net VDD at (30.055um, 170.795um) - (30.395um, 172.780um), layer: Metal1.
[PSM-0038] Unconnected shape on net VDD at (30.055um, 178.635um) - (30.395um, 180.620um), layer: Metal1.
[PSM-0038] Unconnected shape on net VDD at (30.055um, 186.475um) - (30.395um, 188.460um), layer: Metal1.
[PSM-0038] Unconnected shape on net VDD at (30.055um, 194.315um) - (30.395um, 196.300um), layer: Metal1.
[PSM-0038] Unconnected shape on net VDD at (30.055um, 202.155um) - (30.395um, 204.140um), layer: Metal1.
[PSM-0038] Unconnected shape on net VDD at (30.055um, 209.995um) - (30.395um, 211.980um), layer: Metal1.
[PSM-0038] Unconnected shape on net VDD at (30.055um, 217.835um) - (30.395um, 219.820um), layer: Metal1.
[PSM-0038] Unconnected shape on net VDD at (30.055um, 225.675um) - (30.395um, 227.660um), layer: Metal1.
[PSM-0038] Unconnected shape on net VDD at (30.055um, 233.515um) - (30.395um, 235.500um), layer: Metal1.
[PSM-0038] Unconnected shape on net VDD at (30.055um, 241.355um) - (30.395um, 243.340um), layer: Metal1.
[PSM-0038] Unconnected shape on net VDD at (30.055um, 249.195um) - (30.395um, 251.180um), layer: Metal1.
[PSM-0038] Unconnected shape on net VDD at (30.055um, 257.035um) - (30.395um, 259.020um), layer: Metal1.
[PSM-0038] Unconnected shape on net VDD at (30.055um, 264.875um) - (30.395um, 266.860um), layer: Metal1.
[PSM-0038] Unconnected shape on net VDD at (30.055um, 272.715um) - (30.395um, 274.700um), layer: Metal1.
[PSM-0038] Unconnected shape on net VDD at (30.055um, 280.555um) - (30.395um, 282.540um), layer: Metal1.
[PSM-0038] Unconnected shape on net VDD at (30.055um, 288.395um) - (30.395um, 290.380um), layer: Metal1.
[PSM-0038] Unconnected shape on net VDD at (30.055um, 296.235um) - (30.395um, 298.220um), layer: Metal1.
[PSM-0038] Unconnected shape on net VDD at (30.055um, 304.075um) - (30.395um, 306.060um), layer: Metal1.
[PSM-0038] Unconnected shape on net VDD at (30.055um, 311.915um) - (30.395um, 313.900um), layer: Metal1.
[PSM-0038] Unconnected shape on net VDD at (30.055um, 319.755um) - (30.395um, 321.740um), layer: Metal1.
[PSM-0038] Unconnected shape on net VDD at (30.055um, 327.595um) - (30.395um, 329.580um), layer: Metal1.
[PSM-0038] Unconnected shape on net VDD at (30.055um, 335.435um) - (30.395um, 337.420um), layer: Metal1.
[PSM-0038] Unconnected shape on net VDD at (30.055um, 343.275um) - (30.395um, 345.260um), layer: Metal1.
[PSM-0038] Unconnected shape on net VDD at (30.055um, 351.115um) - (30.395um, 353.100um), layer: Metal1.
[PSM-0038] Unconnected shape on net VDD at (30.055um, 358.955um) - (30.395um, 360.940um), layer: Metal1.
[PSM-0038] Unconnected shape on net VDD at (30.055um, 366.795um) - (30.395um, 368.780um), layer: Metal1.
[PSM-0038] Unconnected shape on net VDD at (30.055um, 374.635um) - (30.395um, 376.620um), layer: Metal1.
[PSM-0038] Unconnected shape on net VDD at (30.055um, 382.475um) - (30.395um, 384.460um), layer: Metal1.
[PSM-0038] Unconnected shape on net VDD at (30.055um, 390.315um) - (30.395um, 392.300um), layer: Metal1.
[PSM-0038] Unconnected shape on net VDD at (30.055um, 398.155um) - (30.395um, 400.140um), layer: Metal1.
[PSM-0038] Unconnected shape on net VDD at (30.055um, 405.995um) - (30.395um, 407.980um), layer: Metal1.
[PSM-0038] Unconnected shape on net VDD at (30.055um, 413.835um) - (30.395um, 415.820um), layer: Metal1.
[PSM-0038] Unconnected shape on net VDD at (30.055um, 421.675um) - (30.395um, 423.660um), layer: Metal1.
[PSM-0038] Unconnected shape on net VDD at (30.055um, 429.515um) - (30.395um, 431.500um), layer: Metal1.
[PSM-0038] Unconnected shape on net VDD at (30.055um, 437.355um) - (30.395um, 439.340um), layer: Metal1.
[PSM-0038] Unconnected shape on net VDD at (30.055um, 445.195um) - (30.395um, 447.180um), layer: Metal1.
[PSM-0038] Unconnected shape on net VDD at (30.055um, 453.035um) - (30.395um, 455.020um), layer: Metal1.
[PSM-0038] Unconnected shape on net VDD at (30.055um, 460.875um) - (30.395um, 462.860um), layer: Metal1.
[PSM-0038] Unconnected shape on net VDD at (30.055um, 468.715um) - (30.395um, 470.700um), layer: Metal1.
[PSM-0038] Unconnected shape on net VDD at (30.055um, 476.555um) - (30.395um, 478.540um), layer: Metal1.
[PSM-0038] Unconnected shape on net VDD at (30.055um, 484.395um) - (30.395um, 486.380um), layer: Metal1.
[PSM-0038] Unconnected shape on net VDD at (30.055um, 492.235um) - (30.395um, 494.220um), layer: Metal1.
[PSM-0038] Unconnected shape on net VDD at (30.055um, 500.075um) - (30.395um, 502.060um), layer: Metal1.
[PSM-0038] Unconnected shape on net VDD at (30.055um, 507.915um) - (30.395um, 509.900um), layer: Metal1.
[PSM-0038] Unconnected shape on net VDD at (30.055um, 515.755um) - (30.395um, 517.740um), layer: Metal1.
[PSM-0038] Unconnected shape on net VDD at (30.055um, 523.595um) - (30.395um, 525.580um), layer: Metal1.
[PSM-0038] Unconnected shape on net VDD at (30.055um, 531.435um) - (30.395um, 533.420um), layer: Metal1.
[PSM-0038] Unconnected shape on net VDD at (30.055um, 547.115um) - (30.395um, 549.100um), layer: Metal1.
[PSM-0038] Unconnected shape on net VDD at (30.055um, 554.955um) - (30.395um, 556.940um), layer: Metal1.
[PSM-0038] Unconnected shape on net VDD at (30.055um, 562.795um) - (30.395um, 564.780um), layer: Metal1.
[PSM-0038] Unconnected shape on net VDD at (30.055um, 570.635um) - (30.395um, 572.620um), layer: Metal1.
[PSM-0038] Unconnected shape on net VDD at (30.055um, 578.475um) - (30.395um, 580.460um), layer: Metal1.
[PSM-0038] Unconnected shape on net VDD at (30.055um, 586.315um) - (30.395um, 588.300um), layer: Metal1.
[PSM-0038] Unconnected shape on net VDD at (30.055um, 594.155um) - (30.395um, 596.140um), layer: Metal1.
[PSM-0038] Unconnected shape on net VDD at (30.055um, 601.995um) - (30.395um, 603.980um), layer: Metal1.
[PSM-0038] Unconnected shape on net VDD at (30.055um, 609.835um) - (30.395um, 611.820um), layer: Metal1.
[PSM-0038] Unconnected shape on net VDD at (30.055um, 617.675um) - (30.395um, 619.660um), layer: Metal1.
[PSM-0038] Unconnected shape on net VDD at (30.055um, 625.515um) - (30.395um, 627.500um), layer: Metal1.
[PSM-0038] Unconnected shape on net VDD at (30.055um, 633.355um) - (30.395um, 635.340um), layer: Metal1.
[PSM-0038] Unconnected shape on net VDD at (30.055um, 641.195um) - (30.395um, 643.180um), layer: Metal1.
[PSM-0038] Unconnected shape on net VDD at (30.055um, 649.035um) - (30.395um, 651.020um), layer: Metal1.
[PSM-0038] Unconnected shape on net VDD at (30.055um, 656.875um) - (30.395um, 658.860um), layer: Metal1.
[PSM-0038] Unconnected shape on net VDD at (30.055um, 664.715um) - (30.395um, 666.700um), layer: Metal1.
[PSM-0038] Unconnected shape on net VDD at (30.055um, 672.555um) - (30.395um, 674.540um), layer: Metal1.
[PSM-0038] Unconnected shape on net VDD at (30.055um, 680.395um) - (30.395um, 682.380um), layer: Metal1.
[PSM-0038] Unconnected shape on net VDD at (30.055um, 688.235um) - (30.395um, 690.220um), layer: Metal1.
[PSM-0038] Unconnected shape on net VDD at (30.055um, 696.075um) - (30.395um, 698.060um), layer: Metal1.
[PSM-0038] Unconnected shape on net VDD at (30.055um, 703.915um) - (30.395um, 705.900um), layer: Metal1.
[PSM-0038] Unconnected shape on net VDD at (30.055um, 711.755um) - (30.395um, 713.740um), layer: Metal1.
[PSM-0038] Unconnected shape on net VDD at (30.055um, 719.595um) - (30.395um, 721.580um), layer: Metal1.
[PSM-0038] Unconnected shape on net VDD at (30.055um, 727.435um) - (30.395um, 729.420um), layer: Metal1.
[PSM-0038] Unconnected shape on net VDD at (30.395um, 23.220um) - (49.655um, 23.820um), layer: Metal1.
[PSM-0038] Unconnected shape on net VDD at (30.395um, 31.060um) - (49.655um, 31.660um), layer: Metal1.
[PSM-0038] Unconnected shape on net VDD at (30.395um, 38.900um) - (49.655um, 39.500um), layer: Metal1.
[PSM-0038] Unconnected shape on net VDD at (30.395um, 46.740um) - (49.655um, 47.340um), layer: Metal1.
[PSM-0038] Unconnected shape on net VDD at (30.395um, 54.580um) - (49.655um, 55.180um), layer: Metal1.
[PSM-0038] Unconnected shape on net VDD at (30.395um, 62.420um) - (49.655um, 63.020um), layer: Metal1.
[PSM-0038] Unconnected shape on net VDD at (30.395um, 70.260um) - (49.655um, 70.860um), layer: Metal1.
[PSM-0038] Unconnected shape on net VDD at (30.395um, 78.100um) - (49.655um, 78.700um), layer: Metal1.
[PSM-0038] Unconnected shape on net VDD at (30.395um, 85.940um) - (49.655um, 86.540um), layer: Metal1.
[PSM-0038] Unconnected shape on net VDD at (30.395um, 93.780um) - (49.655um, 94.380um), layer: Metal1.
[PSM-0038] Unconnected shape on net VDD at (30.395um, 101.620um) - (49.655um, 102.220um), layer: Metal1.
[PSM-0038] Unconnected shape on net VDD at (30.395um, 109.460um) - (49.655um, 110.060um), layer: Metal1.
[PSM-0038] Unconnected shape on net VDD at (30.395um, 117.300um) - (49.655um, 117.900um), layer: Metal1.
[PSM-0038] Unconnected shape on net VDD at (30.395um, 125.140um) - (49.655um, 125.740um), layer: Metal1.
[PSM-0038] Unconnected shape on net VDD at (30.395um, 132.980um) - (49.655um, 133.580um), layer: Metal1.
[PSM-0038] Unconnected shape on net VDD at (30.395um, 140.820um) - (49.655um, 141.420um), layer: Metal1.
[PSM-0038] Unconnected shape on net VDD at (30.395um, 148.660um) - (49.655um, 149.260um), layer: Metal1.
[PSM-0038] Unconnected shape on net VDD at (30.395um, 156.500um) - (49.655um, 157.100um), layer: Metal1.
[PSM-0038] Unconnected shape on net VDD at (30.395um, 164.340um) - (49.655um, 164.940um), layer: Metal1.
[PSM-0038] Unconnected shape on net VDD at (30.395um, 172.180um) - (49.655um, 172.780um), layer: Metal1.
[PSM-0038] Unconnected shape on net VDD at (30.395um, 180.020um) - (49.655um, 180.620um), layer: Metal1.
[PSM-0038] Unconnected shape on net VDD at (30.395um, 187.860um) - (49.655um, 188.460um), layer: Metal1.
[PSM-0038] Unconnected shape on net VDD at (30.395um, 195.700um) - (49.655um, 196.300um), layer: Metal1.
[PSM-0038] Unconnected shape on net VDD at (30.395um, 203.540um) - (49.655um, 204.140um), layer: Metal1.
[PSM-0038] Unconnected shape on net VDD at (30.395um, 211.380um) - (49.655um, 211.980um), layer: Metal1.
[PSM-0038] Unconnected shape on net VDD at (30.395um, 219.220um) - (49.655um, 219.820um), layer: Metal1.
[PSM-0038] Unconnected shape on net VDD at (30.395um, 227.060um) - (49.655um, 227.660um), layer: Metal1.
[PSM-0038] Unconnected shape on net VDD at (30.395um, 234.900um) - (49.655um, 235.500um), layer: Metal1.
[PSM-0038] Unconnected shape on net VDD at (30.395um, 242.740um) - (49.655um, 243.340um), layer: Metal1.
[PSM-0038] Unconnected shape on net VDD at (30.395um, 250.580um) - (49.655um, 251.180um), layer: Metal1.
[PSM-0038] Unconnected shape on net VDD at (30.395um, 258.420um) - (49.655um, 259.020um), layer: Metal1.
[PSM-0038] Unconnected shape on net VDD at (30.395um, 266.260um) - (49.655um, 266.860um), layer: Metal1.
[PSM-0038] Unconnected shape on net VDD at (30.395um, 274.100um) - (49.655um, 274.700um), layer: Metal1.
[PSM-0038] Unconnected shape on net VDD at (30.395um, 281.940um) - (49.655um, 282.540um), layer: Metal1.
[PSM-0038] Unconnected shape on net VDD at (30.395um, 289.780um) - (49.655um, 290.380um), layer: Metal1.
[PSM-0038] Unconnected shape on net VDD at (30.395um, 297.620um) - (49.655um, 298.220um), layer: Metal1.
[PSM-0038] Unconnected shape on net VDD at (30.395um, 305.460um) - (49.655um, 306.060um), layer: Metal1.
[PSM-0038] Unconnected shape on net VDD at (30.395um, 313.300um) - (49.655um, 313.900um), layer: Metal1.
[PSM-0038] Unconnected shape on net VDD at (30.395um, 321.140um) - (49.655um, 321.740um), layer: Metal1.
[PSM-0038] Unconnected shape on net VDD at (30.395um, 328.980um) - (49.655um, 329.580um), layer: Metal1.
[PSM-0038] Unconnected shape on net VDD at (30.395um, 336.820um) - (49.655um, 337.420um), layer: Metal1.
[PSM-0038] Unconnected shape on net VDD at (30.395um, 344.660um) - (49.655um, 345.260um), layer: Metal1.
[PSM-0038] Unconnected shape on net VDD at (30.395um, 352.500um) - (49.655um, 353.100um), layer: Metal1.
[PSM-0038] Unconnected shape on net VDD at (30.395um, 360.340um) - (49.655um, 360.940um), layer: Metal1.
[PSM-0038] Unconnected shape on net VDD at (30.395um, 368.180um) - (49.655um, 368.780um), layer: Metal1.
[PSM-0038] Unconnected shape on net VDD at (30.395um, 376.020um) - (49.655um, 376.620um), layer: Metal1.
[PSM-0038] Unconnected shape on net VDD at (30.395um, 383.860um) - (49.655um, 384.460um), layer: Metal1.
[PSM-0038] Unconnected shape on net VDD at (30.395um, 391.700um) - (49.655um, 392.300um), layer: Metal1.
[PSM-0038] Unconnected shape on net VDD at (30.395um, 399.540um) - (49.655um, 400.140um), layer: Metal1.
[PSM-0038] Unconnected shape on net VDD at (30.395um, 407.380um) - (49.655um, 407.980um), layer: Metal1.
[PSM-0038] Unconnected shape on net VDD at (30.395um, 415.220um) - (49.655um, 415.820um), layer: Metal1.
[PSM-0038] Unconnected shape on net VDD at (30.395um, 423.060um) - (49.655um, 423.660um), layer: Metal1.
[PSM-0038] Unconnected shape on net VDD at (30.395um, 430.900um) - (49.655um, 431.500um), layer: Metal1.
[PSM-0038] Unconnected shape on net VDD at (30.395um, 438.740um) - (49.655um, 439.340um), layer: Metal1.
[PSM-0038] Unconnected shape on net VDD at (30.395um, 446.580um) - (49.655um, 447.180um), layer: Metal1.
[PSM-0038] Unconnected shape on net VDD at (30.395um, 454.420um) - (49.655um, 455.020um), layer: Metal1.
[PSM-0038] Unconnected shape on net VDD at (30.395um, 462.260um) - (49.655um, 462.860um), layer: Metal1.
[PSM-0038] Unconnected shape on net VDD at (30.395um, 470.100um) - (49.655um, 470.700um), layer: Metal1.
[PSM-0038] Unconnected shape on net VDD at (30.395um, 477.940um) - (49.655um, 478.540um), layer: Metal1.
[PSM-0038] Unconnected shape on net VDD at (30.395um, 485.780um) - (49.655um, 486.380um), layer: Metal1.
[PSM-0038] Unconnected shape on net VDD at (30.395um, 493.620um) - (49.655um, 494.220um), layer: Metal1.
[PSM-0038] Unconnected shape on net VDD at (30.395um, 501.460um) - (49.655um, 502.060um), layer: Metal1.
[PSM-0038] Unconnected shape on net VDD at (30.395um, 509.300um) - (49.655um, 509.900um), layer: Metal1.
[PSM-0038] Unconnected shape on net VDD at (30.395um, 517.140um) - (49.655um, 517.740um), layer: Metal1.
[PSM-0038] Unconnected shape on net VDD at (30.395um, 524.980um) - (49.655um, 525.580um), layer: Metal1.
[PSM-0038] Unconnected shape on net VDD at (30.395um, 532.820um) - (49.655um, 533.420um), layer: Metal1.
[PSM-0038] Unconnected shape on net VDD at (30.395um, 548.500um) - (49.655um, 549.100um), layer: Metal1.
[PSM-0038] Unconnected shape on net VDD at (30.395um, 556.340um) - (49.655um, 556.940um), layer: Metal1.
[PSM-0038] Unconnected shape on net VDD at (30.395um, 564.180um) - (49.655um, 564.780um), layer: Metal1.
[PSM-0038] Unconnected shape on net VDD at (30.395um, 572.020um) - (49.655um, 572.620um), layer: Metal1.
[PSM-0038] Unconnected shape on net VDD at (30.395um, 579.860um) - (49.655um, 580.460um), layer: Metal1.
[PSM-0038] Unconnected shape on net VDD at (30.395um, 587.700um) - (49.655um, 588.300um), layer: Metal1.
[PSM-0038] Unconnected shape on net VDD at (30.395um, 595.540um) - (49.655um, 596.140um), layer: Metal1.
[PSM-0038] Unconnected shape on net VDD at (30.395um, 603.380um) - (49.655um, 603.980um), layer: Metal1.
[PSM-0038] Unconnected shape on net VDD at (30.395um, 611.220um) - (49.655um, 611.820um), layer: Metal1.
[PSM-0038] Unconnected shape on net VDD at (30.395um, 619.060um) - (49.655um, 619.660um), layer: Metal1.
[PSM-0038] Unconnected shape on net VDD at (30.395um, 626.900um) - (49.655um, 627.500um), layer: Metal1.
[PSM-0038] Unconnected shape on net VDD at (30.395um, 634.740um) - (49.655um, 635.340um), layer: Metal1.
[PSM-0038] Unconnected shape on net VDD at (30.395um, 642.580um) - (49.655um, 643.180um), layer: Metal1.
[PSM-0038] Unconnected shape on net VDD at (30.395um, 650.420um) - (49.655um, 651.020um), layer: Metal1.
[PSM-0038] Unconnected shape on net VDD at (30.395um, 658.260um) - (49.655um, 658.860um), layer: Metal1.
[PSM-0038] Unconnected shape on net VDD at (30.395um, 666.100um) - (49.655um, 666.700um), layer: Metal1.
[PSM-0038] Unconnected shape on net VDD at (30.395um, 673.940um) - (49.655um, 674.540um), layer: Metal1.
[PSM-0038] Unconnected shape on net VDD at (30.395um, 681.780um) - (49.655um, 682.380um), layer: Metal1.
[PSM-0038] Unconnected shape on net VDD at (30.395um, 689.620um) - (49.655um, 690.220um), layer: Metal1.
[PSM-0038] Unconnected shape on net VDD at (30.395um, 697.460um) - (49.655um, 698.060um), layer: Metal1.
[PSM-0038] Unconnected shape on net VDD at (30.395um, 705.300um) - (49.655um, 705.900um), layer: Metal1.
[PSM-0038] Unconnected shape on net VDD at (30.395um, 713.140um) - (49.655um, 713.740um), layer: Metal1.
[PSM-0038] Unconnected shape on net VDD at (30.395um, 720.980um) - (49.655um, 721.580um), layer: Metal1.
[PSM-0038] Unconnected shape on net VDD at (30.395um, 728.820um) - (49.655um, 729.420um), layer: Metal1.
[PSM-0038] Unconnected shape on net VDD at (48.535um, 13.995um) - (48.875um, 15.980um), layer: Metal1.
[PSM-0038] Unconnected shape on net VDD at (48.535um, 539.275um) - (48.875um, 541.260um), layer: Metal1.
[PSM-0038] Unconnected shape on net VDD at (48.535um, 735.275um) - (48.875um, 737.260um), layer: Metal1.
[PSM-0038] Unconnected shape on net VDD at (48.875um, 15.380um) - (49.655um, 15.980um), layer: Metal1.
[PSM-0038] Unconnected shape on net VDD at (48.875um, 540.660um) - (49.655um, 541.260um), layer: Metal1.
[PSM-0038] Unconnected shape on net VDD at (48.875um, 736.660um) - (67.575um, 737.260um), layer: Metal1.
[PSM-0038] Unconnected shape on net VDD at (49.655um, 15.380um) - (49.995um, 17.365um), layer: Metal1.
[PSM-0038] Unconnected shape on net VDD at (49.655um, 23.220um) - (49.995um, 25.205um), layer: Metal1.
[PSM-0038] Unconnected shape on net VDD at (49.655um, 31.060um) - (49.995um, 33.045um), layer: Metal1.
[PSM-0038] Unconnected shape on net VDD at (49.655um, 38.900um) - (49.995um, 40.885um), layer: Metal1.
[PSM-0038] Unconnected shape on net VDD at (49.655um, 46.740um) - (49.995um, 48.725um), layer: Metal1.
[PSM-0038] Unconnected shape on net VDD at (49.655um, 54.580um) - (49.995um, 56.565um), layer: Metal1.
[PSM-0038] Unconnected shape on net VDD at (49.655um, 62.420um) - (49.995um, 64.405um), layer: Metal1.
[PSM-0038] Unconnected shape on net VDD at (49.655um, 70.260um) - (49.995um, 72.245um), layer: Metal1.
[PSM-0038] Unconnected shape on net VDD at (49.655um, 78.100um) - (49.995um, 80.085um), layer: Metal1.
[PSM-0038] Unconnected shape on net VDD at (49.655um, 85.940um) - (49.995um, 87.925um), layer: Metal1.
[PSM-0038] Unconnected shape on net VDD at (49.655um, 93.780um) - (49.995um, 95.765um), layer: Metal1.
[PSM-0038] Unconnected shape on net VDD at (49.655um, 101.620um) - (49.995um, 103.605um), layer: Metal1.
[PSM-0038] Unconnected shape on net VDD at (49.655um, 109.460um) - (49.995um, 111.445um), layer: Metal1.
[PSM-0038] Unconnected shape on net VDD at (49.655um, 117.300um) - (49.995um, 119.285um), layer: Metal1.
[PSM-0038] Unconnected shape on net VDD at (49.655um, 125.140um) - (49.995um, 127.125um), layer: Metal1.
[PSM-0038] Unconnected shape on net VDD at (49.655um, 132.980um) - (49.995um, 134.965um), layer: Metal1.
[PSM-0038] Unconnected shape on net VDD at (49.655um, 140.820um) - (49.995um, 142.805um), layer: Metal1.
[PSM-0038] Unconnected shape on net VDD at (49.655um, 148.660um) - (49.995um, 150.645um), layer: Metal1.
[PSM-0038] Unconnected shape on net VDD at (49.655um, 156.500um) - (49.995um, 158.485um), layer: Metal1.
[PSM-0038] Unconnected shape on net VDD at (49.655um, 164.340um) - (49.995um, 166.325um), layer: Metal1.
[PSM-0038] Unconnected shape on net VDD at (49.655um, 172.180um) - (49.995um, 174.165um), layer: Metal1.
[PSM-0038] Unconnected shape on net VDD at (49.655um, 180.020um) - (49.995um, 182.005um), layer: Metal1.
[PSM-0038] Unconnected shape on net VDD at (49.655um, 187.860um) - (49.995um, 189.845um), layer: Metal1.
[PSM-0038] Unconnected shape on net VDD at (49.655um, 195.700um) - (49.995um, 197.685um), layer: Metal1.
[PSM-0038] Unconnected shape on net VDD at (49.655um, 203.540um) - (49.995um, 205.525um), layer: Metal1.
[PSM-0038] Unconnected shape on net VDD at (49.655um, 211.380um) - (49.995um, 213.365um), layer: Metal1.
[PSM-0038] Unconnected shape on net VDD at (49.655um, 219.220um) - (49.995um, 221.205um), layer: Metal1.
[PSM-0038] Unconnected shape on net VDD at (49.655um, 227.060um) - (49.995um, 229.045um), layer: Metal1.
[PSM-0038] Unconnected shape on net VDD at (49.655um, 234.900um) - (49.995um, 236.885um), layer: Metal1.
[PSM-0038] Unconnected shape on net VDD at (49.655um, 242.740um) - (49.995um, 244.725um), layer: Metal1.
[PSM-0038] Unconnected shape on net VDD at (49.655um, 250.580um) - (49.995um, 252.565um), layer: Metal1.
[PSM-0038] Unconnected shape on net VDD at (49.655um, 258.420um) - (49.995um, 260.405um), layer: Metal1.
[PSM-0038] Unconnected shape on net VDD at (49.655um, 266.260um) - (49.995um, 268.245um), layer: Metal1.
[PSM-0038] Unconnected shape on net VDD at (49.655um, 274.100um) - (49.995um, 276.085um), layer: Metal1.
[PSM-0038] Unconnected shape on net VDD at (49.655um, 281.940um) - (49.995um, 283.925um), layer: Metal1.
[PSM-0038] Unconnected shape on net VDD at (49.655um, 289.780um) - (49.995um, 291.765um), layer: Metal1.
[PSM-0038] Unconnected shape on net VDD at (49.655um, 297.620um) - (49.995um, 299.605um), layer: Metal1.
[PSM-0038] Unconnected shape on net VDD at (49.655um, 305.460um) - (49.995um, 307.445um), layer: Metal1.
[PSM-0038] Unconnected shape on net VDD at (49.655um, 313.300um) - (49.995um, 315.285um), layer: Metal1.
[PSM-0038] Unconnected shape on net VDD at (49.655um, 321.140um) - (49.995um, 323.125um), layer: Metal1.
[PSM-0038] Unconnected shape on net VDD at (49.655um, 328.980um) - (49.995um, 330.965um), layer: Metal1.
[PSM-0038] Unconnected shape on net VDD at (49.655um, 336.820um) - (49.995um, 338.805um), layer: Metal1.
[PSM-0038] Unconnected shape on net VDD at (49.655um, 344.660um) - (49.995um, 346.645um), layer: Metal1.
[PSM-0038] Unconnected shape on net VDD at (49.655um, 352.500um) - (49.995um, 354.485um), layer: Metal1.
[PSM-0038] Unconnected shape on net VDD at (49.655um, 360.340um) - (49.995um, 362.325um), layer: Metal1.
[PSM-0038] Unconnected shape on net VDD at (49.655um, 368.180um) - (49.995um, 370.165um), layer: Metal1.
[PSM-0038] Unconnected shape on net VDD at (49.655um, 376.020um) - (49.995um, 378.005um), layer: Metal1.
[PSM-0038] Unconnected shape on net VDD at (49.655um, 383.860um) - (49.995um, 385.845um), layer: Metal1.
[PSM-0038] Unconnected shape on net VDD at (49.655um, 391.700um) - (49.995um, 393.685um), layer: Metal1.
[PSM-0038] Unconnected shape on net VDD at (49.655um, 399.540um) - (49.995um, 401.525um), layer: Metal1.
[PSM-0038] Unconnected shape on net VDD at (49.655um, 407.380um) - (49.995um, 409.365um), layer: Metal1.
[PSM-0038] Unconnected shape on net VDD at (49.655um, 415.220um) - (49.995um, 417.205um), layer: Metal1.
[PSM-0038] Unconnected shape on net VDD at (49.655um, 423.060um) - (49.995um, 425.045um), layer: Metal1.
[PSM-0038] Unconnected shape on net VDD at (49.655um, 430.900um) - (49.995um, 432.885um), layer: Metal1.
[PSM-0038] Unconnected shape on net VDD at (49.655um, 438.740um) - (49.995um, 440.725um), layer: Metal1.
[PSM-0038] Unconnected shape on net VDD at (49.655um, 446.580um) - (49.995um, 448.565um), layer: Metal1.
[PSM-0038] Unconnected shape on net VDD at (49.655um, 454.420um) - (49.995um, 456.405um), layer: Metal1.
[PSM-0038] Unconnected shape on net VDD at (49.655um, 462.260um) - (49.995um, 464.245um), layer: Metal1.
[PSM-0038] Unconnected shape on net VDD at (49.655um, 470.100um) - (49.995um, 472.085um), layer: Metal1.
[PSM-0038] Unconnected shape on net VDD at (49.655um, 477.940um) - (49.995um, 479.925um), layer: Metal1.
[PSM-0038] Unconnected shape on net VDD at (49.655um, 485.780um) - (49.995um, 487.765um), layer: Metal1.
[PSM-0038] Unconnected shape on net VDD at (49.655um, 493.620um) - (49.995um, 495.605um), layer: Metal1.
[PSM-0038] Unconnected shape on net VDD at (49.655um, 501.460um) - (49.995um, 503.445um), layer: Metal1.
[PSM-0038] Unconnected shape on net VDD at (49.655um, 509.300um) - (49.995um, 511.285um), layer: Metal1.
[PSM-0038] Unconnected shape on net VDD at (49.655um, 517.140um) - (49.995um, 519.125um), layer: Metal1.
[PSM-0038] Unconnected shape on net VDD at (49.655um, 524.980um) - (49.995um, 526.965um), layer: Metal1.
[PSM-0038] Unconnected shape on net VDD at (49.655um, 532.820um) - (49.995um, 534.805um), layer: Metal1.
[PSM-0038] Unconnected shape on net VDD at (49.655um, 540.660um) - (49.995um, 542.645um), layer: Metal1.
[PSM-0038] Unconnected shape on net VDD at (49.655um, 548.500um) - (49.995um, 550.485um), layer: Metal1.
[PSM-0038] Unconnected shape on net VDD at (49.655um, 556.340um) - (49.995um, 558.325um), layer: Metal1.
[PSM-0038] Unconnected shape on net VDD at (49.655um, 564.180um) - (49.995um, 566.165um), layer: Metal1.
[PSM-0038] Unconnected shape on net VDD at (49.655um, 572.020um) - (49.995um, 574.005um), layer: Metal1.
[PSM-0038] Unconnected shape on net VDD at (49.655um, 579.860um) - (49.995um, 581.845um), layer: Metal1.
[PSM-0038] Unconnected shape on net VDD at (49.655um, 587.700um) - (49.995um, 589.685um), layer: Metal1.
[PSM-0038] Unconnected shape on net VDD at (49.655um, 595.540um) - (49.995um, 597.525um), layer: Metal1.
[PSM-0038] Unconnected shape on net VDD at (49.655um, 603.380um) - (49.995um, 605.365um), layer: Metal1.
[PSM-0038] Unconnected shape on net VDD at (49.655um, 611.220um) - (49.995um, 613.205um), layer: Metal1.
[PSM-0038] Unconnected shape on net VDD at (49.655um, 619.060um) - (49.995um, 621.045um), layer: Metal1.
[PSM-0038] Unconnected shape on net VDD at (49.655um, 626.900um) - (49.995um, 628.885um), layer: Metal1.
[PSM-0038] Unconnected shape on net VDD at (49.655um, 634.740um) - (49.995um, 636.725um), layer: Metal1.
[PSM-0038] Unconnected shape on net VDD at (49.655um, 642.580um) - (49.995um, 644.565um), layer: Metal1.
[PSM-0038] Unconnected shape on net VDD at (49.655um, 650.420um) - (49.995um, 652.405um), layer: Metal1.
[PSM-0038] Unconnected shape on net VDD at (49.655um, 658.260um) - (49.995um, 660.245um), layer: Metal1.
[PSM-0038] Unconnected shape on net VDD at (49.655um, 666.100um) - (49.995um, 668.085um), layer: Metal1.
[PSM-0038] Unconnected shape on net VDD at (49.655um, 673.940um) - (49.995um, 675.925um), layer: Metal1.
[PSM-0038] Unconnected shape on net VDD at (49.655um, 681.780um) - (49.995um, 683.765um), layer: Metal1.
[PSM-0038] Unconnected shape on net VDD at (49.655um, 689.620um) - (49.995um, 691.605um), layer: Metal1.
[PSM-0038] Unconnected shape on net VDD at (49.655um, 697.460um) - (49.995um, 699.445um), layer: Metal1.
[PSM-0038] Unconnected shape on net VDD at (49.655um, 705.300um) - (49.995um, 707.285um), layer: Metal1.
[PSM-0038] Unconnected shape on net VDD at (49.655um, 713.140um) - (49.995um, 715.125um), layer: Metal1.
[PSM-0038] Unconnected shape on net VDD at (49.655um, 720.980um) - (49.995um, 722.965um), layer: Metal1.
[PSM-0038] Unconnected shape on net VDD at (49.655um, 728.820um) - (49.995um, 730.805um), layer: Metal1.
[PSM-0038] Unconnected shape on net VDD at (49.995um, 15.380um) - (67.575um, 15.980um), layer: Metal1.
[PSM-0038] Unconnected shape on net VDD at (49.995um, 23.220um) - (69.255um, 23.820um), layer: Metal1.
[PSM-0038] Unconnected shape on net VDD at (49.995um, 31.060um) - (69.255um, 31.660um), layer: Metal1.
[PSM-0038] Unconnected shape on net VDD at (49.995um, 38.900um) - (69.255um, 39.500um), layer: Metal1.
[PSM-0038] Unconnected shape on net VDD at (49.995um, 46.740um) - (69.255um, 47.340um), layer: Metal1.
[PSM-0038] Unconnected shape on net VDD at (49.995um, 54.580um) - (69.255um, 55.180um), layer: Metal1.
[PSM-0038] Unconnected shape on net VDD at (49.995um, 62.420um) - (69.255um, 63.020um), layer: Metal1.
[PSM-0038] Unconnected shape on net VDD at (49.995um, 70.260um) - (69.255um, 70.860um), layer: Metal1.
[PSM-0038] Unconnected shape on net VDD at (49.995um, 78.100um) - (69.255um, 78.700um), layer: Metal1.
[PSM-0038] Unconnected shape on net VDD at (49.995um, 85.940um) - (69.255um, 86.540um), layer: Metal1.
[PSM-0038] Unconnected shape on net VDD at (49.995um, 93.780um) - (69.255um, 94.380um), layer: Metal1.
[PSM-0038] Unconnected shape on net VDD at (49.995um, 101.620um) - (69.255um, 102.220um), layer: Metal1.
[PSM-0038] Unconnected shape on net VDD at (49.995um, 109.460um) - (69.255um, 110.060um), layer: Metal1.
[PSM-0038] Unconnected shape on net VDD at (49.995um, 117.300um) - (69.255um, 117.900um), layer: Metal1.
[PSM-0038] Unconnected shape on net VDD at (49.995um, 125.140um) - (69.255um, 125.740um), layer: Metal1.
[PSM-0038] Unconnected shape on net VDD at (49.995um, 132.980um) - (69.255um, 133.580um), layer: Metal1.
[PSM-0038] Unconnected shape on net VDD at (49.995um, 140.820um) - (69.255um, 141.420um), layer: Metal1.
[PSM-0038] Unconnected shape on net VDD at (49.995um, 148.660um) - (69.255um, 149.260um), layer: Metal1.
[PSM-0038] Unconnected shape on net VDD at (49.995um, 156.500um) - (69.255um, 157.100um), layer: Metal1.
[PSM-0038] Unconnected shape on net VDD at (49.995um, 164.340um) - (69.255um, 164.940um), layer: Metal1.
[PSM-0038] Unconnected shape on net VDD at (49.995um, 172.180um) - (69.255um, 172.780um), layer: Metal1.
[PSM-0038] Unconnected shape on net VDD at (49.995um, 180.020um) - (69.255um, 180.620um), layer: Metal1.
[PSM-0038] Unconnected shape on net VDD at (49.995um, 187.860um) - (69.255um, 188.460um), layer: Metal1.
[PSM-0038] Unconnected shape on net VDD at (49.995um, 195.700um) - (69.255um, 196.300um), layer: Metal1.
[PSM-0038] Unconnected shape on net VDD at (49.995um, 203.540um) - (69.255um, 204.140um), layer: Metal1.
[PSM-0038] Unconnected shape on net VDD at (49.995um, 211.380um) - (69.255um, 211.980um), layer: Metal1.
[PSM-0038] Unconnected shape on net VDD at (49.995um, 219.220um) - (69.255um, 219.820um), layer: Metal1.
[PSM-0038] Unconnected shape on net VDD at (49.995um, 227.060um) - (69.255um, 227.660um), layer: Metal1.
[PSM-0038] Unconnected shape on net VDD at (49.995um, 234.900um) - (69.255um, 235.500um), layer: Metal1.
[PSM-0038] Unconnected shape on net VDD at (49.995um, 242.740um) - (69.255um, 243.340um), layer: Metal1.
[PSM-0038] Unconnected shape on net VDD at (49.995um, 250.580um) - (69.255um, 251.180um), layer: Metal1.
[PSM-0038] Unconnected shape on net VDD at (49.995um, 258.420um) - (69.255um, 259.020um), layer: Metal1.
[PSM-0038] Unconnected shape on net VDD at (49.995um, 266.260um) - (69.255um, 266.860um), layer: Metal1.
[PSM-0038] Unconnected shape on net VDD at (49.995um, 274.100um) - (69.255um, 274.700um), layer: Metal1.
[PSM-0038] Unconnected shape on net VDD at (49.995um, 281.940um) - (69.255um, 282.540um), layer: Metal1.
[PSM-0038] Unconnected shape on net VDD at (49.995um, 289.780um) - (69.255um, 290.380um), layer: Metal1.
[PSM-0038] Unconnected shape on net VDD at (49.995um, 297.620um) - (69.255um, 298.220um), layer: Metal1.
[PSM-0038] Unconnected shape on net VDD at (49.995um, 305.460um) - (69.255um, 306.060um), layer: Metal1.
[PSM-0038] Unconnected shape on net VDD at (49.995um, 313.300um) - (69.255um, 313.900um), layer: Metal1.
[PSM-0038] Unconnected shape on net VDD at (49.995um, 321.140um) - (69.255um, 321.740um), layer: Metal1.
[PSM-0038] Unconnected shape on net VDD at (49.995um, 328.980um) - (69.255um, 329.580um), layer: Metal1.
[PSM-0038] Unconnected shape on net VDD at (49.995um, 336.820um) - (69.255um, 337.420um), layer: Metal1.
[PSM-0038] Unconnected shape on net VDD at (49.995um, 344.660um) - (69.255um, 345.260um), layer: Metal1.
[PSM-0038] Unconnected shape on net VDD at (49.995um, 352.500um) - (69.255um, 353.100um), layer: Metal1.
[PSM-0038] Unconnected shape on net VDD at (49.995um, 360.340um) - (69.255um, 360.940um), layer: Metal1.
[PSM-0038] Unconnected shape on net VDD at (49.995um, 368.180um) - (69.255um, 368.780um), layer: Metal1.
[PSM-0038] Unconnected shape on net VDD at (49.995um, 376.020um) - (69.255um, 376.620um), layer: Metal1.
[PSM-0038] Unconnected shape on net VDD at (49.995um, 383.860um) - (69.255um, 384.460um), layer: Metal1.
[PSM-0038] Unconnected shape on net VDD at (49.995um, 391.700um) - (69.255um, 392.300um), layer: Metal1.
[PSM-0038] Unconnected shape on net VDD at (49.995um, 399.540um) - (69.255um, 400.140um), layer: Metal1.
[PSM-0038] Unconnected shape on net VDD at (49.995um, 407.380um) - (69.255um, 407.980um), layer: Metal1.
[PSM-0038] Unconnected shape on net VDD at (49.995um, 415.220um) - (69.255um, 415.820um), layer: Metal1.
[PSM-0038] Unconnected shape on net VDD at (49.995um, 423.060um) - (69.255um, 423.660um), layer: Metal1.
[PSM-0038] Unconnected shape on net VDD at (49.995um, 430.900um) - (69.255um, 431.500um), layer: Metal1.
[PSM-0038] Unconnected shape on net VDD at (49.995um, 438.740um) - (69.255um, 439.340um), layer: Metal1.
[PSM-0038] Unconnected shape on net VDD at (49.995um, 446.580um) - (69.255um, 447.180um), layer: Metal1.
[PSM-0038] Unconnected shape on net VDD at (49.995um, 454.420um) - (69.255um, 455.020um), layer: Metal1.
[PSM-0038] Unconnected shape on net VDD at (49.995um, 462.260um) - (69.255um, 462.860um), layer: Metal1.
[PSM-0038] Unconnected shape on net VDD at (49.995um, 470.100um) - (69.255um, 470.700um), layer: Metal1.
[PSM-0038] Unconnected shape on net VDD at (49.995um, 477.940um) - (69.255um, 478.540um), layer: Metal1.
[PSM-0038] Unconnected shape on net VDD at (49.995um, 485.780um) - (69.255um, 486.380um), layer: Metal1.
[PSM-0038] Unconnected shape on net VDD at (49.995um, 493.620um) - (69.255um, 494.220um), layer: Metal1.
[PSM-0038] Unconnected shape on net VDD at (49.995um, 501.460um) - (69.255um, 502.060um), layer: Metal1.
[PSM-0038] Unconnected shape on net VDD at (49.995um, 509.300um) - (69.255um, 509.900um), layer: Metal1.
[PSM-0038] Unconnected shape on net VDD at (49.995um, 517.140um) - (69.255um, 517.740um), layer: Metal1.
[PSM-0038] Unconnected shape on net VDD at (49.995um, 524.980um) - (69.255um, 525.580um), layer: Metal1.
[PSM-0038] Unconnected shape on net VDD at (49.995um, 532.820um) - (69.255um, 533.420um), layer: Metal1.
[PSM-0038] Unconnected shape on net VDD at (49.995um, 540.660um) - (67.575um, 541.260um), layer: Metal1.
[PSM-0038] Unconnected shape on net VDD at (49.995um, 548.500um) - (69.255um, 549.100um), layer: Metal1.
[PSM-0038] Unconnected shape on net VDD at (49.995um, 556.340um) - (69.255um, 556.940um), layer: Metal1.
[PSM-0038] Unconnected shape on net VDD at (49.995um, 564.180um) - (69.255um, 564.780um), layer: Metal1.
[PSM-0038] Unconnected shape on net VDD at (49.995um, 572.020um) - (69.255um, 572.620um), layer: Metal1.
[PSM-0038] Unconnected shape on net VDD at (49.995um, 579.860um) - (69.255um, 580.460um), layer: Metal1.
[PSM-0038] Unconnected shape on net VDD at (49.995um, 587.700um) - (69.255um, 588.300um), layer: Metal1.
[PSM-0038] Unconnected shape on net VDD at (49.995um, 595.540um) - (69.255um, 596.140um), layer: Metal1.
[PSM-0038] Unconnected shape on net VDD at (49.995um, 603.380um) - (69.255um, 603.980um), layer: Metal1.
[PSM-0038] Unconnected shape on net VDD at (49.995um, 611.220um) - (69.255um, 611.820um), layer: Metal1.
[PSM-0038] Unconnected shape on net VDD at (49.995um, 619.060um) - (69.255um, 619.660um), layer: Metal1.
[PSM-0038] Unconnected shape on net VDD at (49.995um, 626.900um) - (69.255um, 627.500um), layer: Metal1.
[PSM-0038] Unconnected shape on net VDD at (49.995um, 634.740um) - (69.255um, 635.340um), layer: Metal1.
[PSM-0038] Unconnected shape on net VDD at (49.995um, 642.580um) - (69.255um, 643.180um), layer: Metal1.
[PSM-0038] Unconnected shape on net VDD at (49.995um, 650.420um) - (69.255um, 651.020um), layer: Metal1.
[PSM-0038] Unconnected shape on net VDD at (49.995um, 658.260um) - (69.255um, 658.860um), layer: Metal1.
[PSM-0038] Unconnected shape on net VDD at (49.995um, 666.100um) - (69.255um, 666.700um), layer: Metal1.
[PSM-0038] Unconnected shape on net VDD at (49.995um, 673.940um) - (69.255um, 674.540um), layer: Metal1.
[PSM-0038] Unconnected shape on net VDD at (49.995um, 681.780um) - (69.255um, 682.380um), layer: Metal1.
[PSM-0038] Unconnected shape on net VDD at (49.995um, 689.620um) - (69.255um, 690.220um), layer: Metal1.
[PSM-0038] Unconnected shape on net VDD at (49.995um, 697.460um) - (69.255um, 698.060um), layer: Metal1.
[PSM-0038] Unconnected shape on net VDD at (49.995um, 705.300um) - (69.255um, 705.900um), layer: Metal1.
[PSM-0038] Unconnected shape on net VDD at (49.995um, 713.140um) - (69.255um, 713.740um), layer: Metal1.
[PSM-0038] Unconnected shape on net VDD at (49.995um, 720.980um) - (69.255um, 721.580um), layer: Metal1.
[PSM-0038] Unconnected shape on net VDD at (49.995um, 728.820um) - (69.255um, 729.420um), layer: Metal1.
[PSM-0038] Unconnected shape on net VDD at (67.575um, 13.995um) - (67.915um, 15.980um), layer: Metal1.
[PSM-0038] Unconnected shape on net VDD at (67.575um, 539.275um) - (67.915um, 541.260um), layer: Metal1.
[PSM-0038] Unconnected shape on net VDD at (67.575um, 735.275um) - (67.915um, 737.260um), layer: Metal1.
[PSM-0038] Unconnected shape on net VDD at (67.915um, 15.380um) - (86.615um, 15.980um), layer: Metal1.
[PSM-0038] Unconnected shape on net VDD at (67.915um, 540.660um) - (86.615um, 541.260um), layer: Metal1.
[PSM-0038] Unconnected shape on net VDD at (67.915um, 736.660um) - (86.615um, 737.260um), layer: Metal1.
[PSM-0038] Unconnected shape on net VDD at (69.255um, 21.835um) - (69.595um, 23.820um), layer: Metal1.
[PSM-0038] Unconnected shape on net VDD at (69.255um, 29.675um) - (69.595um, 31.660um), layer: Metal1.
[PSM-0038] Unconnected shape on net VDD at (69.255um, 37.515um) - (69.595um, 39.500um), layer: Metal1.
[PSM-0038] Unconnected shape on net VDD at (69.255um, 45.355um) - (69.595um, 47.340um), layer: Metal1.
[PSM-0038] Unconnected shape on net VDD at (69.255um, 53.195um) - (69.595um, 55.180um), layer: Metal1.
[PSM-0038] Unconnected shape on net VDD at (69.255um, 61.035um) - (69.595um, 63.020um), layer: Metal1.
[PSM-0038] Unconnected shape on net VDD at (69.255um, 68.875um) - (69.595um, 70.860um), layer: Metal1.
[PSM-0038] Unconnected shape on net VDD at (69.255um, 76.715um) - (69.595um, 78.700um), layer: Metal1.
[PSM-0038] Unconnected shape on net VDD at (69.255um, 84.555um) - (69.595um, 86.540um), layer: Metal1.
[PSM-0038] Unconnected shape on net VDD at (69.255um, 92.395um) - (69.595um, 94.380um), layer: Metal1.
[PSM-0038] Unconnected shape on net VDD at (69.255um, 100.235um) - (69.595um, 102.220um), layer: Metal1.
[PSM-0038] Unconnected shape on net VDD at (69.255um, 108.075um) - (69.595um, 110.060um), layer: Metal1.
[PSM-0038] Unconnected shape on net VDD at (69.255um, 115.915um) - (69.595um, 117.900um), layer: Metal1.
[PSM-0038] Unconnected shape on net VDD at (69.255um, 123.755um) - (69.595um, 125.740um), layer: Metal1.
[PSM-0038] Unconnected shape on net VDD at (69.255um, 131.595um) - (69.595um, 133.580um), layer: Metal1.
[PSM-0038] Unconnected shape on net VDD at (69.255um, 139.435um) - (69.595um, 141.420um), layer: Metal1.
[PSM-0038] Unconnected shape on net VDD at (69.255um, 147.275um) - (69.595um, 149.260um), layer: Metal1.
[PSM-0038] Unconnected shape on net VDD at (69.255um, 155.115um) - (69.595um, 157.100um), layer: Metal1.
[PSM-0038] Unconnected shape on net VDD at (69.255um, 162.955um) - (69.595um, 164.940um), layer: Metal1.
[PSM-0038] Unconnected shape on net VDD at (69.255um, 170.795um) - (69.595um, 172.780um), layer: Metal1.
[PSM-0038] Unconnected shape on net VDD at (69.255um, 178.635um) - (69.595um, 180.620um), layer: Metal1.
[PSM-0038] Unconnected shape on net VDD at (69.255um, 186.475um) - (69.595um, 188.460um), layer: Metal1.
[PSM-0038] Unconnected shape on net VDD at (69.255um, 194.315um) - (69.595um, 196.300um), layer: Metal1.
[PSM-0038] Unconnected shape on net VDD at (69.255um, 202.155um) - (69.595um, 204.140um), layer: Metal1.
[PSM-0038] Unconnected shape on net VDD at (69.255um, 209.995um) - (69.595um, 211.980um), layer: Metal1.
[PSM-0038] Unconnected shape on net VDD at (69.255um, 217.835um) - (69.595um, 219.820um), layer: Metal1.
[PSM-0038] Unconnected shape on net VDD at (69.255um, 225.675um) - (69.595um, 227.660um), layer: Metal1.
[PSM-0038] Unconnected shape on net VDD at (69.255um, 233.515um) - (69.595um, 235.500um), layer: Metal1.
[PSM-0038] Unconnected shape on net VDD at (69.255um, 241.355um) - (69.595um, 243.340um), layer: Metal1.
[PSM-0038] Unconnected shape on net VDD at (69.255um, 249.195um) - (69.595um, 251.180um), layer: Metal1.
[PSM-0038] Unconnected shape on net VDD at (69.255um, 257.035um) - (69.595um, 259.020um), layer: Metal1.
[PSM-0038] Unconnected shape on net VDD at (69.255um, 264.875um) - (69.595um, 266.860um), layer: Metal1.
[PSM-0038] Unconnected shape on net VDD at (69.255um, 272.715um) - (69.595um, 274.700um), layer: Metal1.
[PSM-0038] Unconnected shape on net VDD at (69.255um, 280.555um) - (69.595um, 282.540um), layer: Metal1.
[PSM-0038] Unconnected shape on net VDD at (69.255um, 288.395um) - (69.595um, 290.380um), layer: Metal1.
[PSM-0038] Unconnected shape on net VDD at (69.255um, 296.235um) - (69.595um, 298.220um), layer: Metal1.
[PSM-0038] Unconnected shape on net VDD at (69.255um, 304.075um) - (69.595um, 306.060um), layer: Metal1.
[PSM-0038] Unconnected shape on net VDD at (69.255um, 311.915um) - (69.595um, 313.900um), layer: Metal1.
[PSM-0038] Unconnected shape on net VDD at (69.255um, 319.755um) - (69.595um, 321.740um), layer: Metal1.
[PSM-0038] Unconnected shape on net VDD at (69.255um, 327.595um) - (69.595um, 329.580um), layer: Metal1.
[PSM-0038] Unconnected shape on net VDD at (69.255um, 335.435um) - (69.595um, 337.420um), layer: Metal1.
[PSM-0038] Unconnected shape on net VDD at (69.255um, 343.275um) - (69.595um, 345.260um), layer: Metal1.
[PSM-0038] Unconnected shape on net VDD at (69.255um, 351.115um) - (69.595um, 353.100um), layer: Metal1.
[PSM-0038] Unconnected shape on net VDD at (69.255um, 358.955um) - (69.595um, 360.940um), layer: Metal1.
[PSM-0038] Unconnected shape on net VDD at (69.255um, 366.795um) - (69.595um, 368.780um), layer: Metal1.
[PSM-0038] Unconnected shape on net VDD at (69.255um, 374.635um) - (69.595um, 376.620um), layer: Metal1.
[PSM-0038] Unconnected shape on net VDD at (69.255um, 382.475um) - (69.595um, 384.460um), layer: Metal1.
[PSM-0038] Unconnected shape on net VDD at (69.255um, 390.315um) - (69.595um, 392.300um), layer: Metal1.
[PSM-0038] Unconnected shape on net VDD at (69.255um, 398.155um) - (69.595um, 400.140um), layer: Metal1.
[PSM-0038] Unconnected shape on net VDD at (69.255um, 405.995um) - (69.595um, 407.980um), layer: Metal1.
[PSM-0038] Unconnected shape on net VDD at (69.255um, 413.835um) - (69.595um, 415.820um), layer: Metal1.
[PSM-0038] Unconnected shape on net VDD at (69.255um, 421.675um) - (69.595um, 423.660um), layer: Metal1.
[PSM-0038] Unconnected shape on net VDD at (69.255um, 429.515um) - (69.595um, 431.500um), layer: Metal1.
[PSM-0038] Unconnected shape on net VDD at (69.255um, 437.355um) - (69.595um, 439.340um), layer: Metal1.
[PSM-0038] Unconnected shape on net VDD at (69.255um, 445.195um) - (69.595um, 447.180um), layer: Metal1.
[PSM-0038] Unconnected shape on net VDD at (69.255um, 453.035um) - (69.595um, 455.020um), layer: Metal1.
[PSM-0038] Unconnected shape on net VDD at (69.255um, 460.875um) - (69.595um, 462.860um), layer: Metal1.
[PSM-0038] Unconnected shape on net VDD at (69.255um, 468.715um) - (69.595um, 470.700um), layer: Metal1.
[PSM-0038] Unconnected shape on net VDD at (69.255um, 476.555um) - (69.595um, 478.540um), layer: Metal1.
[PSM-0038] Unconnected shape on net VDD at (69.255um, 484.395um) - (69.595um, 486.380um), layer: Metal1.
[PSM-0038] Unconnected shape on net VDD at (69.255um, 492.235um) - (69.595um, 494.220um), layer: Metal1.
[PSM-0038] Unconnected shape on net VDD at (69.255um, 500.075um) - (69.595um, 502.060um), layer: Metal1.
[PSM-0038] Unconnected shape on net VDD at (69.255um, 507.915um) - (69.595um, 509.900um), layer: Metal1.
[PSM-0038] Unconnected shape on net VDD at (69.255um, 515.755um) - (69.595um, 517.740um), layer: Metal1.
[PSM-0038] Unconnected shape on net VDD at (69.255um, 523.595um) - (69.595um, 525.580um), layer: Metal1.
[PSM-0038] Unconnected shape on net VDD at (69.255um, 531.435um) - (69.595um, 533.420um), layer: Metal1.
[PSM-0038] Unconnected shape on net VDD at (69.255um, 547.115um) - (69.595um, 549.100um), layer: Metal1.
[PSM-0038] Unconnected shape on net VDD at (69.255um, 554.955um) - (69.595um, 556.940um), layer: Metal1.
[PSM-0038] Unconnected shape on net VDD at (69.255um, 562.795um) - (69.595um, 564.780um), layer: Metal1.
[PSM-0038] Unconnected shape on net VDD at (69.255um, 570.635um) - (69.595um, 572.620um), layer: Metal1.
[PSM-0038] Unconnected shape on net VDD at (69.255um, 578.475um) - (69.595um, 580.460um), layer: Metal1.
[PSM-0038] Unconnected shape on net VDD at (69.255um, 586.315um) - (69.595um, 588.300um), layer: Metal1.
[PSM-0038] Unconnected shape on net VDD at (69.255um, 594.155um) - (69.595um, 596.140um), layer: Metal1.
[PSM-0038] Unconnected shape on net VDD at (69.255um, 601.995um) - (69.595um, 603.980um), layer: Metal1.
[PSM-0038] Unconnected shape on net VDD at (69.255um, 609.835um) - (69.595um, 611.820um), layer: Metal1.
[PSM-0038] Unconnected shape on net VDD at (69.255um, 617.675um) - (69.595um, 619.660um), layer: Metal1.
[PSM-0038] Unconnected shape on net VDD at (69.255um, 625.515um) - (69.595um, 627.500um), layer: Metal1.
[PSM-0038] Unconnected shape on net VDD at (69.255um, 633.355um) - (69.595um, 635.340um), layer: Metal1.
[PSM-0038] Unconnected shape on net VDD at (69.255um, 641.195um) - (69.595um, 643.180um), layer: Metal1.
[PSM-0038] Unconnected shape on net VDD at (69.255um, 649.035um) - (69.595um, 651.020um), layer: Metal1.
[PSM-0038] Unconnected shape on net VDD at (69.255um, 656.875um) - (69.595um, 658.860um), layer: Metal1.
[PSM-0038] Unconnected shape on net VDD at (69.255um, 664.715um) - (69.595um, 666.700um), layer: Metal1.
[PSM-0038] Unconnected shape on net VDD at (69.255um, 672.555um) - (69.595um, 674.540um), layer: Metal1.
[PSM-0038] Unconnected shape on net VDD at (69.255um, 680.395um) - (69.595um, 682.380um), layer: Metal1.
[PSM-0038] Unconnected shape on net VDD at (69.255um, 688.235um) - (69.595um, 690.220um), layer: Metal1.
[PSM-0038] Unconnected shape on net VDD at (69.255um, 696.075um) - (69.595um, 698.060um), layer: Metal1.
[PSM-0038] Unconnected shape on net VDD at (69.255um, 703.915um) - (69.595um, 705.900um), layer: Metal1.
[PSM-0038] Unconnected shape on net VDD at (69.255um, 711.755um) - (69.595um, 713.740um), layer: Metal1.
[PSM-0038] Unconnected shape on net VDD at (69.255um, 719.595um) - (69.595um, 721.580um), layer: Metal1.
[PSM-0038] Unconnected shape on net VDD at (69.255um, 727.435um) - (69.595um, 729.420um), layer: Metal1.
[PSM-0038] Unconnected shape on net VDD at (69.595um, 23.220um) - (88.855um, 23.820um), layer: Metal1.
[PSM-0038] Unconnected shape on net VDD at (69.595um, 31.060um) - (88.855um, 31.660um), layer: Metal1.
[PSM-0038] Unconnected shape on net VDD at (69.595um, 38.900um) - (88.855um, 39.500um), layer: Metal1.
[PSM-0038] Unconnected shape on net VDD at (69.595um, 46.740um) - (88.855um, 47.340um), layer: Metal1.
[PSM-0038] Unconnected shape on net VDD at (69.595um, 54.580um) - (88.855um, 55.180um), layer: Metal1.
[PSM-0038] Unconnected shape on net VDD at (69.595um, 62.420um) - (88.855um, 63.020um), layer: Metal1.
[PSM-0038] Unconnected shape on net VDD at (69.595um, 70.260um) - (88.855um, 70.860um), layer: Metal1.
[PSM-0038] Unconnected shape on net VDD at (69.595um, 78.100um) - (88.855um, 78.700um), layer: Metal1.
[PSM-0038] Unconnected shape on net VDD at (69.595um, 85.940um) - (88.855um, 86.540um), layer: Metal1.
[PSM-0038] Unconnected shape on net VDD at (69.595um, 93.780um) - (88.855um, 94.380um), layer: Metal1.
[PSM-0038] Unconnected shape on net VDD at (69.595um, 101.620um) - (88.855um, 102.220um), layer: Metal1.
[PSM-0038] Unconnected shape on net VDD at (69.595um, 109.460um) - (88.855um, 110.060um), layer: Metal1.
[PSM-0038] Unconnected shape on net VDD at (69.595um, 117.300um) - (88.855um, 117.900um), layer: Metal1.
[PSM-0038] Unconnected shape on net VDD at (69.595um, 125.140um) - (88.855um, 125.740um), layer: Metal1.
[PSM-0038] Unconnected shape on net VDD at (69.595um, 132.980um) - (88.855um, 133.580um), layer: Metal1.
[PSM-0038] Unconnected shape on net VDD at (69.595um, 140.820um) - (88.855um, 141.420um), layer: Metal1.
[PSM-0038] Unconnected shape on net VDD at (69.595um, 148.660um) - (88.855um, 149.260um), layer: Metal1.
[PSM-0038] Unconnected shape on net VDD at (69.595um, 156.500um) - (88.855um, 157.100um), layer: Metal1.
[PSM-0038] Unconnected shape on net VDD at (69.595um, 164.340um) - (88.855um, 164.940um), layer: Metal1.
[PSM-0038] Unconnected shape on net VDD at (69.595um, 172.180um) - (88.855um, 172.780um), layer: Metal1.
[PSM-0038] Unconnected shape on net VDD at (69.595um, 180.020um) - (88.855um, 180.620um), layer: Metal1.
[PSM-0038] Unconnected shape on net VDD at (69.595um, 187.860um) - (88.855um, 188.460um), layer: Metal1.
[PSM-0038] Unconnected shape on net VDD at (69.595um, 195.700um) - (88.855um, 196.300um), layer: Metal1.
[PSM-0038] Unconnected shape on net VDD at (69.595um, 203.540um) - (88.855um, 204.140um), layer: Metal1.
[PSM-0038] Unconnected shape on net VDD at (69.595um, 211.380um) - (88.855um, 211.980um), layer: Metal1.
[PSM-0038] Unconnected shape on net VDD at (69.595um, 219.220um) - (88.855um, 219.820um), layer: Metal1.
[PSM-0038] Unconnected shape on net VDD at (69.595um, 227.060um) - (88.855um, 227.660um), layer: Metal1.
[PSM-0038] Unconnected shape on net VDD at (69.595um, 234.900um) - (88.855um, 235.500um), layer: Metal1.
[PSM-0038] Unconnected shape on net VDD at (69.595um, 242.740um) - (88.855um, 243.340um), layer: Metal1.
[PSM-0038] Unconnected shape on net VDD at (69.595um, 250.580um) - (88.855um, 251.180um), layer: Metal1.
[PSM-0038] Unconnected shape on net VDD at (69.595um, 258.420um) - (88.855um, 259.020um), layer: Metal1.
[PSM-0038] Unconnected shape on net VDD at (69.595um, 266.260um) - (88.855um, 266.860um), layer: Metal1.
[PSM-0038] Unconnected shape on net VDD at (69.595um, 274.100um) - (88.855um, 274.700um), layer: Metal1.
[PSM-0038] Unconnected shape on net VDD at (69.595um, 281.940um) - (88.855um, 282.540um), layer: Metal1.
[PSM-0038] Unconnected shape on net VDD at (69.595um, 289.780um) - (88.855um, 290.380um), layer: Metal1.
[PSM-0038] Unconnected shape on net VDD at (69.595um, 297.620um) - (88.855um, 298.220um), layer: Metal1.
[PSM-0038] Unconnected shape on net VDD at (69.595um, 305.460um) - (88.855um, 306.060um), layer: Metal1.
[PSM-0038] Unconnected shape on net VDD at (69.595um, 313.300um) - (88.855um, 313.900um), layer: Metal1.
[PSM-0038] Unconnected shape on net VDD at (69.595um, 321.140um) - (88.855um, 321.740um), layer: Metal1.
[PSM-0038] Unconnected shape on net VDD at (69.595um, 328.980um) - (88.855um, 329.580um), layer: Metal1.
[PSM-0038] Unconnected shape on net VDD at (69.595um, 336.820um) - (88.855um, 337.420um), layer: Metal1.
[PSM-0038] Unconnected shape on net VDD at (69.595um, 344.660um) - (88.855um, 345.260um), layer: Metal1.
[PSM-0038] Unconnected shape on net VDD at (69.595um, 352.500um) - (88.855um, 353.100um), layer: Metal1.
[PSM-0038] Unconnected shape on net VDD at (69.595um, 360.340um) - (88.855um, 360.940um), layer: Metal1.
[PSM-0038] Unconnected shape on net VDD at (69.595um, 368.180um) - (88.855um, 368.780um), layer: Metal1.
[PSM-0038] Unconnected shape on net VDD at (69.595um, 376.020um) - (88.855um, 376.620um), layer: Metal1.
[PSM-0038] Unconnected shape on net VDD at (69.595um, 383.860um) - (88.855um, 384.460um), layer: Metal1.
[PSM-0038] Unconnected shape on net VDD at (69.595um, 391.700um) - (88.855um, 392.300um), layer: Metal1.
[PSM-0038] Unconnected shape on net VDD at (69.595um, 399.540um) - (88.855um, 400.140um), layer: Metal1.
[PSM-0038] Unconnected shape on net VDD at (69.595um, 407.380um) - (88.855um, 407.980um), layer: Metal1.
[PSM-0038] Unconnected shape on net VDD at (69.595um, 415.220um) - (88.855um, 415.820um), layer: Metal1.
[PSM-0038] Unconnected shape on net VDD at (69.595um, 423.060um) - (88.855um, 423.660um), layer: Metal1.
[PSM-0038] Unconnected shape on net VDD at (69.595um, 430.900um) - (88.855um, 431.500um), layer: Metal1.
[PSM-0038] Unconnected shape on net VDD at (69.595um, 438.740um) - (88.855um, 439.340um), layer: Metal1.
[PSM-0038] Unconnected shape on net VDD at (69.595um, 446.580um) - (88.855um, 447.180um), layer: Metal1.
[PSM-0038] Unconnected shape on net VDD at (69.595um, 454.420um) - (88.855um, 455.020um), layer: Metal1.
[PSM-0038] Unconnected shape on net VDD at (69.595um, 462.260um) - (88.855um, 462.860um), layer: Metal1.
[PSM-0038] Unconnected shape on net VDD at (69.595um, 470.100um) - (88.855um, 470.700um), layer: Metal1.
[PSM-0038] Unconnected shape on net VDD at (69.595um, 477.940um) - (88.855um, 478.540um), layer: Metal1.
[PSM-0038] Unconnected shape on net VDD at (69.595um, 485.780um) - (88.855um, 486.380um), layer: Metal1.
[PSM-0038] Unconnected shape on net VDD at (69.595um, 493.620um) - (88.855um, 494.220um), layer: Metal1.
[PSM-0038] Unconnected shape on net VDD at (69.595um, 501.460um) - (88.855um, 502.060um), layer: Metal1.
[PSM-0038] Unconnected shape on net VDD at (69.595um, 509.300um) - (88.855um, 509.900um), layer: Metal1.
[PSM-0038] Unconnected shape on net VDD at (69.595um, 517.140um) - (88.855um, 517.740um), layer: Metal1.
[PSM-0038] Unconnected shape on net VDD at (69.595um, 524.980um) - (88.855um, 525.580um), layer: Metal1.
[PSM-0038] Unconnected shape on net VDD at (69.595um, 532.820um) - (88.855um, 533.420um), layer: Metal1.
[PSM-0038] Unconnected shape on net VDD at (69.595um, 548.500um) - (88.855um, 549.100um), layer: Metal1.
[PSM-0038] Unconnected shape on net VDD at (69.595um, 556.340um) - (88.855um, 556.940um), layer: Metal1.
[PSM-0038] Unconnected shape on net VDD at (69.595um, 564.180um) - (88.855um, 564.780um), layer: Metal1.
[PSM-0038] Unconnected shape on net VDD at (69.595um, 572.020um) - (88.855um, 572.620um), layer: Metal1.
[PSM-0038] Unconnected shape on net VDD at (69.595um, 579.860um) - (88.855um, 580.460um), layer: Metal1.
[PSM-0038] Unconnected shape on net VDD at (69.595um, 587.700um) - (88.855um, 588.300um), layer: Metal1.
[PSM-0038] Unconnected shape on net VDD at (69.595um, 595.540um) - (88.855um, 596.140um), layer: Metal1.
[PSM-0038] Unconnected shape on net VDD at (69.595um, 603.380um) - (88.855um, 603.980um), layer: Metal1.
[PSM-0038] Unconnected shape on net VDD at (69.595um, 611.220um) - (88.855um, 611.820um), layer: Metal1.
[PSM-0038] Unconnected shape on net VDD at (69.595um, 619.060um) - (88.855um, 619.660um), layer: Metal1.
[PSM-0038] Unconnected shape on net VDD at (69.595um, 626.900um) - (88.855um, 627.500um), layer: Metal1.
[PSM-0038] Unconnected shape on net VDD at (69.595um, 634.740um) - (88.855um, 635.340um), layer: Metal1.
[PSM-0038] Unconnected shape on net VDD at (69.595um, 642.580um) - (88.855um, 643.180um), layer: Metal1.
[PSM-0038] Unconnected shape on net VDD at (69.595um, 650.420um) - (88.855um, 651.020um), layer: Metal1.
[PSM-0038] Unconnected shape on net VDD at (69.595um, 658.260um) - (88.855um, 658.860um), layer: Metal1.
[PSM-0038] Unconnected shape on net VDD at (69.595um, 666.100um) - (88.855um, 666.700um), layer: Metal1.
[PSM-0038] Unconnected shape on net VDD at (69.595um, 673.940um) - (88.855um, 674.540um), layer: Metal1.
[PSM-0038] Unconnected shape on net VDD at (69.595um, 681.780um) - (88.855um, 682.380um), layer: Metal1.
[PSM-0038] Unconnected shape on net VDD at (69.595um, 689.620um) - (88.855um, 690.220um), layer: Metal1.
[PSM-0038] Unconnected shape on net VDD at (69.595um, 697.460um) - (88.855um, 698.060um), layer: Metal1.
[PSM-0038] Unconnected shape on net VDD at (69.595um, 705.300um) - (88.855um, 705.900um), layer: Metal1.
[PSM-0038] Unconnected shape on net VDD at (69.595um, 713.140um) - (88.855um, 713.740um), layer: Metal1.
[PSM-0038] Unconnected shape on net VDD at (69.595um, 720.980um) - (88.855um, 721.580um), layer: Metal1.
[PSM-0038] Unconnected shape on net VDD at (69.595um, 728.820um) - (88.855um, 729.420um), layer: Metal1.
[PSM-0038] Unconnected shape on net VDD at (86.615um, 13.995um) - (86.955um, 15.980um), layer: Metal1.
[PSM-0038] Unconnected shape on net VDD at (86.615um, 539.275um) - (86.955um, 541.260um), layer: Metal1.
[PSM-0038] Unconnected shape on net VDD at (86.615um, 735.275um) - (86.955um, 737.260um), layer: Metal1.
[PSM-0038] Unconnected shape on net VDD at (86.955um, 15.380um) - (88.855um, 15.980um), layer: Metal1.
[PSM-0038] Unconnected shape on net VDD at (86.955um, 540.660um) - (88.855um, 541.260um), layer: Metal1.
[PSM-0038] Unconnected shape on net VDD at (86.955um, 736.660um) - (105.655um, 737.260um), layer: Metal1.
[PSM-0038] Unconnected shape on net VDD at (88.855um, 15.380um) - (89.195um, 17.365um), layer: Metal1.
[PSM-0038] Unconnected shape on net VDD at (88.855um, 23.220um) - (89.195um, 25.205um), layer: Metal1.
[PSM-0038] Unconnected shape on net VDD at (88.855um, 31.060um) - (89.195um, 33.045um), layer: Metal1.
[PSM-0038] Unconnected shape on net VDD at (88.855um, 38.900um) - (89.195um, 40.885um), layer: Metal1.
[PSM-0038] Unconnected shape on net VDD at (88.855um, 46.740um) - (89.195um, 48.725um), layer: Metal1.
[PSM-0038] Unconnected shape on net VDD at (88.855um, 54.580um) - (89.195um, 56.565um), layer: Metal1.
[PSM-0038] Unconnected shape on net VDD at (88.855um, 62.420um) - (89.195um, 64.405um), layer: Metal1.
[PSM-0038] Unconnected shape on net VDD at (88.855um, 70.260um) - (89.195um, 72.245um), layer: Metal1.
[PSM-0038] Unconnected shape on net VDD at (88.855um, 78.100um) - (89.195um, 80.085um), layer: Metal1.
[PSM-0038] Unconnected shape on net VDD at (88.855um, 85.940um) - (89.195um, 87.925um), layer: Metal1.
[PSM-0038] Unconnected shape on net VDD at (88.855um, 93.780um) - (89.195um, 95.765um), layer: Metal1.
[PSM-0038] Unconnected shape on net VDD at (88.855um, 101.620um) - (89.195um, 103.605um), layer: Metal1.
[PSM-0038] Unconnected shape on net VDD at (88.855um, 109.460um) - (89.195um, 111.445um), layer: Metal1.
[PSM-0038] Unconnected shape on net VDD at (88.855um, 117.300um) - (89.195um, 119.285um), layer: Metal1.
[PSM-0038] Unconnected shape on net VDD at (88.855um, 125.140um) - (89.195um, 127.125um), layer: Metal1.
[PSM-0038] Unconnected shape on net VDD at (88.855um, 132.980um) - (89.195um, 134.965um), layer: Metal1.
[PSM-0038] Unconnected shape on net VDD at (88.855um, 140.820um) - (89.195um, 142.805um), layer: Metal1.
[PSM-0038] Unconnected shape on net VDD at (88.855um, 148.660um) - (89.195um, 150.645um), layer: Metal1.
[PSM-0038] Unconnected shape on net VDD at (88.855um, 156.500um) - (89.195um, 158.485um), layer: Metal1.
[PSM-0038] Unconnected shape on net VDD at (88.855um, 164.340um) - (89.195um, 166.325um), layer: Metal1.
[PSM-0038] Unconnected shape on net VDD at (88.855um, 172.180um) - (89.195um, 174.165um), layer: Metal1.
[PSM-0038] Unconnected shape on net VDD at (88.855um, 180.020um) - (89.195um, 182.005um), layer: Metal1.
[PSM-0038] Unconnected shape on net VDD at (88.855um, 187.860um) - (89.195um, 189.845um), layer: Metal1.
[PSM-0038] Unconnected shape on net VDD at (88.855um, 195.700um) - (89.195um, 197.685um), layer: Metal1.
[PSM-0038] Unconnected shape on net VDD at (88.855um, 203.540um) - (89.195um, 205.525um), layer: Metal1.
[PSM-0038] Unconnected shape on net VDD at (88.855um, 211.380um) - (89.195um, 213.365um), layer: Metal1.
[PSM-0038] Unconnected shape on net VDD at (88.855um, 219.220um) - (89.195um, 221.205um), layer: Metal1.
[PSM-0038] Unconnected shape on net VDD at (88.855um, 227.060um) - (89.195um, 229.045um), layer: Metal1.
[PSM-0038] Unconnected shape on net VDD at (88.855um, 234.900um) - (89.195um, 236.885um), layer: Metal1.
[PSM-0038] Unconnected shape on net VDD at (88.855um, 242.740um) - (89.195um, 244.725um), layer: Metal1.
[PSM-0038] Unconnected shape on net VDD at (88.855um, 250.580um) - (89.195um, 252.565um), layer: Metal1.
[PSM-0038] Unconnected shape on net VDD at (88.855um, 258.420um) - (89.195um, 260.405um), layer: Metal1.
[PSM-0038] Unconnected shape on net VDD at (88.855um, 266.260um) - (89.195um, 268.245um), layer: Metal1.
[PSM-0038] Unconnected shape on net VDD at (88.855um, 274.100um) - (89.195um, 276.085um), layer: Metal1.
[PSM-0038] Unconnected shape on net VDD at (88.855um, 281.940um) - (89.195um, 283.925um), layer: Metal1.
[PSM-0038] Unconnected shape on net VDD at (88.855um, 289.780um) - (89.195um, 291.765um), layer: Metal1.
[PSM-0038] Unconnected shape on net VDD at (88.855um, 297.620um) - (89.195um, 299.605um), layer: Metal1.
[PSM-0038] Unconnected shape on net VDD at (88.855um, 305.460um) - (89.195um, 307.445um), layer: Metal1.
[PSM-0038] Unconnected shape on net VDD at (88.855um, 313.300um) - (89.195um, 315.285um), layer: Metal1.
[PSM-0038] Unconnected shape on net VDD at (88.855um, 321.140um) - (89.195um, 323.125um), layer: Metal1.
[PSM-0038] Unconnected shape on net VDD at (88.855um, 328.980um) - (89.195um, 330.965um), layer: Metal1.
[PSM-0038] Unconnected shape on net VDD at (88.855um, 336.820um) - (89.195um, 338.805um), layer: Metal1.
[PSM-0038] Unconnected shape on net VDD at (88.855um, 344.660um) - (89.195um, 346.645um), layer: Metal1.
[PSM-0038] Unconnected shape on net VDD at (88.855um, 352.500um) - (89.195um, 354.485um), layer: Metal1.
[PSM-0038] Unconnected shape on net VDD at (88.855um, 360.340um) - (89.195um, 362.325um), layer: Metal1.
[PSM-0038] Unconnected shape on net VDD at (88.855um, 368.180um) - (89.195um, 370.165um), layer: Metal1.
[PSM-0038] Unconnected shape on net VDD at (88.855um, 376.020um) - (89.195um, 378.005um), layer: Metal1.
[PSM-0038] Unconnected shape on net VDD at (88.855um, 383.860um) - (89.195um, 385.845um), layer: Metal1.
[PSM-0038] Unconnected shape on net VDD at (88.855um, 391.700um) - (89.195um, 393.685um), layer: Metal1.
[PSM-0038] Unconnected shape on net VDD at (88.855um, 399.540um) - (89.195um, 401.525um), layer: Metal1.
[PSM-0038] Unconnected shape on net VDD at (88.855um, 407.380um) - (89.195um, 409.365um), layer: Metal1.
[PSM-0038] Unconnected shape on net VDD at (88.855um, 415.220um) - (89.195um, 417.205um), layer: Metal1.
[PSM-0038] Unconnected shape on net VDD at (88.855um, 423.060um) - (89.195um, 425.045um), layer: Metal1.
[PSM-0038] Unconnected shape on net VDD at (88.855um, 430.900um) - (89.195um, 432.885um), layer: Metal1.
[PSM-0038] Unconnected shape on net VDD at (88.855um, 438.740um) - (89.195um, 440.725um), layer: Metal1.
[PSM-0038] Unconnected shape on net VDD at (88.855um, 446.580um) - (89.195um, 448.565um), layer: Metal1.
[PSM-0038] Unconnected shape on net VDD at (88.855um, 454.420um) - (89.195um, 456.405um), layer: Metal1.
[PSM-0038] Unconnected shape on net VDD at (88.855um, 462.260um) - (89.195um, 464.245um), layer: Metal1.
[PSM-0038] Unconnected shape on net VDD at (88.855um, 470.100um) - (89.195um, 472.085um), layer: Metal1.
[PSM-0038] Unconnected shape on net VDD at (88.855um, 477.940um) - (89.195um, 479.925um), layer: Metal1.
[PSM-0038] Unconnected shape on net VDD at (88.855um, 485.780um) - (89.195um, 487.765um), layer: Metal1.
[PSM-0038] Unconnected shape on net VDD at (88.855um, 493.620um) - (89.195um, 495.605um), layer: Metal1.
[PSM-0038] Unconnected shape on net VDD at (88.855um, 501.460um) - (89.195um, 503.445um), layer: Metal1.
[PSM-0038] Unconnected shape on net VDD at (88.855um, 509.300um) - (89.195um, 511.285um), layer: Metal1.
[PSM-0038] Unconnected shape on net VDD at (88.855um, 517.140um) - (89.195um, 519.125um), layer: Metal1.
[PSM-0038] Unconnected shape on net VDD at (88.855um, 524.980um) - (89.195um, 526.965um), layer: Metal1.
[PSM-0038] Unconnected shape on net VDD at (88.855um, 532.820um) - (89.195um, 534.805um), layer: Metal1.
[PSM-0038] Unconnected shape on net VDD at (88.855um, 540.660um) - (89.195um, 542.645um), layer: Metal1.
[PSM-0038] Unconnected shape on net VDD at (88.855um, 548.500um) - (89.195um, 550.485um), layer: Metal1.
[PSM-0038] Unconnected shape on net VDD at (88.855um, 556.340um) - (89.195um, 558.325um), layer: Metal1.
[PSM-0038] Unconnected shape on net VDD at (88.855um, 564.180um) - (89.195um, 566.165um), layer: Metal1.
[PSM-0038] Unconnected shape on net VDD at (88.855um, 572.020um) - (89.195um, 574.005um), layer: Metal1.
[PSM-0038] Unconnected shape on net VDD at (88.855um, 579.860um) - (89.195um, 581.845um), layer: Metal1.
[PSM-0038] Unconnected shape on net VDD at (88.855um, 587.700um) - (89.195um, 589.685um), layer: Metal1.
[PSM-0038] Unconnected shape on net VDD at (88.855um, 595.540um) - (89.195um, 597.525um), layer: Metal1.
[PSM-0038] Unconnected shape on net VDD at (88.855um, 603.380um) - (89.195um, 605.365um), layer: Metal1.
[PSM-0038] Unconnected shape on net VDD at (88.855um, 611.220um) - (89.195um, 613.205um), layer: Metal1.
[PSM-0038] Unconnected shape on net VDD at (88.855um, 619.060um) - (89.195um, 621.045um), layer: Metal1.
[PSM-0038] Unconnected shape on net VDD at (88.855um, 626.900um) - (89.195um, 628.885um), layer: Metal1.
[PSM-0038] Unconnected shape on net VDD at (88.855um, 634.740um) - (89.195um, 636.725um), layer: Metal1.
[PSM-0038] Unconnected shape on net VDD at (88.855um, 642.580um) - (89.195um, 644.565um), layer: Metal1.
[PSM-0038] Unconnected shape on net VDD at (88.855um, 650.420um) - (89.195um, 652.405um), layer: Metal1.
[PSM-0038] Unconnected shape on net VDD at (88.855um, 658.260um) - (89.195um, 660.245um), layer: Metal1.
[PSM-0038] Unconnected shape on net VDD at (88.855um, 666.100um) - (89.195um, 668.085um), layer: Metal1.
[PSM-0038] Unconnected shape on net VDD at (88.855um, 673.940um) - (89.195um, 675.925um), layer: Metal1.
[PSM-0038] Unconnected shape on net VDD at (88.855um, 681.780um) - (89.195um, 683.765um), layer: Metal1.
[PSM-0038] Unconnected shape on net VDD at (88.855um, 689.620um) - (89.195um, 691.605um), layer: Metal1.
[PSM-0038] Unconnected shape on net VDD at (88.855um, 697.460um) - (89.195um, 699.445um), layer: Metal1.
[PSM-0038] Unconnected shape on net VDD at (88.855um, 705.300um) - (89.195um, 707.285um), layer: Metal1.
[PSM-0038] Unconnected shape on net VDD at (88.855um, 713.140um) - (89.195um, 715.125um), layer: Metal1.
[PSM-0038] Unconnected shape on net VDD at (88.855um, 720.980um) - (89.195um, 722.965um), layer: Metal1.
[PSM-0038] Unconnected shape on net VDD at (88.855um, 728.820um) - (89.195um, 730.805um), layer: Metal1.
[PSM-0038] Unconnected shape on net VDD at (89.195um, 15.380um) - (105.655um, 15.980um), layer: Metal1.
[PSM-0038] Unconnected shape on net VDD at (89.195um, 23.220um) - (108.455um, 23.820um), layer: Metal1.
[PSM-0038] Unconnected shape on net VDD at (89.195um, 31.060um) - (108.455um, 31.660um), layer: Metal1.
[PSM-0038] Unconnected shape on net VDD at (89.195um, 38.900um) - (108.455um, 39.500um), layer: Metal1.
[PSM-0038] Unconnected shape on net VDD at (89.195um, 46.740um) - (108.455um, 47.340um), layer: Metal1.
[PSM-0038] Unconnected shape on net VDD at (89.195um, 54.580um) - (108.455um, 55.180um), layer: Metal1.
[PSM-0038] Unconnected shape on net VDD at (89.195um, 62.420um) - (108.455um, 63.020um), layer: Metal1.
[PSM-0038] Unconnected shape on net VDD at (89.195um, 70.260um) - (108.455um, 70.860um), layer: Metal1.
[PSM-0038] Unconnected shape on net VDD at (89.195um, 78.100um) - (108.455um, 78.700um), layer: Metal1.
[PSM-0038] Unconnected shape on net VDD at (89.195um, 85.940um) - (108.455um, 86.540um), layer: Metal1.
[PSM-0038] Unconnected shape on net VDD at (89.195um, 93.780um) - (108.455um, 94.380um), layer: Metal1.
[PSM-0038] Unconnected shape on net VDD at (89.195um, 101.620um) - (108.455um, 102.220um), layer: Metal1.
[PSM-0038] Unconnected shape on net VDD at (89.195um, 109.460um) - (108.455um, 110.060um), layer: Metal1.
[PSM-0038] Unconnected shape on net VDD at (89.195um, 117.300um) - (108.455um, 117.900um), layer: Metal1.
[PSM-0038] Unconnected shape on net VDD at (89.195um, 125.140um) - (108.455um, 125.740um), layer: Metal1.
[PSM-0038] Unconnected shape on net VDD at (89.195um, 132.980um) - (108.455um, 133.580um), layer: Metal1.
[PSM-0038] Unconnected shape on net VDD at (89.195um, 140.820um) - (108.455um, 141.420um), layer: Metal1.
[PSM-0038] Unconnected shape on net VDD at (89.195um, 148.660um) - (108.455um, 149.260um), layer: Metal1.
[PSM-0038] Unconnected shape on net VDD at (89.195um, 156.500um) - (108.455um, 157.100um), layer: Metal1.
[PSM-0038] Unconnected shape on net VDD at (89.195um, 164.340um) - (108.455um, 164.940um), layer: Metal1.
[PSM-0038] Unconnected shape on net VDD at (89.195um, 172.180um) - (108.455um, 172.780um), layer: Metal1.
[PSM-0038] Unconnected shape on net VDD at (89.195um, 180.020um) - (108.455um, 180.620um), layer: Metal1.
[PSM-0038] Unconnected shape on net VDD at (89.195um, 187.860um) - (108.455um, 188.460um), layer: Metal1.
[PSM-0038] Unconnected shape on net VDD at (89.195um, 195.700um) - (108.455um, 196.300um), layer: Metal1.
[PSM-0038] Unconnected shape on net VDD at (89.195um, 203.540um) - (108.455um, 204.140um), layer: Metal1.
[PSM-0038] Unconnected shape on net VDD at (89.195um, 211.380um) - (108.455um, 211.980um), layer: Metal1.
[PSM-0038] Unconnected shape on net VDD at (89.195um, 219.220um) - (108.455um, 219.820um), layer: Metal1.
[PSM-0038] Unconnected shape on net VDD at (89.195um, 227.060um) - (108.455um, 227.660um), layer: Metal1.
[PSM-0038] Unconnected shape on net VDD at (89.195um, 234.900um) - (108.455um, 235.500um), layer: Metal1.
[PSM-0038] Unconnected shape on net VDD at (89.195um, 242.740um) - (108.455um, 243.340um), layer: Metal1.
[PSM-0038] Unconnected shape on net VDD at (89.195um, 250.580um) - (108.455um, 251.180um), layer: Metal1.
[PSM-0038] Unconnected shape on net VDD at (89.195um, 258.420um) - (108.455um, 259.020um), layer: Metal1.
[PSM-0038] Unconnected shape on net VDD at (89.195um, 266.260um) - (108.455um, 266.860um), layer: Metal1.
[PSM-0038] Unconnected shape on net VDD at (89.195um, 274.100um) - (108.455um, 274.700um), layer: Metal1.
[PSM-0038] Unconnected shape on net VDD at (89.195um, 281.940um) - (108.455um, 282.540um), layer: Metal1.
[PSM-0038] Unconnected shape on net VDD at (89.195um, 289.780um) - (108.455um, 290.380um), layer: Metal1.
[PSM-0038] Unconnected shape on net VDD at (89.195um, 297.620um) - (108.455um, 298.220um), layer: Metal1.
[PSM-0038] Unconnected shape on net VDD at (89.195um, 305.460um) - (108.455um, 306.060um), layer: Metal1.
[PSM-0038] Unconnected shape on net VDD at (89.195um, 313.300um) - (108.455um, 313.900um), layer: Metal1.
[PSM-0038] Unconnected shape on net VDD at (89.195um, 321.140um) - (108.455um, 321.740um), layer: Metal1.
[PSM-0038] Unconnected shape on net VDD at (89.195um, 328.980um) - (108.455um, 329.580um), layer: Metal1.
[PSM-0038] Unconnected shape on net VDD at (89.195um, 336.820um) - (108.455um, 337.420um), layer: Metal1.
[PSM-0038] Unconnected shape on net VDD at (89.195um, 344.660um) - (108.455um, 345.260um), layer: Metal1.
[PSM-0038] Unconnected shape on net VDD at (89.195um, 352.500um) - (108.455um, 353.100um), layer: Metal1.
[PSM-0038] Unconnected shape on net VDD at (89.195um, 360.340um) - (108.455um, 360.940um), layer: Metal1.
[PSM-0038] Unconnected shape on net VDD at (89.195um, 368.180um) - (108.455um, 368.780um), layer: Metal1.
[PSM-0038] Unconnected shape on net VDD at (89.195um, 376.020um) - (108.455um, 376.620um), layer: Metal1.
[PSM-0038] Unconnected shape on net VDD at (89.195um, 383.860um) - (108.455um, 384.460um), layer: Metal1.
[PSM-0038] Unconnected shape on net VDD at (89.195um, 391.700um) - (108.455um, 392.300um), layer: Metal1.
[PSM-0038] Unconnected shape on net VDD at (89.195um, 399.540um) - (108.455um, 400.140um), layer: Metal1.
[PSM-0038] Unconnected shape on net VDD at (89.195um, 407.380um) - (108.455um, 407.980um), layer: Metal1.
[PSM-0038] Unconnected shape on net VDD at (89.195um, 415.220um) - (108.455um, 415.820um), layer: Metal1.
[PSM-0038] Unconnected shape on net VDD at (89.195um, 423.060um) - (108.455um, 423.660um), layer: Metal1.
[PSM-0038] Unconnected shape on net VDD at (89.195um, 430.900um) - (108.455um, 431.500um), layer: Metal1.
[PSM-0038] Unconnected shape on net VDD at (89.195um, 438.740um) - (108.455um, 439.340um), layer: Metal1.
[PSM-0038] Unconnected shape on net VDD at (89.195um, 446.580um) - (108.455um, 447.180um), layer: Metal1.
[PSM-0038] Unconnected shape on net VDD at (89.195um, 454.420um) - (108.455um, 455.020um), layer: Metal1.
[PSM-0038] Unconnected shape on net VDD at (89.195um, 462.260um) - (108.455um, 462.860um), layer: Metal1.
[PSM-0038] Unconnected shape on net VDD at (89.195um, 470.100um) - (108.455um, 470.700um), layer: Metal1.
[PSM-0038] Unconnected shape on net VDD at (89.195um, 477.940um) - (108.455um, 478.540um), layer: Metal1.
[PSM-0038] Unconnected shape on net VDD at (89.195um, 485.780um) - (108.455um, 486.380um), layer: Metal1.
[PSM-0038] message limit (1000) reached. This message will no longer print.
[PSM-0039] Unconnected instance PHY_EDGE_ROW_0_1_Left_637/VDD at location (10.635um, 15.062um).
[PSM-0039] Unconnected instance PHY_EDGE_ROW_1_1_Left_453/VDD at location (10.635um, 16.297um).
[PSM-0039] Unconnected instance PHY_EDGE_ROW_2_1_Left_454/VDD at location (10.635um, 22.902um).
[PSM-0039] Unconnected instance PHY_EDGE_ROW_3_1_Left_455/VDD at location (10.635um, 24.137um).
[PSM-0039] Unconnected instance PHY_EDGE_ROW_4_1_Left_456/VDD at location (10.635um, 30.742um).
[PSM-0039] Unconnected instance PHY_EDGE_ROW_5_1_Left_457/VDD at location (10.635um, 31.977um).
[PSM-0039] Unconnected instance PHY_EDGE_ROW_6_1_Left_458/VDD at location (10.635um, 38.583um).
[PSM-0039] Unconnected instance PHY_EDGE_ROW_7_1_Left_459/VDD at location (10.635um, 39.818um).
[PSM-0039] Unconnected instance PHY_EDGE_ROW_8_1_Left_460/VDD at location (10.635um, 46.422um).
[PSM-0039] Unconnected instance PHY_EDGE_ROW_9_1_Left_461/VDD at location (10.635um, 47.657um).
[PSM-0039] Unconnected instance PHY_EDGE_ROW_10_1_Left_462/VDD at location (10.635um, 54.263um).
[PSM-0039] Unconnected instance PHY_EDGE_ROW_11_1_Left_463/VDD at location (10.635um, 55.498um).
[PSM-0039] Unconnected instance PHY_EDGE_ROW_12_1_Left_464/VDD at location (10.635um, 62.102um).
[PSM-0039] Unconnected instance PHY_EDGE_ROW_13_1_Left_465/VDD at location (10.635um, 63.337um).
[PSM-0039] Unconnected instance PHY_EDGE_ROW_14_1_Left_466/VDD at location (10.635um, 69.942um).
[PSM-0039] Unconnected instance PHY_EDGE_ROW_15_1_Left_467/VDD at location (10.635um, 71.177um).
[PSM-0039] Unconnected instance PHY_EDGE_ROW_16_1_Left_468/VDD at location (10.635um, 77.782um).
[PSM-0039] Unconnected instance PHY_EDGE_ROW_17_1_Left_469/VDD at location (10.635um, 79.017um).
[PSM-0039] Unconnected instance PHY_EDGE_ROW_18_1_Left_470/VDD at location (10.635um, 85.623um).
[PSM-0039] Unconnected instance PHY_EDGE_ROW_19_1_Left_471/VDD at location (10.635um, 86.858um).
[PSM-0039] Unconnected instance PHY_EDGE_ROW_20_1_Left_472/VDD at location (10.635um, 93.463um).
[PSM-0039] Unconnected instance PHY_EDGE_ROW_21_1_Left_473/VDD at location (10.635um, 94.698um).
[PSM-0039] Unconnected instance PHY_EDGE_ROW_22_1_Left_474/VDD at location (10.635um, 101.302um).
[PSM-0039] Unconnected instance PHY_EDGE_ROW_23_1_Left_475/VDD at location (10.635um, 102.537um).
[PSM-0039] Unconnected instance PHY_EDGE_ROW_24_1_Left_476/VDD at location (10.635um, 109.142um).
[PSM-0039] Unconnected instance PHY_EDGE_ROW_25_1_Left_477/VDD at location (10.635um, 110.377um).
[PSM-0039] Unconnected instance PHY_EDGE_ROW_26_1_Left_478/VDD at location (10.635um, 116.983um).
[PSM-0039] Unconnected instance PHY_EDGE_ROW_27_1_Left_479/VDD at location (10.635um, 118.218um).
[PSM-0039] Unconnected instance PHY_EDGE_ROW_28_1_Left_480/VDD at location (10.635um, 124.823um).
[PSM-0039] Unconnected instance PHY_EDGE_ROW_29_1_Left_481/VDD at location (10.635um, 126.058um).
[PSM-0039] Unconnected instance PHY_EDGE_ROW_30_1_Left_482/VDD at location (10.635um, 132.662um).
[PSM-0039] Unconnected instance PHY_EDGE_ROW_31_1_Left_483/VDD at location (10.635um, 133.898um).
[PSM-0039] Unconnected instance PHY_EDGE_ROW_32_1_Left_484/VDD at location (10.635um, 140.502um).
[PSM-0039] Unconnected instance PHY_EDGE_ROW_33_1_Left_485/VDD at location (10.635um, 141.738um).
[PSM-0039] Unconnected instance PHY_EDGE_ROW_34_1_Left_486/VDD at location (10.635um, 148.343um).
[PSM-0039] Unconnected instance PHY_EDGE_ROW_35_1_Left_487/VDD at location (10.635um, 149.577um).
[PSM-0039] Unconnected instance PHY_EDGE_ROW_36_1_Left_488/VDD at location (10.635um, 156.183um).
[PSM-0039] Unconnected instance PHY_EDGE_ROW_37_1_Left_489/VDD at location (10.635um, 157.417um).
[PSM-0039] Unconnected instance PHY_EDGE_ROW_38_1_Left_490/VDD at location (10.635um, 164.023um).
[PSM-0039] Unconnected instance PHY_EDGE_ROW_39_1_Left_491/VDD at location (10.635um, 165.257um).
[PSM-0039] Unconnected instance PHY_EDGE_ROW_40_1_Left_492/VDD at location (10.635um, 171.863um).
[PSM-0039] Unconnected instance PHY_EDGE_ROW_41_1_Left_493/VDD at location (10.635um, 173.097um).
[PSM-0039] Unconnected instance PHY_EDGE_ROW_42_1_Left_494/VDD at location (10.635um, 179.702um).
[PSM-0039] Unconnected instance PHY_EDGE_ROW_43_1_Left_495/VDD at location (10.635um, 180.938um).
[PSM-0039] Unconnected instance PHY_EDGE_ROW_44_1_Left_496/VDD at location (10.635um, 187.542um).
[PSM-0039] Unconnected instance PHY_EDGE_ROW_45_1_Left_497/VDD at location (10.635um, 188.778um).
[PSM-0039] Unconnected instance PHY_EDGE_ROW_46_1_Left_498/VDD at location (10.635um, 195.382um).
[PSM-0039] Unconnected instance PHY_EDGE_ROW_47_1_Left_499/VDD at location (10.635um, 196.618um).
[PSM-0039] Unconnected instance PHY_EDGE_ROW_48_1_Left_500/VDD at location (10.635um, 203.222um).
[PSM-0039] Unconnected instance PHY_EDGE_ROW_49_1_Left_501/VDD at location (10.635um, 204.458um).
[PSM-0039] Unconnected instance PHY_EDGE_ROW_50_1_Left_502/VDD at location (10.635um, 211.062um).
[PSM-0039] Unconnected instance PHY_EDGE_ROW_51_1_Left_503/VDD at location (10.635um, 212.298um).
[PSM-0039] Unconnected instance PHY_EDGE_ROW_52_1_Left_504/VDD at location (10.635um, 218.903um).
[PSM-0039] Unconnected instance PHY_EDGE_ROW_53_1_Left_505/VDD at location (10.635um, 220.137um).
[PSM-0039] Unconnected instance PHY_EDGE_ROW_54_1_Left_506/VDD at location (10.635um, 226.743um).
[PSM-0039] Unconnected instance PHY_EDGE_ROW_55_1_Left_507/VDD at location (10.635um, 227.977um).
[PSM-0039] Unconnected instance PHY_EDGE_ROW_56_1_Left_508/VDD at location (10.635um, 234.583um).
[PSM-0039] Unconnected instance PHY_EDGE_ROW_57_1_Left_509/VDD at location (10.635um, 235.817um).
[PSM-0039] Unconnected instance PHY_EDGE_ROW_58_1_Left_510/VDD at location (10.635um, 242.423um).
[PSM-0039] Unconnected instance PHY_EDGE_ROW_59_1_Left_511/VDD at location (10.635um, 243.657um).
[PSM-0039] Unconnected instance PHY_EDGE_ROW_60_1_Left_512/VDD at location (10.635um, 250.262um).
[PSM-0039] Unconnected instance PHY_EDGE_ROW_61_1_Left_513/VDD at location (10.635um, 251.498um).
[PSM-0039] Unconnected instance PHY_EDGE_ROW_62_1_Left_514/VDD at location (10.635um, 258.103um).
[PSM-0039] Unconnected instance PHY_EDGE_ROW_63_1_Left_515/VDD at location (10.635um, 259.337um).
[PSM-0039] Unconnected instance PHY_EDGE_ROW_64_1_Left_516/VDD at location (10.635um, 265.942um).
[PSM-0039] Unconnected instance PHY_EDGE_ROW_65_1_Left_517/VDD at location (10.635um, 267.178um).
[PSM-0039] Unconnected instance PHY_EDGE_ROW_66_1_Left_518/VDD at location (10.635um, 273.783um).
[PSM-0039] Unconnected instance PHY_EDGE_ROW_67_1_Left_519/VDD at location (10.635um, 275.017um).
[PSM-0039] Unconnected instance PHY_EDGE_ROW_68_1_Left_520/VDD at location (10.635um, 281.623um).
[PSM-0039] Unconnected instance PHY_EDGE_ROW_69_1_Left_521/VDD at location (10.635um, 282.858um).
[PSM-0039] Unconnected instance PHY_EDGE_ROW_70_1_Left_522/VDD at location (10.635um, 289.462um).
[PSM-0039] Unconnected instance PHY_EDGE_ROW_71_1_Left_523/VDD at location (10.635um, 290.697um).
[PSM-0039] Unconnected instance PHY_EDGE_ROW_72_1_Left_524/VDD at location (10.635um, 297.303um).
[PSM-0039] Unconnected instance PHY_EDGE_ROW_73_1_Left_525/VDD at location (10.635um, 298.538um).
[PSM-0039] Unconnected instance PHY_EDGE_ROW_74_1_Left_526/VDD at location (10.635um, 305.142um).
[PSM-0039] Unconnected instance PHY_EDGE_ROW_75_1_Left_527/VDD at location (10.635um, 306.377um).
[PSM-0039] Unconnected instance PHY_EDGE_ROW_76_1_Left_528/VDD at location (10.635um, 312.983um).
[PSM-0039] Unconnected instance PHY_EDGE_ROW_77_1_Left_529/VDD at location (10.635um, 314.217um).
[PSM-0039] Unconnected instance PHY_EDGE_ROW_78_1_Left_530/VDD at location (10.635um, 320.822um).
[PSM-0039] Unconnected instance PHY_EDGE_ROW_79_1_Left_531/VDD at location (10.635um, 322.058um).
[PSM-0039] Unconnected instance PHY_EDGE_ROW_80_1_Left_532/VDD at location (10.635um, 328.663um).
[PSM-0039] Unconnected instance PHY_EDGE_ROW_81_1_Left_533/VDD at location (10.635um, 329.897um).
[PSM-0039] Unconnected instance PHY_EDGE_ROW_82_1_Left_534/VDD at location (10.635um, 336.502um).
[PSM-0039] Unconnected instance PHY_EDGE_ROW_83_1_Left_535/VDD at location (10.635um, 337.738um).
[PSM-0039] Unconnected instance PHY_EDGE_ROW_84_1_Left_536/VDD at location (10.635um, 344.342um).
[PSM-0039] Unconnected instance PHY_EDGE_ROW_85_1_Left_537/VDD at location (10.635um, 345.577um).
[PSM-0039] Unconnected instance PHY_EDGE_ROW_86_1_Left_538/VDD at location (10.635um, 352.183um).
[PSM-0039] Unconnected instance PHY_EDGE_ROW_87_1_Left_539/VDD at location (10.635um, 353.418um).
[PSM-0039] Unconnected instance PHY_EDGE_ROW_88_1_Left_540/VDD at location (10.635um, 360.022um).
[PSM-0039] Unconnected instance PHY_EDGE_ROW_89_1_Left_541/VDD at location (10.635um, 361.257um).
[PSM-0039] Unconnected instance PHY_EDGE_ROW_90_1_Left_542/VDD at location (10.635um, 367.863um).
[PSM-0039] Unconnected instance PHY_EDGE_ROW_91_1_Left_543/VDD at location (10.635um, 369.098um).
[PSM-0039] Unconnected instance PHY_EDGE_ROW_92_1_Left_544/VDD at location (10.635um, 375.702um).
[PSM-0039] Unconnected instance PHY_EDGE_ROW_93_1_Left_545/VDD at location (10.635um, 376.938um).
[PSM-0039] Unconnected instance PHY_EDGE_ROW_94_1_Left_546/VDD at location (10.635um, 383.543um).
[PSM-0039] Unconnected instance PHY_EDGE_ROW_95_1_Left_547/VDD at location (10.635um, 384.777um).
[PSM-0039] Unconnected instance PHY_EDGE_ROW_96_1_Left_548/VDD at location (10.635um, 391.382um).
[PSM-0039] Unconnected instance PHY_EDGE_ROW_97_1_Left_549/VDD at location (10.635um, 392.618um).
[PSM-0039] Unconnected instance PHY_EDGE_ROW_98_1_Left_550/VDD at location (10.635um, 399.223um).
[PSM-0039] Unconnected instance PHY_EDGE_ROW_99_1_Left_551/VDD at location (10.635um, 400.457um).
[PSM-0039] Unconnected instance PHY_EDGE_ROW_100_1_Left_552/VDD at location (10.635um, 407.062um).
[PSM-0039] Unconnected instance PHY_EDGE_ROW_101_1_Left_553/VDD at location (10.635um, 408.298um).
[PSM-0039] Unconnected instance PHY_EDGE_ROW_102_1_Left_554/VDD at location (10.635um, 414.902um).
[PSM-0039] Unconnected instance PHY_EDGE_ROW_103_1_Left_555/VDD at location (10.635um, 416.137um).
[PSM-0039] Unconnected instance PHY_EDGE_ROW_104_1_Left_556/VDD at location (10.635um, 422.743um).
[PSM-0039] Unconnected instance PHY_EDGE_ROW_105_1_Left_557/VDD at location (10.635um, 423.978um).
[PSM-0039] Unconnected instance PHY_EDGE_ROW_106_1_Left_558/VDD at location (10.635um, 430.582um).
[PSM-0039] Unconnected instance PHY_EDGE_ROW_107_1_Left_559/VDD at location (10.635um, 431.817um).
[PSM-0039] Unconnected instance PHY_EDGE_ROW_108_1_Left_560/VDD at location (10.635um, 438.423um).
[PSM-0039] Unconnected instance PHY_EDGE_ROW_109_1_Left_561/VDD at location (10.635um, 439.658um).
[PSM-0039] Unconnected instance PHY_EDGE_ROW_110_1_Left_562/VDD at location (10.635um, 446.262um).
[PSM-0039] Unconnected instance PHY_EDGE_ROW_111_1_Left_563/VDD at location (10.635um, 447.498um).
[PSM-0039] Unconnected instance PHY_EDGE_ROW_112_1_Left_564/VDD at location (10.635um, 454.103um).
[PSM-0039] Unconnected instance PHY_EDGE_ROW_113_1_Left_565/VDD at location (10.635um, 455.337um).
[PSM-0039] Unconnected instance PHY_EDGE_ROW_114_1_Left_566/VDD at location (10.635um, 461.942um).
[PSM-0039] Unconnected instance PHY_EDGE_ROW_115_1_Left_567/VDD at location (10.635um, 463.178um).
[PSM-0039] Unconnected instance PHY_EDGE_ROW_116_1_Left_568/VDD at location (10.635um, 469.783um).
[PSM-0039] Unconnected instance PHY_EDGE_ROW_117_1_Left_569/VDD at location (10.635um, 471.017um).
[PSM-0039] Unconnected instance PHY_EDGE_ROW_118_1_Left_570/VDD at location (10.635um, 477.623um).
[PSM-0039] Unconnected instance PHY_EDGE_ROW_119_1_Left_571/VDD at location (10.635um, 478.858um).
[PSM-0039] Unconnected instance PHY_EDGE_ROW_120_1_Left_572/VDD at location (10.635um, 485.462um).
[PSM-0039] Unconnected instance PHY_EDGE_ROW_121_1_Left_573/VDD at location (10.635um, 486.697um).
[PSM-0039] Unconnected instance PHY_EDGE_ROW_122_1_Left_574/VDD at location (10.635um, 493.303um).
[PSM-0039] Unconnected instance PHY_EDGE_ROW_123_1_Left_575/VDD at location (10.635um, 494.538um).
[PSM-0039] Unconnected instance PHY_EDGE_ROW_124_1_Left_576/VDD at location (10.635um, 501.142um).
[PSM-0039] Unconnected instance PHY_EDGE_ROW_125_1_Left_577/VDD at location (10.635um, 502.377um).
[PSM-0039] Unconnected instance PHY_EDGE_ROW_126_1_Left_578/VDD at location (10.635um, 508.983um).
[PSM-0039] Unconnected instance PHY_EDGE_ROW_127_1_Left_579/VDD at location (10.635um, 510.217um).
[PSM-0039] Unconnected instance PHY_EDGE_ROW_128_1_Left_580/VDD at location (10.635um, 516.822um).
[PSM-0039] Unconnected instance PHY_EDGE_ROW_129_1_Left_581/VDD at location (10.635um, 518.058um).
[PSM-0039] Unconnected instance PHY_EDGE_ROW_130_1_Left_582/VDD at location (10.635um, 524.663um).
[PSM-0039] Unconnected instance PHY_EDGE_ROW_131_1_Left_583/VDD at location (10.635um, 525.898um).
[PSM-0039] Unconnected instance PHY_EDGE_ROW_132_1_Left_584/VDD at location (10.635um, 532.503um).
[PSM-0039] Unconnected instance PHY_EDGE_ROW_133_1_Left_585/VDD at location (10.635um, 533.737um).
[PSM-0039] Unconnected instance PHY_EDGE_ROW_134_Left_586/VDD at location (10.635um, 540.342um).
[PSM-0039] Unconnected instance PHY_EDGE_ROW_135_Left_587/VDD at location (10.635um, 541.577um).
[PSM-0039] Unconnected instance PHY_EDGE_ROW_136_Left_588/VDD at location (10.635um, 548.183um).
[PSM-0039] Unconnected instance PHY_EDGE_ROW_137_Left_589/VDD at location (10.635um, 549.418um).
[PSM-0039] Unconnected instance PHY_EDGE_ROW_138_Left_590/VDD at location (10.635um, 556.023um).
[PSM-0039] Unconnected instance PHY_EDGE_ROW_139_Left_591/VDD at location (10.635um, 557.258um).
[PSM-0039] Unconnected instance PHY_EDGE_ROW_140_Left_592/VDD at location (10.635um, 563.862um).
[PSM-0039] Unconnected instance PHY_EDGE_ROW_141_Left_593/VDD at location (10.635um, 565.097um).
[PSM-0039] Unconnected instance PHY_EDGE_ROW_142_Left_594/VDD at location (10.635um, 571.702um).
[PSM-0039] Unconnected instance PHY_EDGE_ROW_143_Left_595/VDD at location (10.635um, 572.938um).
[PSM-0039] Unconnected instance PHY_EDGE_ROW_144_Left_596/VDD at location (10.635um, 579.543um).
[PSM-0039] Unconnected instance PHY_EDGE_ROW_145_Left_597/VDD at location (10.635um, 580.778um).
[PSM-0039] Unconnected instance PHY_EDGE_ROW_146_Left_598/VDD at location (10.635um, 587.383um).
[PSM-0039] Unconnected instance PHY_EDGE_ROW_147_Left_599/VDD at location (10.635um, 588.617um).
[PSM-0039] Unconnected instance PHY_EDGE_ROW_148_Left_600/VDD at location (10.635um, 595.222um).
[PSM-0039] Unconnected instance PHY_EDGE_ROW_149_Left_601/VDD at location (10.635um, 596.457um).
[PSM-0039] Unconnected instance PHY_EDGE_ROW_150_Left_602/VDD at location (10.635um, 603.062um).
[PSM-0039] Unconnected instance PHY_EDGE_ROW_151_Left_603/VDD at location (10.635um, 604.298um).
[PSM-0039] Unconnected instance PHY_EDGE_ROW_152_Left_604/VDD at location (10.635um, 610.903um).
[PSM-0039] Unconnected instance PHY_EDGE_ROW_153_Left_605/VDD at location (10.635um, 612.138um).
[PSM-0039] Unconnected instance PHY_EDGE_ROW_154_Left_606/VDD at location (10.635um, 618.742um).
[PSM-0039] Unconnected instance PHY_EDGE_ROW_155_Left_607/VDD at location (10.635um, 619.977um).
[PSM-0039] Unconnected instance PHY_EDGE_ROW_156_Left_608/VDD at location (10.635um, 626.582um).
[PSM-0039] Unconnected instance PHY_EDGE_ROW_157_Left_609/VDD at location (10.635um, 627.817um).
[PSM-0039] Unconnected instance PHY_EDGE_ROW_158_Left_610/VDD at location (10.635um, 634.423um).
[PSM-0039] Unconnected instance PHY_EDGE_ROW_159_Left_611/VDD at location (10.635um, 635.658um).
[PSM-0039] Unconnected instance PHY_EDGE_ROW_160_Left_612/VDD at location (10.635um, 642.263um).
[PSM-0039] Unconnected instance PHY_EDGE_ROW_161_Left_613/VDD at location (10.635um, 643.497um).
[PSM-0039] Unconnected instance PHY_EDGE_ROW_162_Left_614/VDD at location (10.635um, 650.102um).
[PSM-0039] Unconnected instance PHY_EDGE_ROW_163_Left_615/VDD at location (10.635um, 651.337um).
[PSM-0039] Unconnected instance PHY_EDGE_ROW_164_Left_616/VDD at location (10.635um, 657.942um).
[PSM-0039] Unconnected instance PHY_EDGE_ROW_165_Left_617/VDD at location (10.635um, 659.178um).
[PSM-0039] Unconnected instance PHY_EDGE_ROW_166_Left_618/VDD at location (10.635um, 665.783um).
[PSM-0039] Unconnected instance PHY_EDGE_ROW_167_Left_619/VDD at location (10.635um, 667.018um).
[PSM-0039] Unconnected instance PHY_EDGE_ROW_168_Left_620/VDD at location (10.635um, 673.622um).
[PSM-0039] Unconnected instance PHY_EDGE_ROW_169_Left_621/VDD at location (10.635um, 674.857um).
[PSM-0039] Unconnected instance PHY_EDGE_ROW_170_Left_622/VDD at location (10.635um, 681.462um).
[PSM-0039] Unconnected instance PHY_EDGE_ROW_171_Left_623/VDD at location (10.635um, 682.697um).
[PSM-0039] Unconnected instance PHY_EDGE_ROW_172_Left_624/VDD at location (10.635um, 689.303um).
[PSM-0039] Unconnected instance PHY_EDGE_ROW_173_Left_625/VDD at location (10.635um, 690.538um).
[PSM-0039] Unconnected instance PHY_EDGE_ROW_174_Left_626/VDD at location (10.635um, 697.143um).
[PSM-0039] Unconnected instance PHY_EDGE_ROW_175_Left_627/VDD at location (10.635um, 698.378um).
[PSM-0039] Unconnected instance PHY_EDGE_ROW_176_Left_628/VDD at location (10.635um, 704.982um).
[PSM-0039] Unconnected instance PHY_EDGE_ROW_177_Left_629/VDD at location (10.635um, 706.217um).
[PSM-0039] Unconnected instance PHY_EDGE_ROW_178_Left_630/VDD at location (10.635um, 712.822um).
[PSM-0039] Unconnected instance PHY_EDGE_ROW_179_Left_631/VDD at location (10.635um, 714.058um).
[PSM-0039] Unconnected instance PHY_EDGE_ROW_180_Left_632/VDD at location (10.635um, 720.663um).
[PSM-0039] Unconnected instance PHY_EDGE_ROW_181_Left_633/VDD at location (10.635um, 721.898um).
[PSM-0039] Unconnected instance PHY_EDGE_ROW_182_Left_634/VDD at location (10.635um, 728.503um).
[PSM-0039] Unconnected instance PHY_EDGE_ROW_183_Left_635/VDD at location (10.635um, 729.737um).
[PSM-0039] Unconnected instance PHY_EDGE_ROW_184_Left_636/VDD at location (10.635um, 736.342um).
[PSM-0039] Unconnected instance TAP_TAPCELL_ROW_0_1_2340/VDD at location (29.675um, 15.062um).
[PSM-0039] Unconnected instance TAP_TAPCELL_ROW_134_1170/VDD at location (29.675um, 540.342um).
[PSM-0039] Unconnected instance TAP_TAPCELL_ROW_184_2294/VDD at location (29.675um, 736.342um).
[PSM-0039] Unconnected instance TAP_TAPCELL_ROW_2_1_642/VDD at location (30.235um, 22.902um).
[PSM-0039] Unconnected instance TAP_TAPCELL_ROW_4_1_650/VDD at location (30.235um, 30.742um).
[PSM-0039] Unconnected instance TAP_TAPCELL_ROW_6_1_658/VDD at location (30.235um, 38.583um).
[PSM-0039] Unconnected instance TAP_TAPCELL_ROW_8_1_666/VDD at location (30.235um, 46.422um).
[PSM-0039] Unconnected instance TAP_TAPCELL_ROW_10_1_674/VDD at location (30.235um, 54.263um).
[PSM-0039] Unconnected instance TAP_TAPCELL_ROW_12_1_682/VDD at location (30.235um, 62.102um).
[PSM-0039] Unconnected instance TAP_TAPCELL_ROW_14_1_690/VDD at location (30.235um, 69.942um).
[PSM-0039] Unconnected instance TAP_TAPCELL_ROW_16_1_698/VDD at location (30.235um, 77.782um).
[PSM-0039] Unconnected instance TAP_TAPCELL_ROW_18_1_706/VDD at location (30.235um, 85.623um).
[PSM-0039] Unconnected instance TAP_TAPCELL_ROW_20_1_714/VDD at location (30.235um, 93.463um).
[PSM-0039] Unconnected instance TAP_TAPCELL_ROW_22_1_722/VDD at location (30.235um, 101.302um).
[PSM-0039] Unconnected instance TAP_TAPCELL_ROW_24_1_730/VDD at location (30.235um, 109.142um).
[PSM-0039] Unconnected instance TAP_TAPCELL_ROW_26_1_738/VDD at location (30.235um, 116.983um).
[PSM-0039] Unconnected instance TAP_TAPCELL_ROW_28_1_746/VDD at location (30.235um, 124.823um).
[PSM-0039] Unconnected instance TAP_TAPCELL_ROW_30_1_754/VDD at location (30.235um, 132.662um).
[PSM-0039] Unconnected instance TAP_TAPCELL_ROW_32_1_762/VDD at location (30.235um, 140.502um).
[PSM-0039] Unconnected instance TAP_TAPCELL_ROW_34_1_770/VDD at location (30.235um, 148.343um).
[PSM-0039] Unconnected instance TAP_TAPCELL_ROW_36_1_778/VDD at location (30.235um, 156.183um).
[PSM-0039] Unconnected instance TAP_TAPCELL_ROW_38_1_786/VDD at location (30.235um, 164.023um).
[PSM-0039] Unconnected instance TAP_TAPCELL_ROW_40_1_794/VDD at location (30.235um, 171.863um).
[PSM-0039] Unconnected instance TAP_TAPCELL_ROW_42_1_802/VDD at location (30.235um, 179.702um).
[PSM-0039] Unconnected instance TAP_TAPCELL_ROW_44_1_810/VDD at location (30.235um, 187.542um).
[PSM-0039] Unconnected instance TAP_TAPCELL_ROW_46_1_818/VDD at location (30.235um, 195.382um).
[PSM-0039] Unconnected instance TAP_TAPCELL_ROW_48_1_826/VDD at location (30.235um, 203.222um).
[PSM-0039] Unconnected instance TAP_TAPCELL_ROW_50_1_834/VDD at location (30.235um, 211.062um).
[PSM-0039] Unconnected instance TAP_TAPCELL_ROW_52_1_842/VDD at location (30.235um, 218.903um).
[PSM-0039] Unconnected instance TAP_TAPCELL_ROW_54_1_850/VDD at location (30.235um, 226.743um).
[PSM-0039] Unconnected instance TAP_TAPCELL_ROW_56_1_858/VDD at location (30.235um, 234.583um).
[PSM-0039] Unconnected instance TAP_TAPCELL_ROW_58_1_866/VDD at location (30.235um, 242.423um).
[PSM-0039] Unconnected instance TAP_TAPCELL_ROW_60_1_874/VDD at location (30.235um, 250.262um).
[PSM-0039] Unconnected instance TAP_TAPCELL_ROW_62_1_882/VDD at location (30.235um, 258.103um).
[PSM-0039] Unconnected instance TAP_TAPCELL_ROW_64_1_890/VDD at location (30.235um, 265.942um).
[PSM-0039] Unconnected instance TAP_TAPCELL_ROW_66_1_898/VDD at location (30.235um, 273.783um).
[PSM-0039] Unconnected instance TAP_TAPCELL_ROW_68_1_906/VDD at location (30.235um, 281.623um).
[PSM-0039] Unconnected instance TAP_TAPCELL_ROW_70_1_914/VDD at location (30.235um, 289.462um).
[PSM-0039] Unconnected instance TAP_TAPCELL_ROW_72_1_922/VDD at location (30.235um, 297.303um).
[PSM-0039] Unconnected instance TAP_TAPCELL_ROW_74_1_930/VDD at location (30.235um, 305.142um).
[PSM-0039] Unconnected instance TAP_TAPCELL_ROW_76_1_938/VDD at location (30.235um, 312.983um).
[PSM-0039] Unconnected instance TAP_TAPCELL_ROW_78_1_946/VDD at location (30.235um, 320.822um).
[PSM-0039] Unconnected instance TAP_TAPCELL_ROW_80_1_954/VDD at location (30.235um, 328.663um).
[PSM-0039] Unconnected instance TAP_TAPCELL_ROW_82_1_962/VDD at location (30.235um, 336.502um).
[PSM-0039] Unconnected instance TAP_TAPCELL_ROW_84_1_970/VDD at location (30.235um, 344.342um).
[PSM-0039] Unconnected instance TAP_TAPCELL_ROW_86_1_978/VDD at location (30.235um, 352.183um).
[PSM-0039] Unconnected instance TAP_TAPCELL_ROW_88_1_986/VDD at location (30.235um, 360.022um).
[PSM-0039] Unconnected instance TAP_TAPCELL_ROW_90_1_994/VDD at location (30.235um, 367.863um).
[PSM-0039] Unconnected instance TAP_TAPCELL_ROW_92_1_1002/VDD at location (30.235um, 375.702um).
[PSM-0039] Unconnected instance TAP_TAPCELL_ROW_94_1_1010/VDD at location (30.235um, 383.543um).
[PSM-0039] Unconnected instance TAP_TAPCELL_ROW_96_1_1018/VDD at location (30.235um, 391.382um).
[PSM-0039] Unconnected instance TAP_TAPCELL_ROW_98_1_1026/VDD at location (30.235um, 399.223um).
[PSM-0039] Unconnected instance TAP_TAPCELL_ROW_100_1_1034/VDD at location (30.235um, 407.062um).
[PSM-0039] Unconnected instance TAP_TAPCELL_ROW_102_1_1042/VDD at location (30.235um, 414.902um).
[PSM-0039] Unconnected instance TAP_TAPCELL_ROW_104_1_1050/VDD at location (30.235um, 422.743um).
[PSM-0039] Unconnected instance TAP_TAPCELL_ROW_106_1_1058/VDD at location (30.235um, 430.582um).
[PSM-0039] Unconnected instance TAP_TAPCELL_ROW_108_1_1066/VDD at location (30.235um, 438.423um).
[PSM-0039] Unconnected instance TAP_TAPCELL_ROW_110_1_1074/VDD at location (30.235um, 446.262um).
[PSM-0039] Unconnected instance TAP_TAPCELL_ROW_112_1_1082/VDD at location (30.235um, 454.103um).
[PSM-0039] Unconnected instance TAP_TAPCELL_ROW_114_1_1090/VDD at location (30.235um, 461.942um).
[PSM-0039] Unconnected instance TAP_TAPCELL_ROW_116_1_1098/VDD at location (30.235um, 469.783um).
[PSM-0039] Unconnected instance TAP_TAPCELL_ROW_118_1_1106/VDD at location (30.235um, 477.623um).
[PSM-0039] Unconnected instance TAP_TAPCELL_ROW_120_1_1114/VDD at location (30.235um, 485.462um).
[PSM-0039] Unconnected instance TAP_TAPCELL_ROW_122_1_1122/VDD at location (30.235um, 493.303um).
[PSM-0039] Unconnected instance TAP_TAPCELL_ROW_124_1_1130/VDD at location (30.235um, 501.142um).
[PSM-0039] Unconnected instance TAP_TAPCELL_ROW_126_1_1138/VDD at location (30.235um, 508.983um).
[PSM-0039] Unconnected instance TAP_TAPCELL_ROW_128_1_1146/VDD at location (30.235um, 516.822um).
[PSM-0039] Unconnected instance TAP_TAPCELL_ROW_130_1_1154/VDD at location (30.235um, 524.663um).
[PSM-0039] Unconnected instance TAP_TAPCELL_ROW_132_1_1162/VDD at location (30.235um, 532.503um).
[PSM-0039] Unconnected instance TAP_TAPCELL_ROW_136_1238/VDD at location (30.235um, 548.183um).
[PSM-0039] Unconnected instance TAP_TAPCELL_ROW_138_1282/VDD at location (30.235um, 556.023um).
[PSM-0039] Unconnected instance TAP_TAPCELL_ROW_140_1326/VDD at location (30.235um, 563.862um).
[PSM-0039] Unconnected instance TAP_TAPCELL_ROW_142_1370/VDD at location (30.235um, 571.702um).
[PSM-0039] Unconnected instance TAP_TAPCELL_ROW_144_1414/VDD at location (30.235um, 579.543um).
[PSM-0039] Unconnected instance TAP_TAPCELL_ROW_146_1458/VDD at location (30.235um, 587.383um).
[PSM-0039] Unconnected instance TAP_TAPCELL_ROW_148_1502/VDD at location (30.235um, 595.222um).
[PSM-0039] Unconnected instance TAP_TAPCELL_ROW_150_1546/VDD at location (30.235um, 603.062um).
[PSM-0039] Unconnected instance TAP_TAPCELL_ROW_152_1590/VDD at location (30.235um, 610.903um).
[PSM-0039] Unconnected instance TAP_TAPCELL_ROW_154_1634/VDD at location (30.235um, 618.742um).
[PSM-0039] Unconnected instance TAP_TAPCELL_ROW_156_1678/VDD at location (30.235um, 626.582um).
[PSM-0039] Unconnected instance TAP_TAPCELL_ROW_158_1722/VDD at location (30.235um, 634.423um).
[PSM-0039] Unconnected instance TAP_TAPCELL_ROW_160_1766/VDD at location (30.235um, 642.263um).
[PSM-0039] Unconnected instance TAP_TAPCELL_ROW_162_1810/VDD at location (30.235um, 650.102um).
[PSM-0039] Unconnected instance TAP_TAPCELL_ROW_164_1854/VDD at location (30.235um, 657.942um).
[PSM-0039] Unconnected instance TAP_TAPCELL_ROW_166_1898/VDD at location (30.235um, 665.783um).
[PSM-0039] Unconnected instance TAP_TAPCELL_ROW_168_1942/VDD at location (30.235um, 673.622um).
[PSM-0039] Unconnected instance TAP_TAPCELL_ROW_170_1986/VDD at location (30.235um, 681.462um).
[PSM-0039] Unconnected instance TAP_TAPCELL_ROW_172_2030/VDD at location (30.235um, 689.303um).
[PSM-0039] Unconnected instance TAP_TAPCELL_ROW_174_2074/VDD at location (30.235um, 697.143um).
[PSM-0039] Unconnected instance TAP_TAPCELL_ROW_176_2118/VDD at location (30.235um, 704.982um).
[PSM-0039] Unconnected instance TAP_TAPCELL_ROW_178_2162/VDD at location (30.235um, 712.822um).
[PSM-0039] Unconnected instance TAP_TAPCELL_ROW_180_2206/VDD at location (30.235um, 720.663um).
[PSM-0039] Unconnected instance TAP_TAPCELL_ROW_182_2250/VDD at location (30.235um, 728.503um).
[PSM-0039] Unconnected instance TAP_TAPCELL_ROW_0_1_2341/VDD at location (48.715um, 15.062um).
[PSM-0039] Unconnected instance TAP_TAPCELL_ROW_134_1171/VDD at location (48.715um, 540.342um).
[PSM-0039] Unconnected instance TAP_TAPCELL_ROW_184_2295/VDD at location (48.715um, 736.342um).
[PSM-0039] Unconnected instance TAP_TAPCELL_ROW_1_1_638/VDD at location (49.835um, 16.297um).
[PSM-0039] Unconnected instance TAP_TAPCELL_ROW_3_1_646/VDD at location (49.835um, 24.137um).
[PSM-0039] Unconnected instance TAP_TAPCELL_ROW_5_1_654/VDD at location (49.835um, 31.977um).
[PSM-0039] Unconnected instance TAP_TAPCELL_ROW_7_1_662/VDD at location (49.835um, 39.818um).
[PSM-0039] Unconnected instance TAP_TAPCELL_ROW_9_1_670/VDD at location (49.835um, 47.657um).
[PSM-0039] Unconnected instance TAP_TAPCELL_ROW_11_1_678/VDD at location (49.835um, 55.498um).
[PSM-0039] Unconnected instance TAP_TAPCELL_ROW_13_1_686/VDD at location (49.835um, 63.337um).
[PSM-0039] Unconnected instance TAP_TAPCELL_ROW_15_1_694/VDD at location (49.835um, 71.177um).
[PSM-0039] Unconnected instance TAP_TAPCELL_ROW_17_1_702/VDD at location (49.835um, 79.017um).
[PSM-0039] Unconnected instance TAP_TAPCELL_ROW_19_1_710/VDD at location (49.835um, 86.858um).
[PSM-0039] Unconnected instance TAP_TAPCELL_ROW_21_1_718/VDD at location (49.835um, 94.698um).
[PSM-0039] Unconnected instance TAP_TAPCELL_ROW_23_1_726/VDD at location (49.835um, 102.537um).
[PSM-0039] Unconnected instance TAP_TAPCELL_ROW_25_1_734/VDD at location (49.835um, 110.377um).
[PSM-0039] Unconnected instance TAP_TAPCELL_ROW_27_1_742/VDD at location (49.835um, 118.218um).
[PSM-0039] Unconnected instance TAP_TAPCELL_ROW_29_1_750/VDD at location (49.835um, 126.058um).
[PSM-0039] Unconnected instance TAP_TAPCELL_ROW_31_1_758/VDD at location (49.835um, 133.898um).
[PSM-0039] Unconnected instance TAP_TAPCELL_ROW_33_1_766/VDD at location (49.835um, 141.738um).
[PSM-0039] Unconnected instance TAP_TAPCELL_ROW_35_1_774/VDD at location (49.835um, 149.577um).
[PSM-0039] Unconnected instance TAP_TAPCELL_ROW_37_1_782/VDD at location (49.835um, 157.417um).
[PSM-0039] Unconnected instance TAP_TAPCELL_ROW_39_1_790/VDD at location (49.835um, 165.257um).
[PSM-0039] Unconnected instance TAP_TAPCELL_ROW_41_1_798/VDD at location (49.835um, 173.097um).
[PSM-0039] Unconnected instance TAP_TAPCELL_ROW_43_1_806/VDD at location (49.835um, 180.938um).
[PSM-0039] Unconnected instance TAP_TAPCELL_ROW_45_1_814/VDD at location (49.835um, 188.778um).
[PSM-0039] Unconnected instance TAP_TAPCELL_ROW_47_1_822/VDD at location (49.835um, 196.618um).
[PSM-0039] Unconnected instance TAP_TAPCELL_ROW_49_1_830/VDD at location (49.835um, 204.458um).
[PSM-0039] Unconnected instance TAP_TAPCELL_ROW_51_1_838/VDD at location (49.835um, 212.298um).
[PSM-0039] Unconnected instance TAP_TAPCELL_ROW_53_1_846/VDD at location (49.835um, 220.137um).
[PSM-0039] Unconnected instance TAP_TAPCELL_ROW_55_1_854/VDD at location (49.835um, 227.977um).
[PSM-0039] Unconnected instance TAP_TAPCELL_ROW_57_1_862/VDD at location (49.835um, 235.817um).
[PSM-0039] Unconnected instance TAP_TAPCELL_ROW_59_1_870/VDD at location (49.835um, 243.657um).
[PSM-0039] Unconnected instance TAP_TAPCELL_ROW_61_1_878/VDD at location (49.835um, 251.498um).
[PSM-0039] Unconnected instance TAP_TAPCELL_ROW_63_1_886/VDD at location (49.835um, 259.337um).
[PSM-0039] Unconnected instance TAP_TAPCELL_ROW_65_1_894/VDD at location (49.835um, 267.178um).
[PSM-0039] Unconnected instance TAP_TAPCELL_ROW_67_1_902/VDD at location (49.835um, 275.017um).
[PSM-0039] Unconnected instance TAP_TAPCELL_ROW_69_1_910/VDD at location (49.835um, 282.858um).
[PSM-0039] Unconnected instance TAP_TAPCELL_ROW_71_1_918/VDD at location (49.835um, 290.697um).
[PSM-0039] Unconnected instance TAP_TAPCELL_ROW_73_1_926/VDD at location (49.835um, 298.538um).
[PSM-0039] Unconnected instance TAP_TAPCELL_ROW_75_1_934/VDD at location (49.835um, 306.377um).
[PSM-0039] Unconnected instance TAP_TAPCELL_ROW_77_1_942/VDD at location (49.835um, 314.217um).
[PSM-0039] Unconnected instance TAP_TAPCELL_ROW_79_1_950/VDD at location (49.835um, 322.058um).
[PSM-0039] Unconnected instance TAP_TAPCELL_ROW_81_1_958/VDD at location (49.835um, 329.897um).
[PSM-0039] Unconnected instance TAP_TAPCELL_ROW_83_1_966/VDD at location (49.835um, 337.738um).
[PSM-0039] Unconnected instance TAP_TAPCELL_ROW_85_1_974/VDD at location (49.835um, 345.577um).
[PSM-0039] Unconnected instance TAP_TAPCELL_ROW_87_1_982/VDD at location (49.835um, 353.418um).
[PSM-0039] Unconnected instance TAP_TAPCELL_ROW_89_1_990/VDD at location (49.835um, 361.257um).
[PSM-0039] Unconnected instance TAP_TAPCELL_ROW_91_1_998/VDD at location (49.835um, 369.098um).
[PSM-0039] Unconnected instance TAP_TAPCELL_ROW_93_1_1006/VDD at location (49.835um, 376.938um).
[PSM-0039] Unconnected instance TAP_TAPCELL_ROW_95_1_1014/VDD at location (49.835um, 384.777um).
[PSM-0039] Unconnected instance TAP_TAPCELL_ROW_97_1_1022/VDD at location (49.835um, 392.618um).
[PSM-0039] Unconnected instance TAP_TAPCELL_ROW_99_1_1030/VDD at location (49.835um, 400.457um).
[PSM-0039] Unconnected instance TAP_TAPCELL_ROW_101_1_1038/VDD at location (49.835um, 408.298um).
[PSM-0039] Unconnected instance TAP_TAPCELL_ROW_103_1_1046/VDD at location (49.835um, 416.137um).
[PSM-0039] Unconnected instance TAP_TAPCELL_ROW_105_1_1054/VDD at location (49.835um, 423.978um).
[PSM-0039] Unconnected instance TAP_TAPCELL_ROW_107_1_1062/VDD at location (49.835um, 431.817um).
[PSM-0039] Unconnected instance TAP_TAPCELL_ROW_109_1_1070/VDD at location (49.835um, 439.658um).
[PSM-0039] Unconnected instance TAP_TAPCELL_ROW_111_1_1078/VDD at location (49.835um, 447.498um).
[PSM-0039] Unconnected instance TAP_TAPCELL_ROW_113_1_1086/VDD at location (49.835um, 455.337um).
[PSM-0039] Unconnected instance TAP_TAPCELL_ROW_115_1_1094/VDD at location (49.835um, 463.178um).
[PSM-0039] Unconnected instance TAP_TAPCELL_ROW_117_1_1102/VDD at location (49.835um, 471.017um).
[PSM-0039] Unconnected instance TAP_TAPCELL_ROW_119_1_1110/VDD at location (49.835um, 478.858um).
[PSM-0039] Unconnected instance TAP_TAPCELL_ROW_121_1_1118/VDD at location (49.835um, 486.697um).
[PSM-0039] Unconnected instance TAP_TAPCELL_ROW_123_1_1126/VDD at location (49.835um, 494.538um).
[PSM-0039] Unconnected instance TAP_TAPCELL_ROW_125_1_1134/VDD at location (49.835um, 502.377um).
[PSM-0039] Unconnected instance TAP_TAPCELL_ROW_127_1_1142/VDD at location (49.835um, 510.217um).
[PSM-0039] Unconnected instance TAP_TAPCELL_ROW_129_1_1150/VDD at location (49.835um, 518.058um).
[PSM-0039] Unconnected instance TAP_TAPCELL_ROW_131_1_1158/VDD at location (49.835um, 525.898um).
[PSM-0039] Unconnected instance TAP_TAPCELL_ROW_133_1_1166/VDD at location (49.835um, 533.737um).
[PSM-0039] Unconnected instance TAP_TAPCELL_ROW_135_1216/VDD at location (49.835um, 541.577um).
[PSM-0039] Unconnected instance TAP_TAPCELL_ROW_137_1260/VDD at location (49.835um, 549.418um).
[PSM-0039] Unconnected instance TAP_TAPCELL_ROW_139_1304/VDD at location (49.835um, 557.258um).
[PSM-0039] Unconnected instance TAP_TAPCELL_ROW_141_1348/VDD at location (49.835um, 565.097um).
[PSM-0039] Unconnected instance TAP_TAPCELL_ROW_143_1392/VDD at location (49.835um, 572.938um).
[PSM-0039] Unconnected instance TAP_TAPCELL_ROW_145_1436/VDD at location (49.835um, 580.778um).
[PSM-0039] Unconnected instance TAP_TAPCELL_ROW_147_1480/VDD at location (49.835um, 588.617um).
[PSM-0039] Unconnected instance TAP_TAPCELL_ROW_149_1524/VDD at location (49.835um, 596.457um).
[PSM-0039] Unconnected instance TAP_TAPCELL_ROW_151_1568/VDD at location (49.835um, 604.298um).
[PSM-0039] Unconnected instance TAP_TAPCELL_ROW_153_1612/VDD at location (49.835um, 612.138um).
[PSM-0039] Unconnected instance TAP_TAPCELL_ROW_155_1656/VDD at location (49.835um, 619.977um).
[PSM-0039] Unconnected instance TAP_TAPCELL_ROW_157_1700/VDD at location (49.835um, 627.817um).
[PSM-0039] Unconnected instance TAP_TAPCELL_ROW_159_1744/VDD at location (49.835um, 635.658um).
[PSM-0039] Unconnected instance TAP_TAPCELL_ROW_161_1788/VDD at location (49.835um, 643.497um).
[PSM-0039] Unconnected instance TAP_TAPCELL_ROW_163_1832/VDD at location (49.835um, 651.337um).
[PSM-0039] Unconnected instance TAP_TAPCELL_ROW_165_1876/VDD at location (49.835um, 659.178um).
[PSM-0039] Unconnected instance TAP_TAPCELL_ROW_167_1920/VDD at location (49.835um, 667.018um).
[PSM-0039] Unconnected instance TAP_TAPCELL_ROW_169_1964/VDD at location (49.835um, 674.857um).
[PSM-0039] Unconnected instance TAP_TAPCELL_ROW_171_2008/VDD at location (49.835um, 682.697um).
[PSM-0039] Unconnected instance TAP_TAPCELL_ROW_173_2052/VDD at location (49.835um, 690.538um).
[PSM-0039] Unconnected instance TAP_TAPCELL_ROW_175_2096/VDD at location (49.835um, 698.378um).
[PSM-0039] Unconnected instance TAP_TAPCELL_ROW_177_2140/VDD at location (49.835um, 706.217um).
[PSM-0039] Unconnected instance TAP_TAPCELL_ROW_179_2184/VDD at location (49.835um, 714.058um).
[PSM-0039] Unconnected instance TAP_TAPCELL_ROW_181_2228/VDD at location (49.835um, 721.898um).
[PSM-0039] Unconnected instance TAP_TAPCELL_ROW_183_2272/VDD at location (49.835um, 729.737um).
[PSM-0039] Unconnected instance TAP_TAPCELL_ROW_0_1_2342/VDD at location (67.755um, 15.062um).
[PSM-0039] Unconnected instance TAP_TAPCELL_ROW_134_1172/VDD at location (67.755um, 540.342um).
[PSM-0039] Unconnected instance TAP_TAPCELL_ROW_184_2296/VDD at location (67.755um, 736.342um).
[PSM-0039] Unconnected instance TAP_TAPCELL_ROW_2_1_643/VDD at location (69.435um, 22.902um).
[PSM-0039] Unconnected instance TAP_TAPCELL_ROW_4_1_651/VDD at location (69.435um, 30.742um).
[PSM-0039] Unconnected instance TAP_TAPCELL_ROW_6_1_659/VDD at location (69.435um, 38.583um).
[PSM-0039] Unconnected instance TAP_TAPCELL_ROW_8_1_667/VDD at location (69.435um, 46.422um).
[PSM-0039] Unconnected instance TAP_TAPCELL_ROW_10_1_675/VDD at location (69.435um, 54.263um).
[PSM-0039] Unconnected instance TAP_TAPCELL_ROW_12_1_683/VDD at location (69.435um, 62.102um).
[PSM-0039] Unconnected instance TAP_TAPCELL_ROW_14_1_691/VDD at location (69.435um, 69.942um).
[PSM-0039] Unconnected instance TAP_TAPCELL_ROW_16_1_699/VDD at location (69.435um, 77.782um).
[PSM-0039] Unconnected instance TAP_TAPCELL_ROW_18_1_707/VDD at location (69.435um, 85.623um).
[PSM-0039] Unconnected instance TAP_TAPCELL_ROW_20_1_715/VDD at location (69.435um, 93.463um).
[PSM-0039] Unconnected instance TAP_TAPCELL_ROW_22_1_723/VDD at location (69.435um, 101.302um).
[PSM-0039] Unconnected instance TAP_TAPCELL_ROW_24_1_731/VDD at location (69.435um, 109.142um).
[PSM-0039] Unconnected instance TAP_TAPCELL_ROW_26_1_739/VDD at location (69.435um, 116.983um).
[PSM-0039] Unconnected instance TAP_TAPCELL_ROW_28_1_747/VDD at location (69.435um, 124.823um).
[PSM-0039] Unconnected instance TAP_TAPCELL_ROW_30_1_755/VDD at location (69.435um, 132.662um).
[PSM-0039] Unconnected instance TAP_TAPCELL_ROW_32_1_763/VDD at location (69.435um, 140.502um).
[PSM-0039] Unconnected instance TAP_TAPCELL_ROW_34_1_771/VDD at location (69.435um, 148.343um).
[PSM-0039] Unconnected instance TAP_TAPCELL_ROW_36_1_779/VDD at location (69.435um, 156.183um).
[PSM-0039] Unconnected instance TAP_TAPCELL_ROW_38_1_787/VDD at location (69.435um, 164.023um).
[PSM-0039] Unconnected instance TAP_TAPCELL_ROW_40_1_795/VDD at location (69.435um, 171.863um).
[PSM-0039] Unconnected instance TAP_TAPCELL_ROW_42_1_803/VDD at location (69.435um, 179.702um).
[PSM-0039] Unconnected instance TAP_TAPCELL_ROW_44_1_811/VDD at location (69.435um, 187.542um).
[PSM-0039] Unconnected instance TAP_TAPCELL_ROW_46_1_819/VDD at location (69.435um, 195.382um).
[PSM-0039] Unconnected instance TAP_TAPCELL_ROW_48_1_827/VDD at location (69.435um, 203.222um).
[PSM-0039] Unconnected instance TAP_TAPCELL_ROW_50_1_835/VDD at location (69.435um, 211.062um).
[PSM-0039] Unconnected instance TAP_TAPCELL_ROW_52_1_843/VDD at location (69.435um, 218.903um).
[PSM-0039] Unconnected instance TAP_TAPCELL_ROW_54_1_851/VDD at location (69.435um, 226.743um).
[PSM-0039] Unconnected instance TAP_TAPCELL_ROW_56_1_859/VDD at location (69.435um, 234.583um).
[PSM-0039] Unconnected instance TAP_TAPCELL_ROW_58_1_867/VDD at location (69.435um, 242.423um).
[PSM-0039] Unconnected instance TAP_TAPCELL_ROW_60_1_875/VDD at location (69.435um, 250.262um).
[PSM-0039] Unconnected instance TAP_TAPCELL_ROW_62_1_883/VDD at location (69.435um, 258.103um).
[PSM-0039] Unconnected instance TAP_TAPCELL_ROW_64_1_891/VDD at location (69.435um, 265.942um).
[PSM-0039] Unconnected instance TAP_TAPCELL_ROW_66_1_899/VDD at location (69.435um, 273.783um).
[PSM-0039] Unconnected instance TAP_TAPCELL_ROW_68_1_907/VDD at location (69.435um, 281.623um).
[PSM-0039] Unconnected instance TAP_TAPCELL_ROW_70_1_915/VDD at location (69.435um, 289.462um).
[PSM-0039] Unconnected instance TAP_TAPCELL_ROW_72_1_923/VDD at location (69.435um, 297.303um).
[PSM-0039] Unconnected instance TAP_TAPCELL_ROW_74_1_931/VDD at location (69.435um, 305.142um).
[PSM-0039] Unconnected instance TAP_TAPCELL_ROW_76_1_939/VDD at location (69.435um, 312.983um).
[PSM-0039] Unconnected instance TAP_TAPCELL_ROW_78_1_947/VDD at location (69.435um, 320.822um).
[PSM-0039] Unconnected instance TAP_TAPCELL_ROW_80_1_955/VDD at location (69.435um, 328.663um).
[PSM-0039] Unconnected instance TAP_TAPCELL_ROW_82_1_963/VDD at location (69.435um, 336.502um).
[PSM-0039] Unconnected instance TAP_TAPCELL_ROW_84_1_971/VDD at location (69.435um, 344.342um).
[PSM-0039] Unconnected instance TAP_TAPCELL_ROW_86_1_979/VDD at location (69.435um, 352.183um).
[PSM-0039] Unconnected instance TAP_TAPCELL_ROW_88_1_987/VDD at location (69.435um, 360.022um).
[PSM-0039] Unconnected instance TAP_TAPCELL_ROW_90_1_995/VDD at location (69.435um, 367.863um).
[PSM-0039] Unconnected instance TAP_TAPCELL_ROW_92_1_1003/VDD at location (69.435um, 375.702um).
[PSM-0039] Unconnected instance TAP_TAPCELL_ROW_94_1_1011/VDD at location (69.435um, 383.543um).
[PSM-0039] Unconnected instance TAP_TAPCELL_ROW_96_1_1019/VDD at location (69.435um, 391.382um).
[PSM-0039] Unconnected instance TAP_TAPCELL_ROW_98_1_1027/VDD at location (69.435um, 399.223um).
[PSM-0039] Unconnected instance TAP_TAPCELL_ROW_100_1_1035/VDD at location (69.435um, 407.062um).
[PSM-0039] Unconnected instance TAP_TAPCELL_ROW_102_1_1043/VDD at location (69.435um, 414.902um).
[PSM-0039] Unconnected instance TAP_TAPCELL_ROW_104_1_1051/VDD at location (69.435um, 422.743um).
[PSM-0039] Unconnected instance TAP_TAPCELL_ROW_106_1_1059/VDD at location (69.435um, 430.582um).
[PSM-0039] Unconnected instance TAP_TAPCELL_ROW_108_1_1067/VDD at location (69.435um, 438.423um).
[PSM-0039] Unconnected instance TAP_TAPCELL_ROW_110_1_1075/VDD at location (69.435um, 446.262um).
[PSM-0039] Unconnected instance TAP_TAPCELL_ROW_112_1_1083/VDD at location (69.435um, 454.103um).
[PSM-0039] Unconnected instance TAP_TAPCELL_ROW_114_1_1091/VDD at location (69.435um, 461.942um).
[PSM-0039] Unconnected instance TAP_TAPCELL_ROW_116_1_1099/VDD at location (69.435um, 469.783um).
[PSM-0039] Unconnected instance TAP_TAPCELL_ROW_118_1_1107/VDD at location (69.435um, 477.623um).
[PSM-0039] Unconnected instance TAP_TAPCELL_ROW_120_1_1115/VDD at location (69.435um, 485.462um).
[PSM-0039] Unconnected instance TAP_TAPCELL_ROW_122_1_1123/VDD at location (69.435um, 493.303um).
[PSM-0039] Unconnected instance TAP_TAPCELL_ROW_124_1_1131/VDD at location (69.435um, 501.142um).
[PSM-0039] Unconnected instance TAP_TAPCELL_ROW_126_1_1139/VDD at location (69.435um, 508.983um).
[PSM-0039] Unconnected instance TAP_TAPCELL_ROW_128_1_1147/VDD at location (69.435um, 516.822um).
[PSM-0039] Unconnected instance TAP_TAPCELL_ROW_130_1_1155/VDD at location (69.435um, 524.663um).
[PSM-0039] Unconnected instance TAP_TAPCELL_ROW_132_1_1163/VDD at location (69.435um, 532.503um).
[PSM-0039] Unconnected instance TAP_TAPCELL_ROW_136_1239/VDD at location (69.435um, 548.183um).
[PSM-0039] Unconnected instance TAP_TAPCELL_ROW_138_1283/VDD at location (69.435um, 556.023um).
[PSM-0039] Unconnected instance TAP_TAPCELL_ROW_140_1327/VDD at location (69.435um, 563.862um).
[PSM-0039] Unconnected instance TAP_TAPCELL_ROW_142_1371/VDD at location (69.435um, 571.702um).
[PSM-0039] Unconnected instance TAP_TAPCELL_ROW_144_1415/VDD at location (69.435um, 579.543um).
[PSM-0039] Unconnected instance TAP_TAPCELL_ROW_146_1459/VDD at location (69.435um, 587.383um).
[PSM-0039] Unconnected instance TAP_TAPCELL_ROW_148_1503/VDD at location (69.435um, 595.222um).
[PSM-0039] Unconnected instance TAP_TAPCELL_ROW_150_1547/VDD at location (69.435um, 603.062um).
[PSM-0039] Unconnected instance TAP_TAPCELL_ROW_152_1591/VDD at location (69.435um, 610.903um).
[PSM-0039] Unconnected instance TAP_TAPCELL_ROW_154_1635/VDD at location (69.435um, 618.742um).
[PSM-0039] Unconnected instance TAP_TAPCELL_ROW_156_1679/VDD at location (69.435um, 626.582um).
[PSM-0039] Unconnected instance TAP_TAPCELL_ROW_158_1723/VDD at location (69.435um, 634.423um).
[PSM-0039] Unconnected instance TAP_TAPCELL_ROW_160_1767/VDD at location (69.435um, 642.263um).
[PSM-0039] Unconnected instance TAP_TAPCELL_ROW_162_1811/VDD at location (69.435um, 650.102um).
[PSM-0039] Unconnected instance TAP_TAPCELL_ROW_164_1855/VDD at location (69.435um, 657.942um).
[PSM-0039] Unconnected instance TAP_TAPCELL_ROW_166_1899/VDD at location (69.435um, 665.783um).
[PSM-0039] Unconnected instance TAP_TAPCELL_ROW_168_1943/VDD at location (69.435um, 673.622um).
[PSM-0039] Unconnected instance TAP_TAPCELL_ROW_170_1987/VDD at location (69.435um, 681.462um).
[PSM-0039] Unconnected instance TAP_TAPCELL_ROW_172_2031/VDD at location (69.435um, 689.303um).
[PSM-0039] Unconnected instance TAP_TAPCELL_ROW_174_2075/VDD at location (69.435um, 697.143um).
[PSM-0039] Unconnected instance TAP_TAPCELL_ROW_176_2119/VDD at location (69.435um, 704.982um).
[PSM-0039] Unconnected instance TAP_TAPCELL_ROW_178_2163/VDD at location (69.435um, 712.822um).
[PSM-0039] Unconnected instance TAP_TAPCELL_ROW_180_2207/VDD at location (69.435um, 720.663um).
[PSM-0039] Unconnected instance TAP_TAPCELL_ROW_182_2251/VDD at location (69.435um, 728.503um).
[PSM-0039] Unconnected instance TAP_TAPCELL_ROW_0_1_2343/VDD at location (86.795um, 15.062um).
[PSM-0039] Unconnected instance TAP_TAPCELL_ROW_134_1173/VDD at location (86.795um, 540.342um).
[PSM-0039] Unconnected instance TAP_TAPCELL_ROW_184_2297/VDD at location (86.795um, 736.342um).
[PSM-0039] Unconnected instance TAP_TAPCELL_ROW_1_1_639/VDD at location (89.035um, 16.297um).
[PSM-0039] Unconnected instance TAP_TAPCELL_ROW_3_1_647/VDD at location (89.035um, 24.137um).
[PSM-0039] Unconnected instance TAP_TAPCELL_ROW_5_1_655/VDD at location (89.035um, 31.977um).
[PSM-0039] Unconnected instance TAP_TAPCELL_ROW_7_1_663/VDD at location (89.035um, 39.818um).
[PSM-0039] Unconnected instance TAP_TAPCELL_ROW_9_1_671/VDD at location (89.035um, 47.657um).
[PSM-0039] Unconnected instance TAP_TAPCELL_ROW_11_1_679/VDD at location (89.035um, 55.498um).
[PSM-0039] Unconnected instance TAP_TAPCELL_ROW_13_1_687/VDD at location (89.035um, 63.337um).
[PSM-0039] Unconnected instance TAP_TAPCELL_ROW_15_1_695/VDD at location (89.035um, 71.177um).
[PSM-0039] Unconnected instance TAP_TAPCELL_ROW_17_1_703/VDD at location (89.035um, 79.017um).
[PSM-0039] Unconnected instance TAP_TAPCELL_ROW_19_1_711/VDD at location (89.035um, 86.858um).
[PSM-0039] Unconnected instance TAP_TAPCELL_ROW_21_1_719/VDD at location (89.035um, 94.698um).
[PSM-0039] Unconnected instance TAP_TAPCELL_ROW_23_1_727/VDD at location (89.035um, 102.537um).
[PSM-0039] Unconnected instance TAP_TAPCELL_ROW_25_1_735/VDD at location (89.035um, 110.377um).
[PSM-0039] Unconnected instance TAP_TAPCELL_ROW_27_1_743/VDD at location (89.035um, 118.218um).
[PSM-0039] Unconnected instance TAP_TAPCELL_ROW_29_1_751/VDD at location (89.035um, 126.058um).
[PSM-0039] Unconnected instance TAP_TAPCELL_ROW_31_1_759/VDD at location (89.035um, 133.898um).
[PSM-0039] Unconnected instance TAP_TAPCELL_ROW_33_1_767/VDD at location (89.035um, 141.738um).
[PSM-0039] Unconnected instance TAP_TAPCELL_ROW_35_1_775/VDD at location (89.035um, 149.577um).
[PSM-0039] Unconnected instance TAP_TAPCELL_ROW_37_1_783/VDD at location (89.035um, 157.417um).
[PSM-0039] Unconnected instance TAP_TAPCELL_ROW_39_1_791/VDD at location (89.035um, 165.257um).
[PSM-0039] Unconnected instance TAP_TAPCELL_ROW_41_1_799/VDD at location (89.035um, 173.097um).
[PSM-0039] Unconnected instance TAP_TAPCELL_ROW_43_1_807/VDD at location (89.035um, 180.938um).
[PSM-0039] Unconnected instance TAP_TAPCELL_ROW_45_1_815/VDD at location (89.035um, 188.778um).
[PSM-0039] Unconnected instance TAP_TAPCELL_ROW_47_1_823/VDD at location (89.035um, 196.618um).
[PSM-0039] Unconnected instance TAP_TAPCELL_ROW_49_1_831/VDD at location (89.035um, 204.458um).
[PSM-0039] Unconnected instance TAP_TAPCELL_ROW_51_1_839/VDD at location (89.035um, 212.298um).
[PSM-0039] Unconnected instance TAP_TAPCELL_ROW_53_1_847/VDD at location (89.035um, 220.137um).
[PSM-0039] Unconnected instance TAP_TAPCELL_ROW_55_1_855/VDD at location (89.035um, 227.977um).
[PSM-0039] Unconnected instance TAP_TAPCELL_ROW_57_1_863/VDD at location (89.035um, 235.817um).
[PSM-0039] Unconnected instance TAP_TAPCELL_ROW_59_1_871/VDD at location (89.035um, 243.657um).
[PSM-0039] Unconnected instance TAP_TAPCELL_ROW_61_1_879/VDD at location (89.035um, 251.498um).
[PSM-0039] Unconnected instance TAP_TAPCELL_ROW_63_1_887/VDD at location (89.035um, 259.337um).
[PSM-0039] Unconnected instance TAP_TAPCELL_ROW_65_1_895/VDD at location (89.035um, 267.178um).
[PSM-0039] Unconnected instance TAP_TAPCELL_ROW_67_1_903/VDD at location (89.035um, 275.017um).
[PSM-0039] Unconnected instance TAP_TAPCELL_ROW_69_1_911/VDD at location (89.035um, 282.858um).
[PSM-0039] Unconnected instance TAP_TAPCELL_ROW_71_1_919/VDD at location (89.035um, 290.697um).
[PSM-0039] Unconnected instance TAP_TAPCELL_ROW_73_1_927/VDD at location (89.035um, 298.538um).
[PSM-0039] Unconnected instance TAP_TAPCELL_ROW_75_1_935/VDD at location (89.035um, 306.377um).
[PSM-0039] Unconnected instance TAP_TAPCELL_ROW_77_1_943/VDD at location (89.035um, 314.217um).
[PSM-0039] Unconnected instance TAP_TAPCELL_ROW_79_1_951/VDD at location (89.035um, 322.058um).
[PSM-0039] Unconnected instance TAP_TAPCELL_ROW_81_1_959/VDD at location (89.035um, 329.897um).
[PSM-0039] Unconnected instance TAP_TAPCELL_ROW_83_1_967/VDD at location (89.035um, 337.738um).
[PSM-0039] Unconnected instance TAP_TAPCELL_ROW_85_1_975/VDD at location (89.035um, 345.577um).
[PSM-0039] Unconnected instance TAP_TAPCELL_ROW_87_1_983/VDD at location (89.035um, 353.418um).
[PSM-0039] Unconnected instance TAP_TAPCELL_ROW_89_1_991/VDD at location (89.035um, 361.257um).
[PSM-0039] Unconnected instance TAP_TAPCELL_ROW_91_1_999/VDD at location (89.035um, 369.098um).
[PSM-0039] Unconnected instance TAP_TAPCELL_ROW_93_1_1007/VDD at location (89.035um, 376.938um).
[PSM-0039] Unconnected instance TAP_TAPCELL_ROW_95_1_1015/VDD at location (89.035um, 384.777um).
[PSM-0039] Unconnected instance TAP_TAPCELL_ROW_97_1_1023/VDD at location (89.035um, 392.618um).
[PSM-0039] Unconnected instance TAP_TAPCELL_ROW_99_1_1031/VDD at location (89.035um, 400.457um).
[PSM-0039] Unconnected instance TAP_TAPCELL_ROW_101_1_1039/VDD at location (89.035um, 408.298um).
[PSM-0039] Unconnected instance TAP_TAPCELL_ROW_103_1_1047/VDD at location (89.035um, 416.137um).
[PSM-0039] Unconnected instance TAP_TAPCELL_ROW_105_1_1055/VDD at location (89.035um, 423.978um).
[PSM-0039] Unconnected instance TAP_TAPCELL_ROW_107_1_1063/VDD at location (89.035um, 431.817um).
[PSM-0039] Unconnected instance TAP_TAPCELL_ROW_109_1_1071/VDD at location (89.035um, 439.658um).
[PSM-0039] Unconnected instance TAP_TAPCELL_ROW_111_1_1079/VDD at location (89.035um, 447.498um).
[PSM-0039] Unconnected instance TAP_TAPCELL_ROW_113_1_1087/VDD at location (89.035um, 455.337um).
[PSM-0039] Unconnected instance TAP_TAPCELL_ROW_115_1_1095/VDD at location (89.035um, 463.178um).
[PSM-0039] Unconnected instance TAP_TAPCELL_ROW_117_1_1103/VDD at location (89.035um, 471.017um).
[PSM-0039] Unconnected instance TAP_TAPCELL_ROW_119_1_1111/VDD at location (89.035um, 478.858um).
[PSM-0039] Unconnected instance TAP_TAPCELL_ROW_121_1_1119/VDD at location (89.035um, 486.697um).
[PSM-0039] Unconnected instance TAP_TAPCELL_ROW_123_1_1127/VDD at location (89.035um, 494.538um).
[PSM-0039] Unconnected instance TAP_TAPCELL_ROW_125_1_1135/VDD at location (89.035um, 502.377um).
[PSM-0039] Unconnected instance TAP_TAPCELL_ROW_127_1_1143/VDD at location (89.035um, 510.217um).
[PSM-0039] Unconnected instance TAP_TAPCELL_ROW_129_1_1151/VDD at location (89.035um, 518.058um).
[PSM-0039] Unconnected instance TAP_TAPCELL_ROW_131_1_1159/VDD at location (89.035um, 525.898um).
[PSM-0039] Unconnected instance TAP_TAPCELL_ROW_133_1_1167/VDD at location (89.035um, 533.737um).
[PSM-0039] Unconnected instance TAP_TAPCELL_ROW_135_1217/VDD at location (89.035um, 541.577um).
[PSM-0039] Unconnected instance TAP_TAPCELL_ROW_137_1261/VDD at location (89.035um, 549.418um).
[PSM-0039] Unconnected instance TAP_TAPCELL_ROW_139_1305/VDD at location (89.035um, 557.258um).
[PSM-0039] Unconnected instance TAP_TAPCELL_ROW_141_1349/VDD at location (89.035um, 565.097um).
[PSM-0039] Unconnected instance TAP_TAPCELL_ROW_143_1393/VDD at location (89.035um, 572.938um).
[PSM-0039] Unconnected instance TAP_TAPCELL_ROW_145_1437/VDD at location (89.035um, 580.778um).
[PSM-0039] Unconnected instance TAP_TAPCELL_ROW_147_1481/VDD at location (89.035um, 588.617um).
[PSM-0039] Unconnected instance TAP_TAPCELL_ROW_149_1525/VDD at location (89.035um, 596.457um).
[PSM-0039] Unconnected instance TAP_TAPCELL_ROW_151_1569/VDD at location (89.035um, 604.298um).
[PSM-0039] Unconnected instance TAP_TAPCELL_ROW_153_1613/VDD at location (89.035um, 612.138um).
[PSM-0039] Unconnected instance TAP_TAPCELL_ROW_155_1657/VDD at location (89.035um, 619.977um).
[PSM-0039] Unconnected instance TAP_TAPCELL_ROW_157_1701/VDD at location (89.035um, 627.817um).
[PSM-0039] Unconnected instance TAP_TAPCELL_ROW_159_1745/VDD at location (89.035um, 635.658um).
[PSM-0039] Unconnected instance TAP_TAPCELL_ROW_161_1789/VDD at location (89.035um, 643.497um).
[PSM-0039] Unconnected instance TAP_TAPCELL_ROW_163_1833/VDD at location (89.035um, 651.337um).
[PSM-0039] Unconnected instance TAP_TAPCELL_ROW_165_1877/VDD at location (89.035um, 659.178um).
[PSM-0039] Unconnected instance TAP_TAPCELL_ROW_167_1921/VDD at location (89.035um, 667.018um).
[PSM-0039] Unconnected instance TAP_TAPCELL_ROW_169_1965/VDD at location (89.035um, 674.857um).
[PSM-0039] Unconnected instance TAP_TAPCELL_ROW_171_2009/VDD at location (89.035um, 682.697um).
[PSM-0039] Unconnected instance TAP_TAPCELL_ROW_173_2053/VDD at location (89.035um, 690.538um).
[PSM-0039] Unconnected instance TAP_TAPCELL_ROW_175_2097/VDD at location (89.035um, 698.378um).
[PSM-0039] Unconnected instance TAP_TAPCELL_ROW_177_2141/VDD at location (89.035um, 706.217um).
[PSM-0039] Unconnected instance TAP_TAPCELL_ROW_179_2185/VDD at location (89.035um, 714.058um).
[PSM-0039] Unconnected instance TAP_TAPCELL_ROW_181_2229/VDD at location (89.035um, 721.898um).
[PSM-0039] Unconnected instance TAP_TAPCELL_ROW_183_2273/VDD at location (89.035um, 729.737um).
[PSM-0039] Unconnected instance TAP_TAPCELL_ROW_0_1_2344/VDD at location (105.835um, 15.062um).
[PSM-0039] Unconnected instance TAP_TAPCELL_ROW_134_1174/VDD at location (105.835um, 540.342um).
[PSM-0039] Unconnected instance TAP_TAPCELL_ROW_184_2298/VDD at location (105.835um, 736.342um).
[PSM-0039] Unconnected instance TAP_TAPCELL_ROW_2_1_644/VDD at location (108.635um, 22.902um).
[PSM-0039] Unconnected instance TAP_TAPCELL_ROW_4_1_652/VDD at location (108.635um, 30.742um).
[PSM-0039] Unconnected instance TAP_TAPCELL_ROW_6_1_660/VDD at location (108.635um, 38.583um).
[PSM-0039] Unconnected instance TAP_TAPCELL_ROW_8_1_668/VDD at location (108.635um, 46.422um).
[PSM-0039] Unconnected instance TAP_TAPCELL_ROW_10_1_676/VDD at location (108.635um, 54.263um).
[PSM-0039] Unconnected instance TAP_TAPCELL_ROW_12_1_684/VDD at location (108.635um, 62.102um).
[PSM-0039] Unconnected instance TAP_TAPCELL_ROW_14_1_692/VDD at location (108.635um, 69.942um).
[PSM-0039] Unconnected instance TAP_TAPCELL_ROW_16_1_700/VDD at location (108.635um, 77.782um).
[PSM-0039] Unconnected instance TAP_TAPCELL_ROW_18_1_708/VDD at location (108.635um, 85.623um).
[PSM-0039] Unconnected instance TAP_TAPCELL_ROW_20_1_716/VDD at location (108.635um, 93.463um).
[PSM-0039] Unconnected instance TAP_TAPCELL_ROW_22_1_724/VDD at location (108.635um, 101.302um).
[PSM-0039] Unconnected instance TAP_TAPCELL_ROW_24_1_732/VDD at location (108.635um, 109.142um).
[PSM-0039] Unconnected instance TAP_TAPCELL_ROW_26_1_740/VDD at location (108.635um, 116.983um).
[PSM-0039] Unconnected instance TAP_TAPCELL_ROW_28_1_748/VDD at location (108.635um, 124.823um).
[PSM-0039] Unconnected instance TAP_TAPCELL_ROW_30_1_756/VDD at location (108.635um, 132.662um).
[PSM-0039] Unconnected instance TAP_TAPCELL_ROW_32_1_764/VDD at location (108.635um, 140.502um).
[PSM-0039] Unconnected instance TAP_TAPCELL_ROW_34_1_772/VDD at location (108.635um, 148.343um).
[PSM-0039] Unconnected instance TAP_TAPCELL_ROW_36_1_780/VDD at location (108.635um, 156.183um).
[PSM-0039] Unconnected instance TAP_TAPCELL_ROW_38_1_788/VDD at location (108.635um, 164.023um).
[PSM-0039] Unconnected instance TAP_TAPCELL_ROW_40_1_796/VDD at location (108.635um, 171.863um).
[PSM-0039] Unconnected instance TAP_TAPCELL_ROW_42_1_804/VDD at location (108.635um, 179.702um).
[PSM-0039] Unconnected instance TAP_TAPCELL_ROW_44_1_812/VDD at location (108.635um, 187.542um).
[PSM-0039] Unconnected instance TAP_TAPCELL_ROW_46_1_820/VDD at location (108.635um, 195.382um).
[PSM-0039] Unconnected instance TAP_TAPCELL_ROW_48_1_828/VDD at location (108.635um, 203.222um).
[PSM-0039] Unconnected instance TAP_TAPCELL_ROW_50_1_836/VDD at location (108.635um, 211.062um).
[PSM-0039] Unconnected instance TAP_TAPCELL_ROW_52_1_844/VDD at location (108.635um, 218.903um).
[PSM-0039] Unconnected instance TAP_TAPCELL_ROW_54_1_852/VDD at location (108.635um, 226.743um).
[PSM-0039] Unconnected instance TAP_TAPCELL_ROW_56_1_860/VDD at location (108.635um, 234.583um).
[PSM-0039] Unconnected instance TAP_TAPCELL_ROW_58_1_868/VDD at location (108.635um, 242.423um).
[PSM-0039] Unconnected instance TAP_TAPCELL_ROW_60_1_876/VDD at location (108.635um, 250.262um).
[PSM-0039] Unconnected instance TAP_TAPCELL_ROW_62_1_884/VDD at location (108.635um, 258.103um).
[PSM-0039] Unconnected instance TAP_TAPCELL_ROW_64_1_892/VDD at location (108.635um, 265.942um).
[PSM-0039] Unconnected instance TAP_TAPCELL_ROW_66_1_900/VDD at location (108.635um, 273.783um).
[PSM-0039] Unconnected instance TAP_TAPCELL_ROW_68_1_908/VDD at location (108.635um, 281.623um).
[PSM-0039] Unconnected instance TAP_TAPCELL_ROW_70_1_916/VDD at location (108.635um, 289.462um).
[PSM-0039] Unconnected instance TAP_TAPCELL_ROW_72_1_924/VDD at location (108.635um, 297.303um).
[PSM-0039] Unconnected instance TAP_TAPCELL_ROW_74_1_932/VDD at location (108.635um, 305.142um).
[PSM-0039] Unconnected instance TAP_TAPCELL_ROW_76_1_940/VDD at location (108.635um, 312.983um).
[PSM-0039] Unconnected instance TAP_TAPCELL_ROW_78_1_948/VDD at location (108.635um, 320.822um).
[PSM-0039] Unconnected instance TAP_TAPCELL_ROW_80_1_956/VDD at location (108.635um, 328.663um).
[PSM-0039] Unconnected instance TAP_TAPCELL_ROW_82_1_964/VDD at location (108.635um, 336.502um).
[PSM-0039] Unconnected instance TAP_TAPCELL_ROW_84_1_972/VDD at location (108.635um, 344.342um).
[PSM-0039] Unconnected instance TAP_TAPCELL_ROW_86_1_980/VDD at location (108.635um, 352.183um).
[PSM-0039] Unconnected instance TAP_TAPCELL_ROW_88_1_988/VDD at location (108.635um, 360.022um).
[PSM-0039] Unconnected instance TAP_TAPCELL_ROW_90_1_996/VDD at location (108.635um, 367.863um).
[PSM-0039] Unconnected instance TAP_TAPCELL_ROW_92_1_1004/VDD at location (108.635um, 375.702um).
[PSM-0039] Unconnected instance TAP_TAPCELL_ROW_94_1_1012/VDD at location (108.635um, 383.543um).
[PSM-0039] Unconnected instance TAP_TAPCELL_ROW_96_1_1020/VDD at location (108.635um, 391.382um).
[PSM-0039] Unconnected instance TAP_TAPCELL_ROW_98_1_1028/VDD at location (108.635um, 399.223um).
[PSM-0039] Unconnected instance TAP_TAPCELL_ROW_100_1_1036/VDD at location (108.635um, 407.062um).
[PSM-0039] Unconnected instance TAP_TAPCELL_ROW_102_1_1044/VDD at location (108.635um, 414.902um).
[PSM-0039] Unconnected instance TAP_TAPCELL_ROW_104_1_1052/VDD at location (108.635um, 422.743um).
[PSM-0039] Unconnected instance TAP_TAPCELL_ROW_106_1_1060/VDD at location (108.635um, 430.582um).
[PSM-0039] Unconnected instance TAP_TAPCELL_ROW_108_1_1068/VDD at location (108.635um, 438.423um).
[PSM-0039] Unconnected instance TAP_TAPCELL_ROW_110_1_1076/VDD at location (108.635um, 446.262um).
[PSM-0039] Unconnected instance TAP_TAPCELL_ROW_112_1_1084/VDD at location (108.635um, 454.103um).
[PSM-0039] Unconnected instance TAP_TAPCELL_ROW_114_1_1092/VDD at location (108.635um, 461.942um).
[PSM-0039] Unconnected instance TAP_TAPCELL_ROW_116_1_1100/VDD at location (108.635um, 469.783um).
[PSM-0039] Unconnected instance TAP_TAPCELL_ROW_118_1_1108/VDD at location (108.635um, 477.623um).
[PSM-0039] Unconnected instance TAP_TAPCELL_ROW_120_1_1116/VDD at location (108.635um, 485.462um).
[PSM-0039] Unconnected instance TAP_TAPCELL_ROW_122_1_1124/VDD at location (108.635um, 493.303um).
[PSM-0039] Unconnected instance TAP_TAPCELL_ROW_124_1_1132/VDD at location (108.635um, 501.142um).
[PSM-0039] Unconnected instance TAP_TAPCELL_ROW_126_1_1140/VDD at location (108.635um, 508.983um).
[PSM-0039] Unconnected instance TAP_TAPCELL_ROW_128_1_1148/VDD at location (108.635um, 516.822um).
[PSM-0039] Unconnected instance TAP_TAPCELL_ROW_130_1_1156/VDD at location (108.635um, 524.663um).
[PSM-0039] Unconnected instance TAP_TAPCELL_ROW_132_1_1164/VDD at location (108.635um, 532.503um).
[PSM-0039] Unconnected instance TAP_TAPCELL_ROW_136_1240/VDD at location (108.635um, 548.183um).
[PSM-0039] Unconnected instance TAP_TAPCELL_ROW_138_1284/VDD at location (108.635um, 556.023um).
[PSM-0039] Unconnected instance TAP_TAPCELL_ROW_140_1328/VDD at location (108.635um, 563.862um).
[PSM-0039] Unconnected instance TAP_TAPCELL_ROW_142_1372/VDD at location (108.635um, 571.702um).
[PSM-0039] Unconnected instance TAP_TAPCELL_ROW_144_1416/VDD at location (108.635um, 579.543um).
[PSM-0039] Unconnected instance TAP_TAPCELL_ROW_146_1460/VDD at location (108.635um, 587.383um).
[PSM-0039] Unconnected instance TAP_TAPCELL_ROW_148_1504/VDD at location (108.635um, 595.222um).
[PSM-0039] Unconnected instance TAP_TAPCELL_ROW_150_1548/VDD at location (108.635um, 603.062um).
[PSM-0039] Unconnected instance TAP_TAPCELL_ROW_152_1592/VDD at location (108.635um, 610.903um).
[PSM-0039] Unconnected instance TAP_TAPCELL_ROW_154_1636/VDD at location (108.635um, 618.742um).
[PSM-0039] Unconnected instance TAP_TAPCELL_ROW_156_1680/VDD at location (108.635um, 626.582um).
[PSM-0039] Unconnected instance TAP_TAPCELL_ROW_158_1724/VDD at location (108.635um, 634.423um).
[PSM-0039] Unconnected instance TAP_TAPCELL_ROW_160_1768/VDD at location (108.635um, 642.263um).
[PSM-0039] Unconnected instance TAP_TAPCELL_ROW_162_1812/VDD at location (108.635um, 650.102um).
[PSM-0039] Unconnected instance TAP_TAPCELL_ROW_164_1856/VDD at location (108.635um, 657.942um).
[PSM-0039] Unconnected instance TAP_TAPCELL_ROW_166_1900/VDD at location (108.635um, 665.783um).
[PSM-0039] Unconnected instance TAP_TAPCELL_ROW_168_1944/VDD at location (108.635um, 673.622um).
[PSM-0039] Unconnected instance TAP_TAPCELL_ROW_170_1988/VDD at location (108.635um, 681.462um).
[PSM-0039] Unconnected instance TAP_TAPCELL_ROW_172_2032/VDD at location (108.635um, 689.303um).
[PSM-0039] Unconnected instance TAP_TAPCELL_ROW_174_2076/VDD at location (108.635um, 697.143um).
[PSM-0039] Unconnected instance TAP_TAPCELL_ROW_176_2120/VDD at location (108.635um, 704.982um).
[PSM-0039] Unconnected instance TAP_TAPCELL_ROW_178_2164/VDD at location (108.635um, 712.822um).
[PSM-0039] Unconnected instance TAP_TAPCELL_ROW_180_2208/VDD at location (108.635um, 720.663um).
[PSM-0039] Unconnected instance TAP_TAPCELL_ROW_182_2252/VDD at location (108.635um, 728.503um).
[PSM-0039] Unconnected instance TAP_TAPCELL_ROW_0_1_2345/VDD at location (124.875um, 15.062um).
[PSM-0039] Unconnected instance TAP_TAPCELL_ROW_134_1175/VDD at location (124.875um, 540.342um).
[PSM-0039] Unconnected instance TAP_TAPCELL_ROW_184_2299/VDD at location (124.875um, 736.342um).
[PSM-0039] Unconnected instance TAP_TAPCELL_ROW_1_1_640/VDD at location (128.235um, 16.297um).
[PSM-0039] Unconnected instance TAP_TAPCELL_ROW_3_1_648/VDD at location (128.235um, 24.137um).
[PSM-0039] Unconnected instance TAP_TAPCELL_ROW_5_1_656/VDD at location (128.235um, 31.977um).
[PSM-0039] Unconnected instance TAP_TAPCELL_ROW_7_1_664/VDD at location (128.235um, 39.818um).
[PSM-0039] Unconnected instance TAP_TAPCELL_ROW_9_1_672/VDD at location (128.235um, 47.657um).
[PSM-0039] Unconnected instance TAP_TAPCELL_ROW_11_1_680/VDD at location (128.235um, 55.498um).
[PSM-0039] Unconnected instance TAP_TAPCELL_ROW_13_1_688/VDD at location (128.235um, 63.337um).
[PSM-0039] Unconnected instance TAP_TAPCELL_ROW_15_1_696/VDD at location (128.235um, 71.177um).
[PSM-0039] Unconnected instance TAP_TAPCELL_ROW_17_1_704/VDD at location (128.235um, 79.017um).
[PSM-0039] Unconnected instance TAP_TAPCELL_ROW_19_1_712/VDD at location (128.235um, 86.858um).
[PSM-0039] Unconnected instance TAP_TAPCELL_ROW_21_1_720/VDD at location (128.235um, 94.698um).
[PSM-0039] Unconnected instance TAP_TAPCELL_ROW_23_1_728/VDD at location (128.235um, 102.537um).
[PSM-0039] Unconnected instance TAP_TAPCELL_ROW_25_1_736/VDD at location (128.235um, 110.377um).
[PSM-0039] Unconnected instance TAP_TAPCELL_ROW_27_1_744/VDD at location (128.235um, 118.218um).
[PSM-0039] Unconnected instance TAP_TAPCELL_ROW_29_1_752/VDD at location (128.235um, 126.058um).
[PSM-0039] Unconnected instance TAP_TAPCELL_ROW_31_1_760/VDD at location (128.235um, 133.898um).
[PSM-0039] Unconnected instance TAP_TAPCELL_ROW_33_1_768/VDD at location (128.235um, 141.738um).
[PSM-0039] Unconnected instance TAP_TAPCELL_ROW_35_1_776/VDD at location (128.235um, 149.577um).
[PSM-0039] Unconnected instance TAP_TAPCELL_ROW_37_1_784/VDD at location (128.235um, 157.417um).
[PSM-0039] Unconnected instance TAP_TAPCELL_ROW_39_1_792/VDD at location (128.235um, 165.257um).
[PSM-0039] Unconnected instance TAP_TAPCELL_ROW_41_1_800/VDD at location (128.235um, 173.097um).
[PSM-0039] Unconnected instance TAP_TAPCELL_ROW_43_1_808/VDD at location (128.235um, 180.938um).
[PSM-0039] Unconnected instance TAP_TAPCELL_ROW_45_1_816/VDD at location (128.235um, 188.778um).
[PSM-0039] Unconnected instance TAP_TAPCELL_ROW_47_1_824/VDD at location (128.235um, 196.618um).
[PSM-0039] Unconnected instance TAP_TAPCELL_ROW_49_1_832/VDD at location (128.235um, 204.458um).
[PSM-0039] Unconnected instance TAP_TAPCELL_ROW_51_1_840/VDD at location (128.235um, 212.298um).
[PSM-0039] Unconnected instance TAP_TAPCELL_ROW_53_1_848/VDD at location (128.235um, 220.137um).
[PSM-0039] Unconnected instance TAP_TAPCELL_ROW_55_1_856/VDD at location (128.235um, 227.977um).
[PSM-0039] Unconnected instance TAP_TAPCELL_ROW_57_1_864/VDD at location (128.235um, 235.817um).
[PSM-0039] Unconnected instance TAP_TAPCELL_ROW_59_1_872/VDD at location (128.235um, 243.657um).
[PSM-0039] Unconnected instance TAP_TAPCELL_ROW_61_1_880/VDD at location (128.235um, 251.498um).
[PSM-0039] Unconnected instance TAP_TAPCELL_ROW_63_1_888/VDD at location (128.235um, 259.337um).
[PSM-0039] Unconnected instance TAP_TAPCELL_ROW_65_1_896/VDD at location (128.235um, 267.178um).
[PSM-0039] Unconnected instance TAP_TAPCELL_ROW_67_1_904/VDD at location (128.235um, 275.017um).
[PSM-0039] Unconnected instance TAP_TAPCELL_ROW_69_1_912/VDD at location (128.235um, 282.858um).
[PSM-0039] Unconnected instance TAP_TAPCELL_ROW_71_1_920/VDD at location (128.235um, 290.697um).
[PSM-0039] Unconnected instance TAP_TAPCELL_ROW_73_1_928/VDD at location (128.235um, 298.538um).
[PSM-0039] Unconnected instance TAP_TAPCELL_ROW_75_1_936/VDD at location (128.235um, 306.377um).
[PSM-0039] Unconnected instance TAP_TAPCELL_ROW_77_1_944/VDD at location (128.235um, 314.217um).
[PSM-0039] Unconnected instance TAP_TAPCELL_ROW_79_1_952/VDD at location (128.235um, 322.058um).
[PSM-0039] Unconnected instance TAP_TAPCELL_ROW_81_1_960/VDD at location (128.235um, 329.897um).
[PSM-0039] Unconnected instance TAP_TAPCELL_ROW_83_1_968/VDD at location (128.235um, 337.738um).
[PSM-0039] Unconnected instance TAP_TAPCELL_ROW_85_1_976/VDD at location (128.235um, 345.577um).
[PSM-0039] Unconnected instance TAP_TAPCELL_ROW_87_1_984/VDD at location (128.235um, 353.418um).
[PSM-0039] Unconnected instance TAP_TAPCELL_ROW_89_1_992/VDD at location (128.235um, 361.257um).
[PSM-0039] Unconnected instance TAP_TAPCELL_ROW_91_1_1000/VDD at location (128.235um, 369.098um).
[PSM-0039] Unconnected instance TAP_TAPCELL_ROW_93_1_1008/VDD at location (128.235um, 376.938um).
[PSM-0039] Unconnected instance TAP_TAPCELL_ROW_95_1_1016/VDD at location (128.235um, 384.777um).
[PSM-0039] Unconnected instance TAP_TAPCELL_ROW_97_1_1024/VDD at location (128.235um, 392.618um).
[PSM-0039] Unconnected instance TAP_TAPCELL_ROW_99_1_1032/VDD at location (128.235um, 400.457um).
[PSM-0039] Unconnected instance TAP_TAPCELL_ROW_101_1_1040/VDD at location (128.235um, 408.298um).
[PSM-0039] Unconnected instance TAP_TAPCELL_ROW_103_1_1048/VDD at location (128.235um, 416.137um).
[PSM-0039] Unconnected instance TAP_TAPCELL_ROW_105_1_1056/VDD at location (128.235um, 423.978um).
[PSM-0039] Unconnected instance TAP_TAPCELL_ROW_107_1_1064/VDD at location (128.235um, 431.817um).
[PSM-0039] Unconnected instance TAP_TAPCELL_ROW_109_1_1072/VDD at location (128.235um, 439.658um).
[PSM-0039] Unconnected instance TAP_TAPCELL_ROW_111_1_1080/VDD at location (128.235um, 447.498um).
[PSM-0039] Unconnected instance TAP_TAPCELL_ROW_113_1_1088/VDD at location (128.235um, 455.337um).
[PSM-0039] Unconnected instance TAP_TAPCELL_ROW_115_1_1096/VDD at location (128.235um, 463.178um).
[PSM-0039] Unconnected instance TAP_TAPCELL_ROW_117_1_1104/VDD at location (128.235um, 471.017um).
[PSM-0039] Unconnected instance TAP_TAPCELL_ROW_119_1_1112/VDD at location (128.235um, 478.858um).
[PSM-0039] Unconnected instance TAP_TAPCELL_ROW_121_1_1120/VDD at location (128.235um, 486.697um).
[PSM-0039] Unconnected instance TAP_TAPCELL_ROW_123_1_1128/VDD at location (128.235um, 494.538um).
[PSM-0039] Unconnected instance TAP_TAPCELL_ROW_125_1_1136/VDD at location (128.235um, 502.377um).
[PSM-0039] Unconnected instance TAP_TAPCELL_ROW_127_1_1144/VDD at location (128.235um, 510.217um).
[PSM-0039] Unconnected instance TAP_TAPCELL_ROW_129_1_1152/VDD at location (128.235um, 518.058um).
[PSM-0039] Unconnected instance TAP_TAPCELL_ROW_131_1_1160/VDD at location (128.235um, 525.898um).
[PSM-0039] Unconnected instance TAP_TAPCELL_ROW_133_1_1168/VDD at location (128.235um, 533.737um).
[PSM-0039] Unconnected instance TAP_TAPCELL_ROW_135_1218/VDD at location (128.235um, 541.577um).
[PSM-0039] Unconnected instance TAP_TAPCELL_ROW_137_1262/VDD at location (128.235um, 549.418um).
[PSM-0039] Unconnected instance TAP_TAPCELL_ROW_139_1306/VDD at location (128.235um, 557.258um).
[PSM-0039] Unconnected instance TAP_TAPCELL_ROW_141_1350/VDD at location (128.235um, 565.097um).
[PSM-0039] Unconnected instance TAP_TAPCELL_ROW_143_1394/VDD at location (128.235um, 572.938um).
[PSM-0039] Unconnected instance TAP_TAPCELL_ROW_145_1438/VDD at location (128.235um, 580.778um).
[PSM-0039] Unconnected instance TAP_TAPCELL_ROW_147_1482/VDD at location (128.235um, 588.617um).
[PSM-0039] Unconnected instance TAP_TAPCELL_ROW_149_1526/VDD at location (128.235um, 596.457um).
[PSM-0039] Unconnected instance TAP_TAPCELL_ROW_151_1570/VDD at location (128.235um, 604.298um).
[PSM-0039] Unconnected instance TAP_TAPCELL_ROW_153_1614/VDD at location (128.235um, 612.138um).
[PSM-0039] Unconnected instance TAP_TAPCELL_ROW_155_1658/VDD at location (128.235um, 619.977um).
[PSM-0039] Unconnected instance TAP_TAPCELL_ROW_157_1702/VDD at location (128.235um, 627.817um).
[PSM-0039] Unconnected instance TAP_TAPCELL_ROW_159_1746/VDD at location (128.235um, 635.658um).
[PSM-0039] Unconnected instance TAP_TAPCELL_ROW_161_1790/VDD at location (128.235um, 643.497um).
[PSM-0039] Unconnected instance TAP_TAPCELL_ROW_163_1834/VDD at location (128.235um, 651.337um).
[PSM-0039] Unconnected instance TAP_TAPCELL_ROW_165_1878/VDD at location (128.235um, 659.178um).
[PSM-0039] Unconnected instance TAP_TAPCELL_ROW_167_1922/VDD at location (128.235um, 667.018um).
[PSM-0039] Unconnected instance TAP_TAPCELL_ROW_169_1966/VDD at location (128.235um, 674.857um).
[PSM-0039] Unconnected instance TAP_TAPCELL_ROW_171_2010/VDD at location (128.235um, 682.697um).
[PSM-0039] Unconnected instance TAP_TAPCELL_ROW_173_2054/VDD at location (128.235um, 690.538um).
[PSM-0039] Unconnected instance TAP_TAPCELL_ROW_175_2098/VDD at location (128.235um, 698.378um).
[PSM-0039] Unconnected instance TAP_TAPCELL_ROW_177_2142/VDD at location (128.235um, 706.217um).
[PSM-0039] Unconnected instance TAP_TAPCELL_ROW_179_2186/VDD at location (128.235um, 714.058um).
[PSM-0039] Unconnected instance TAP_TAPCELL_ROW_181_2230/VDD at location (128.235um, 721.898um).
[PSM-0039] Unconnected instance TAP_TAPCELL_ROW_183_2274/VDD at location (128.235um, 729.737um).
[PSM-0039] Unconnected instance TAP_TAPCELL_ROW_0_1_2346/VDD at location (143.915um, 15.062um).
[PSM-0039] Unconnected instance TAP_TAPCELL_ROW_134_1176/VDD at location (143.915um, 540.342um).
[PSM-0039] Unconnected instance TAP_TAPCELL_ROW_184_2300/VDD at location (143.915um, 736.342um).
[PSM-0039] Unconnected instance TAP_TAPCELL_ROW_2_1_645/VDD at location (147.835um, 22.902um).
[PSM-0039] Unconnected instance TAP_TAPCELL_ROW_4_1_653/VDD at location (147.835um, 30.742um).
[PSM-0039] Unconnected instance TAP_TAPCELL_ROW_6_1_661/VDD at location (147.835um, 38.583um).
[PSM-0039] Unconnected instance TAP_TAPCELL_ROW_8_1_669/VDD at location (147.835um, 46.422um).
[PSM-0039] Unconnected instance TAP_TAPCELL_ROW_10_1_677/VDD at location (147.835um, 54.263um).
[PSM-0039] Unconnected instance TAP_TAPCELL_ROW_12_1_685/VDD at location (147.835um, 62.102um).
[PSM-0039] Unconnected instance TAP_TAPCELL_ROW_14_1_693/VDD at location (147.835um, 69.942um).
[PSM-0039] Unconnected instance TAP_TAPCELL_ROW_16_1_701/VDD at location (147.835um, 77.782um).
[PSM-0039] Unconnected instance TAP_TAPCELL_ROW_18_1_709/VDD at location (147.835um, 85.623um).
[PSM-0039] Unconnected instance TAP_TAPCELL_ROW_20_1_717/VDD at location (147.835um, 93.463um).
[PSM-0039] Unconnected instance TAP_TAPCELL_ROW_22_1_725/VDD at location (147.835um, 101.302um).
[PSM-0039] Unconnected instance TAP_TAPCELL_ROW_24_1_733/VDD at location (147.835um, 109.142um).
[PSM-0039] Unconnected instance TAP_TAPCELL_ROW_26_1_741/VDD at location (147.835um, 116.983um).
[PSM-0039] Unconnected instance TAP_TAPCELL_ROW_28_1_749/VDD at location (147.835um, 124.823um).
[PSM-0039] Unconnected instance TAP_TAPCELL_ROW_30_1_757/VDD at location (147.835um, 132.662um).
[PSM-0039] Unconnected instance TAP_TAPCELL_ROW_32_1_765/VDD at location (147.835um, 140.502um).
[PSM-0039] Unconnected instance TAP_TAPCELL_ROW_34_1_773/VDD at location (147.835um, 148.343um).
[PSM-0039] Unconnected instance TAP_TAPCELL_ROW_36_1_781/VDD at location (147.835um, 156.183um).
[PSM-0039] Unconnected instance TAP_TAPCELL_ROW_38_1_789/VDD at location (147.835um, 164.023um).
[PSM-0039] Unconnected instance TAP_TAPCELL_ROW_40_1_797/VDD at location (147.835um, 171.863um).
[PSM-0039] Unconnected instance TAP_TAPCELL_ROW_42_1_805/VDD at location (147.835um, 179.702um).
[PSM-0039] Unconnected instance TAP_TAPCELL_ROW_44_1_813/VDD at location (147.835um, 187.542um).
[PSM-0039] Unconnected instance TAP_TAPCELL_ROW_46_1_821/VDD at location (147.835um, 195.382um).
[PSM-0039] Unconnected instance TAP_TAPCELL_ROW_48_1_829/VDD at location (147.835um, 203.222um).
[PSM-0039] Unconnected instance TAP_TAPCELL_ROW_50_1_837/VDD at location (147.835um, 211.062um).
[PSM-0039] Unconnected instance TAP_TAPCELL_ROW_52_1_845/VDD at location (147.835um, 218.903um).
[PSM-0039] Unconnected instance TAP_TAPCELL_ROW_54_1_853/VDD at location (147.835um, 226.743um).
[PSM-0039] Unconnected instance TAP_TAPCELL_ROW_56_1_861/VDD at location (147.835um, 234.583um).
[PSM-0039] Unconnected instance TAP_TAPCELL_ROW_58_1_869/VDD at location (147.835um, 242.423um).
[PSM-0039] Unconnected instance TAP_TAPCELL_ROW_60_1_877/VDD at location (147.835um, 250.262um).
[PSM-0039] Unconnected instance TAP_TAPCELL_ROW_62_1_885/VDD at location (147.835um, 258.103um).
[PSM-0039] Unconnected instance TAP_TAPCELL_ROW_64_1_893/VDD at location (147.835um, 265.942um).
[PSM-0039] Unconnected instance TAP_TAPCELL_ROW_66_1_901/VDD at location (147.835um, 273.783um).
[PSM-0039] Unconnected instance TAP_TAPCELL_ROW_68_1_909/VDD at location (147.835um, 281.623um).
[PSM-0039] Unconnected instance TAP_TAPCELL_ROW_70_1_917/VDD at location (147.835um, 289.462um).
[PSM-0039] Unconnected instance TAP_TAPCELL_ROW_72_1_925/VDD at location (147.835um, 297.303um).
[PSM-0039] Unconnected instance TAP_TAPCELL_ROW_74_1_933/VDD at location (147.835um, 305.142um).
[PSM-0039] Unconnected instance TAP_TAPCELL_ROW_76_1_941/VDD at location (147.835um, 312.983um).
[PSM-0039] Unconnected instance TAP_TAPCELL_ROW_78_1_949/VDD at location (147.835um, 320.822um).
[PSM-0039] Unconnected instance TAP_TAPCELL_ROW_80_1_957/VDD at location (147.835um, 328.663um).
[PSM-0039] Unconnected instance TAP_TAPCELL_ROW_82_1_965/VDD at location (147.835um, 336.502um).
[PSM-0039] Unconnected instance TAP_TAPCELL_ROW_84_1_973/VDD at location (147.835um, 344.342um).
[PSM-0039] Unconnected instance TAP_TAPCELL_ROW_86_1_981/VDD at location (147.835um, 352.183um).
[PSM-0039] Unconnected instance TAP_TAPCELL_ROW_88_1_989/VDD at location (147.835um, 360.022um).
[PSM-0039] Unconnected instance TAP_TAPCELL_ROW_90_1_997/VDD at location (147.835um, 367.863um).
[PSM-0039] Unconnected instance TAP_TAPCELL_ROW_92_1_1005/VDD at location (147.835um, 375.702um).
[PSM-0039] Unconnected instance TAP_TAPCELL_ROW_94_1_1013/VDD at location (147.835um, 383.543um).
[PSM-0039] Unconnected instance TAP_TAPCELL_ROW_96_1_1021/VDD at location (147.835um, 391.382um).
[PSM-0039] Unconnected instance TAP_TAPCELL_ROW_98_1_1029/VDD at location (147.835um, 399.223um).
[PSM-0039] Unconnected instance TAP_TAPCELL_ROW_100_1_1037/VDD at location (147.835um, 407.062um).
[PSM-0039] Unconnected instance TAP_TAPCELL_ROW_102_1_1045/VDD at location (147.835um, 414.902um).
[PSM-0039] Unconnected instance TAP_TAPCELL_ROW_104_1_1053/VDD at location (147.835um, 422.743um).
[PSM-0039] Unconnected instance TAP_TAPCELL_ROW_106_1_1061/VDD at location (147.835um, 430.582um).
[PSM-0039] Unconnected instance TAP_TAPCELL_ROW_108_1_1069/VDD at location (147.835um, 438.423um).
[PSM-0039] Unconnected instance TAP_TAPCELL_ROW_110_1_1077/VDD at location (147.835um, 446.262um).
[PSM-0039] Unconnected instance TAP_TAPCELL_ROW_112_1_1085/VDD at location (147.835um, 454.103um).
[PSM-0039] Unconnected instance TAP_TAPCELL_ROW_114_1_1093/VDD at location (147.835um, 461.942um).
[PSM-0039] Unconnected instance TAP_TAPCELL_ROW_116_1_1101/VDD at location (147.835um, 469.783um).
[PSM-0039] Unconnected instance TAP_TAPCELL_ROW_118_1_1109/VDD at location (147.835um, 477.623um).
[PSM-0039] Unconnected instance TAP_TAPCELL_ROW_120_1_1117/VDD at location (147.835um, 485.462um).
[PSM-0039] Unconnected instance TAP_TAPCELL_ROW_122_1_1125/VDD at location (147.835um, 493.303um).
[PSM-0039] Unconnected instance TAP_TAPCELL_ROW_124_1_1133/VDD at location (147.835um, 501.142um).
[PSM-0039] Unconnected instance TAP_TAPCELL_ROW_126_1_1141/VDD at location (147.835um, 508.983um).
[PSM-0039] Unconnected instance TAP_TAPCELL_ROW_128_1_1149/VDD at location (147.835um, 516.822um).
[PSM-0039] Unconnected instance TAP_TAPCELL_ROW_130_1_1157/VDD at location (147.835um, 524.663um).
[PSM-0039] Unconnected instance TAP_TAPCELL_ROW_132_1_1165/VDD at location (147.835um, 532.503um).
[PSM-0039] Unconnected instance TAP_TAPCELL_ROW_136_1241/VDD at location (147.835um, 548.183um).
[PSM-0039] Unconnected instance TAP_TAPCELL_ROW_138_1285/VDD at location (147.835um, 556.023um).
[PSM-0039] Unconnected instance TAP_TAPCELL_ROW_140_1329/VDD at location (147.835um, 563.862um).
[PSM-0039] Unconnected instance TAP_TAPCELL_ROW_142_1373/VDD at location (147.835um, 571.702um).
[PSM-0039] Unconnected instance TAP_TAPCELL_ROW_144_1417/VDD at location (147.835um, 579.543um).
[PSM-0039] Unconnected instance TAP_TAPCELL_ROW_146_1461/VDD at location (147.835um, 587.383um).
[PSM-0039] Unconnected instance TAP_TAPCELL_ROW_148_1505/VDD at location (147.835um, 595.222um).
[PSM-0039] Unconnected instance TAP_TAPCELL_ROW_150_1549/VDD at location (147.835um, 603.062um).
[PSM-0039] Unconnected instance TAP_TAPCELL_ROW_152_1593/VDD at location (147.835um, 610.903um).
[PSM-0039] Unconnected instance TAP_TAPCELL_ROW_154_1637/VDD at location (147.835um, 618.742um).
[PSM-0039] Unconnected instance TAP_TAPCELL_ROW_156_1681/VDD at location (147.835um, 626.582um).
[PSM-0039] Unconnected instance TAP_TAPCELL_ROW_158_1725/VDD at location (147.835um, 634.423um).
[PSM-0039] Unconnected instance TAP_TAPCELL_ROW_160_1769/VDD at location (147.835um, 642.263um).
[PSM-0039] Unconnected instance TAP_TAPCELL_ROW_162_1813/VDD at location (147.835um, 650.102um).
[PSM-0039] Unconnected instance TAP_TAPCELL_ROW_164_1857/VDD at location (147.835um, 657.942um).
[PSM-0039] Unconnected instance TAP_TAPCELL_ROW_166_1901/VDD at location (147.835um, 665.783um).
[PSM-0039] Unconnected instance TAP_TAPCELL_ROW_168_1945/VDD at location (147.835um, 673.622um).
[PSM-0039] Unconnected instance TAP_TAPCELL_ROW_170_1989/VDD at location (147.835um, 681.462um).
[PSM-0039] Unconnected instance TAP_TAPCELL_ROW_172_2033/VDD at location (147.835um, 689.303um).
[PSM-0039] Unconnected instance TAP_TAPCELL_ROW_174_2077/VDD at location (147.835um, 697.143um).
[PSM-0039] Unconnected instance TAP_TAPCELL_ROW_176_2121/VDD at location (147.835um, 704.982um).
[PSM-0039] Unconnected instance TAP_TAPCELL_ROW_178_2165/VDD at location (147.835um, 712.822um).
[PSM-0039] Unconnected instance TAP_TAPCELL_ROW_180_2209/VDD at location (147.835um, 720.663um).
[PSM-0039] Unconnected instance TAP_TAPCELL_ROW_182_2253/VDD at location (147.835um, 728.503um).
[PSM-0039] Unconnected instance TAP_TAPCELL_ROW_0_1_2347/VDD at location (162.955um, 15.062um).
[PSM-0039] Unconnected instance TAP_TAPCELL_ROW_134_1177/VDD at location (162.955um, 540.342um).
[PSM-0039] Unconnected instance TAP_TAPCELL_ROW_184_2301/VDD at location (162.955um, 736.342um).
[PSM-0039] Unconnected instance TAP_TAPCELL_ROW_1_1_641/VDD at location (167.435um, 16.297um).
[PSM-0039] Unconnected instance TAP_TAPCELL_ROW_3_1_649/VDD at location (167.435um, 24.137um).
[PSM-0039] Unconnected instance TAP_TAPCELL_ROW_5_1_657/VDD at location (167.435um, 31.977um).
[PSM-0039] Unconnected instance TAP_TAPCELL_ROW_7_1_665/VDD at location (167.435um, 39.818um).
[PSM-0039] Unconnected instance TAP_TAPCELL_ROW_9_1_673/VDD at location (167.435um, 47.657um).
[PSM-0039] Unconnected instance TAP_TAPCELL_ROW_11_1_681/VDD at location (167.435um, 55.498um).
[PSM-0039] Unconnected instance TAP_TAPCELL_ROW_13_1_689/VDD at location (167.435um, 63.337um).
[PSM-0039] Unconnected instance TAP_TAPCELL_ROW_15_1_697/VDD at location (167.435um, 71.177um).
[PSM-0039] Unconnected instance TAP_TAPCELL_ROW_17_1_705/VDD at location (167.435um, 79.017um).
[PSM-0039] Unconnected instance TAP_TAPCELL_ROW_19_1_713/VDD at location (167.435um, 86.858um).
[PSM-0039] Unconnected instance TAP_TAPCELL_ROW_21_1_721/VDD at location (167.435um, 94.698um).
[PSM-0039] Unconnected instance TAP_TAPCELL_ROW_23_1_729/VDD at location (167.435um, 102.537um).
[PSM-0039] Unconnected instance TAP_TAPCELL_ROW_25_1_737/VDD at location (167.435um, 110.377um).
[PSM-0039] Unconnected instance TAP_TAPCELL_ROW_27_1_745/VDD at location (167.435um, 118.218um).
[PSM-0039] Unconnected instance TAP_TAPCELL_ROW_29_1_753/VDD at location (167.435um, 126.058um).
[PSM-0039] Unconnected instance TAP_TAPCELL_ROW_31_1_761/VDD at location (167.435um, 133.898um).
[PSM-0039] Unconnected instance TAP_TAPCELL_ROW_33_1_769/VDD at location (167.435um, 141.738um).
[PSM-0039] Unconnected instance TAP_TAPCELL_ROW_35_1_777/VDD at location (167.435um, 149.577um).
[PSM-0039] Unconnected instance TAP_TAPCELL_ROW_37_1_785/VDD at location (167.435um, 157.417um).
[PSM-0039] Unconnected instance TAP_TAPCELL_ROW_39_1_793/VDD at location (167.435um, 165.257um).
[PSM-0039] Unconnected instance TAP_TAPCELL_ROW_41_1_801/VDD at location (167.435um, 173.097um).
[PSM-0039] Unconnected instance TAP_TAPCELL_ROW_43_1_809/VDD at location (167.435um, 180.938um).
[PSM-0039] Unconnected instance TAP_TAPCELL_ROW_45_1_817/VDD at location (167.435um, 188.778um).
[PSM-0039] Unconnected instance TAP_TAPCELL_ROW_47_1_825/VDD at location (167.435um, 196.618um).
[PSM-0039] Unconnected instance TAP_TAPCELL_ROW_49_1_833/VDD at location (167.435um, 204.458um).
[PSM-0039] Unconnected instance TAP_TAPCELL_ROW_51_1_841/VDD at location (167.435um, 212.298um).
[PSM-0039] Unconnected instance TAP_TAPCELL_ROW_53_1_849/VDD at location (167.435um, 220.137um).
[PSM-0039] Unconnected instance TAP_TAPCELL_ROW_55_1_857/VDD at location (167.435um, 227.977um).
[PSM-0039] Unconnected instance TAP_TAPCELL_ROW_57_1_865/VDD at location (167.435um, 235.817um).
[PSM-0039] Unconnected instance TAP_TAPCELL_ROW_59_1_873/VDD at location (167.435um, 243.657um).
[PSM-0039] Unconnected instance TAP_TAPCELL_ROW_61_1_881/VDD at location (167.435um, 251.498um).
[PSM-0039] Unconnected instance TAP_TAPCELL_ROW_63_1_889/VDD at location (167.435um, 259.337um).
[PSM-0039] Unconnected instance TAP_TAPCELL_ROW_65_1_897/VDD at location (167.435um, 267.178um).
[PSM-0039] Unconnected instance TAP_TAPCELL_ROW_67_1_905/VDD at location (167.435um, 275.017um).
[PSM-0039] Unconnected instance TAP_TAPCELL_ROW_69_1_913/VDD at location (167.435um, 282.858um).
[PSM-0039] Unconnected instance TAP_TAPCELL_ROW_71_1_921/VDD at location (167.435um, 290.697um).
[PSM-0039] Unconnected instance TAP_TAPCELL_ROW_73_1_929/VDD at location (167.435um, 298.538um).
[PSM-0039] Unconnected instance TAP_TAPCELL_ROW_75_1_937/VDD at location (167.435um, 306.377um).
[PSM-0039] Unconnected instance TAP_TAPCELL_ROW_77_1_945/VDD at location (167.435um, 314.217um).
[PSM-0039] Unconnected instance TAP_TAPCELL_ROW_79_1_953/VDD at location (167.435um, 322.058um).
[PSM-0039] Unconnected instance TAP_TAPCELL_ROW_81_1_961/VDD at location (167.435um, 329.897um).
[PSM-0039] Unconnected instance TAP_TAPCELL_ROW_83_1_969/VDD at location (167.435um, 337.738um).
[PSM-0039] Unconnected instance TAP_TAPCELL_ROW_85_1_977/VDD at location (167.435um, 345.577um).
[PSM-0039] Unconnected instance TAP_TAPCELL_ROW_87_1_985/VDD at location (167.435um, 353.418um).
[PSM-0039] Unconnected instance TAP_TAPCELL_ROW_89_1_993/VDD at location (167.435um, 361.257um).
[PSM-0039] Unconnected instance TAP_TAPCELL_ROW_91_1_1001/VDD at location (167.435um, 369.098um).
[PSM-0039] Unconnected instance TAP_TAPCELL_ROW_93_1_1009/VDD at location (167.435um, 376.938um).
[PSM-0039] Unconnected instance TAP_TAPCELL_ROW_95_1_1017/VDD at location (167.435um, 384.777um).
[PSM-0039] Unconnected instance TAP_TAPCELL_ROW_97_1_1025/VDD at location (167.435um, 392.618um).
[PSM-0039] Unconnected instance TAP_TAPCELL_ROW_99_1_1033/VDD at location (167.435um, 400.457um).
[PSM-0039] Unconnected instance TAP_TAPCELL_ROW_101_1_1041/VDD at location (167.435um, 408.298um).
[PSM-0039] Unconnected instance TAP_TAPCELL_ROW_103_1_1049/VDD at location (167.435um, 416.137um).
[PSM-0039] Unconnected instance TAP_TAPCELL_ROW_105_1_1057/VDD at location (167.435um, 423.978um).
[PSM-0039] Unconnected instance TAP_TAPCELL_ROW_107_1_1065/VDD at location (167.435um, 431.817um).
[PSM-0039] Unconnected instance TAP_TAPCELL_ROW_109_1_1073/VDD at location (167.435um, 439.658um).
[PSM-0039] Unconnected instance TAP_TAPCELL_ROW_111_1_1081/VDD at location (167.435um, 447.498um).
[PSM-0039] Unconnected instance TAP_TAPCELL_ROW_113_1_1089/VDD at location (167.435um, 455.337um).
[PSM-0039] Unconnected instance TAP_TAPCELL_ROW_115_1_1097/VDD at location (167.435um, 463.178um).
[PSM-0039] Unconnected instance TAP_TAPCELL_ROW_117_1_1105/VDD at location (167.435um, 471.017um).
[PSM-0039] Unconnected instance TAP_TAPCELL_ROW_119_1_1113/VDD at location (167.435um, 478.858um).
[PSM-0039] Unconnected instance TAP_TAPCELL_ROW_121_1_1121/VDD at location (167.435um, 486.697um).
[PSM-0039] Unconnected instance TAP_TAPCELL_ROW_123_1_1129/VDD at location (167.435um, 494.538um).
[PSM-0039] Unconnected instance TAP_TAPCELL_ROW_125_1_1137/VDD at location (167.435um, 502.377um).
[PSM-0039] Unconnected instance TAP_TAPCELL_ROW_127_1_1145/VDD at location (167.435um, 510.217um).
[PSM-0039] Unconnected instance TAP_TAPCELL_ROW_129_1_1153/VDD at location (167.435um, 518.058um).
[PSM-0039] Unconnected instance TAP_TAPCELL_ROW_131_1_1161/VDD at location (167.435um, 525.898um).
[PSM-0039] Unconnected instance TAP_TAPCELL_ROW_133_1_1169/VDD at location (167.435um, 533.737um).
[PSM-0039] Unconnected instance TAP_TAPCELL_ROW_135_1219/VDD at location (167.435um, 541.577um).
[PSM-0039] Unconnected instance TAP_TAPCELL_ROW_137_1263/VDD at location (167.435um, 549.418um).
[PSM-0039] Unconnected instance TAP_TAPCELL_ROW_139_1307/VDD at location (167.435um, 557.258um).
[PSM-0039] Unconnected instance TAP_TAPCELL_ROW_141_1351/VDD at location (167.435um, 565.097um).
[PSM-0039] Unconnected instance TAP_TAPCELL_ROW_143_1395/VDD at location (167.435um, 572.938um).
[PSM-0039] Unconnected instance TAP_TAPCELL_ROW_145_1439/VDD at location (167.435um, 580.778um).
[PSM-0039] Unconnected instance TAP_TAPCELL_ROW_147_1483/VDD at location (167.435um, 588.617um).
[PSM-0039] Unconnected instance TAP_TAPCELL_ROW_149_1527/VDD at location (167.435um, 596.457um).
[PSM-0039] Unconnected instance TAP_TAPCELL_ROW_151_1571/VDD at location (167.435um, 604.298um).
[PSM-0039] Unconnected instance TAP_TAPCELL_ROW_153_1615/VDD at location (167.435um, 612.138um).
[PSM-0039] Unconnected instance TAP_TAPCELL_ROW_155_1659/VDD at location (167.435um, 619.977um).
[PSM-0039] Unconnected instance TAP_TAPCELL_ROW_157_1703/VDD at location (167.435um, 627.817um).
[PSM-0039] Unconnected instance TAP_TAPCELL_ROW_159_1747/VDD at location (167.435um, 635.658um).
[PSM-0039] Unconnected instance TAP_TAPCELL_ROW_161_1791/VDD at location (167.435um, 643.497um).
[PSM-0039] Unconnected instance TAP_TAPCELL_ROW_163_1835/VDD at location (167.435um, 651.337um).
[PSM-0039] Unconnected instance TAP_TAPCELL_ROW_165_1879/VDD at location (167.435um, 659.178um).
[PSM-0039] Unconnected instance TAP_TAPCELL_ROW_167_1923/VDD at location (167.435um, 667.018um).
[PSM-0039] Unconnected instance TAP_TAPCELL_ROW_169_1967/VDD at location (167.435um, 674.857um).
[PSM-0039] Unconnected instance TAP_TAPCELL_ROW_171_2011/VDD at location (167.435um, 682.697um).
[PSM-0039] Unconnected instance TAP_TAPCELL_ROW_173_2055/VDD at location (167.435um, 690.538um).
[PSM-0039] Unconnected instance TAP_TAPCELL_ROW_175_2099/VDD at location (167.435um, 698.378um).
[PSM-0039] Unconnected instance TAP_TAPCELL_ROW_177_2143/VDD at location (167.435um, 706.217um).
[PSM-0039] Unconnected instance TAP_TAPCELL_ROW_179_2187/VDD at location (167.435um, 714.058um).
[PSM-0039] Unconnected instance TAP_TAPCELL_ROW_181_2231/VDD at location (167.435um, 721.898um).
[PSM-0039] Unconnected instance TAP_TAPCELL_ROW_183_2275/VDD at location (167.435um, 729.737um).
[PSM-0039] Unconnected instance PHY_EDGE_ROW_0_1_Right_133/VDD at location (179.205um, 15.062um).
[PSM-0039] Unconnected instance PHY_EDGE_ROW_1_1_Right_0/VDD at location (179.205um, 16.297um).
[PSM-0039] Unconnected instance PHY_EDGE_ROW_2_1_Right_1/VDD at location (179.205um, 22.902um).
[PSM-0039] Unconnected instance PHY_EDGE_ROW_3_1_Right_2/VDD at location (179.205um, 24.137um).
[PSM-0039] Unconnected instance PHY_EDGE_ROW_4_1_Right_3/VDD at location (179.205um, 30.742um).
[PSM-0039] Unconnected instance PHY_EDGE_ROW_5_1_Right_4/VDD at location (179.205um, 31.977um).
[PSM-0039] Unconnected instance PHY_EDGE_ROW_6_1_Right_5/VDD at location (179.205um, 38.583um).
[PSM-0039] Unconnected instance PHY_EDGE_ROW_7_1_Right_6/VDD at location (179.205um, 39.818um).
[PSM-0039] Unconnected instance PHY_EDGE_ROW_8_1_Right_7/VDD at location (179.205um, 46.422um).
[PSM-0039] Unconnected instance PHY_EDGE_ROW_9_1_Right_8/VDD at location (179.205um, 47.657um).
[PSM-0039] Unconnected instance PHY_EDGE_ROW_10_1_Right_9/VDD at location (179.205um, 54.263um).
[PSM-0039] Unconnected instance PHY_EDGE_ROW_11_1_Right_10/VDD at location (179.205um, 55.498um).
[PSM-0039] Unconnected instance PHY_EDGE_ROW_12_1_Right_11/VDD at location (179.205um, 62.102um).
[PSM-0039] Unconnected instance PHY_EDGE_ROW_13_1_Right_12/VDD at location (179.205um, 63.337um).
[PSM-0039] Unconnected instance PHY_EDGE_ROW_14_1_Right_13/VDD at location (179.205um, 69.942um).
[PSM-0039] Unconnected instance PHY_EDGE_ROW_15_1_Right_14/VDD at location (179.205um, 71.177um).
[PSM-0039] Unconnected instance PHY_EDGE_ROW_16_1_Right_15/VDD at location (179.205um, 77.782um).
[PSM-0039] Unconnected instance PHY_EDGE_ROW_17_1_Right_16/VDD at location (179.205um, 79.017um).
[PSM-0039] Unconnected instance PHY_EDGE_ROW_18_1_Right_17/VDD at location (179.205um, 85.623um).
[PSM-0039] Unconnected instance PHY_EDGE_ROW_19_1_Right_18/VDD at location (179.205um, 86.858um).
[PSM-0039] Unconnected instance PHY_EDGE_ROW_20_1_Right_19/VDD at location (179.205um, 93.463um).
[PSM-0039] Unconnected instance PHY_EDGE_ROW_21_1_Right_20/VDD at location (179.205um, 94.698um).
[PSM-0039] Unconnected instance PHY_EDGE_ROW_22_1_Right_21/VDD at location (179.205um, 101.302um).
[PSM-0039] Unconnected instance PHY_EDGE_ROW_23_1_Right_22/VDD at location (179.205um, 102.537um).
[PSM-0039] Unconnected instance PHY_EDGE_ROW_24_1_Right_23/VDD at location (179.205um, 109.142um).
[PSM-0039] Unconnected instance PHY_EDGE_ROW_25_1_Right_24/VDD at location (179.205um, 110.377um).
[PSM-0039] Unconnected instance PHY_EDGE_ROW_26_1_Right_25/VDD at location (179.205um, 116.983um).
[PSM-0039] Unconnected instance PHY_EDGE_ROW_27_1_Right_26/VDD at location (179.205um, 118.218um).
[PSM-0039] Unconnected instance PHY_EDGE_ROW_28_1_Right_27/VDD at location (179.205um, 124.823um).
[PSM-0039] Unconnected instance PHY_EDGE_ROW_29_1_Right_28/VDD at location (179.205um, 126.058um).
[PSM-0039] Unconnected instance PHY_EDGE_ROW_30_1_Right_29/VDD at location (179.205um, 132.662um).
[PSM-0039] Unconnected instance PHY_EDGE_ROW_31_1_Right_30/VDD at location (179.205um, 133.898um).
[PSM-0039] Unconnected instance PHY_EDGE_ROW_32_1_Right_31/VDD at location (179.205um, 140.502um).
[PSM-0039] Unconnected instance PHY_EDGE_ROW_33_1_Right_32/VDD at location (179.205um, 141.738um).
[PSM-0039] Unconnected instance PHY_EDGE_ROW_34_1_Right_33/VDD at location (179.205um, 148.343um).
[PSM-0039] Unconnected instance PHY_EDGE_ROW_35_1_Right_34/VDD at location (179.205um, 149.577um).
[PSM-0039] Unconnected instance PHY_EDGE_ROW_36_1_Right_35/VDD at location (179.205um, 156.183um).
[PSM-0039] Unconnected instance PHY_EDGE_ROW_37_1_Right_36/VDD at location (179.205um, 157.417um).
[PSM-0039] Unconnected instance PHY_EDGE_ROW_38_1_Right_37/VDD at location (179.205um, 164.023um).
[PSM-0039] Unconnected instance PHY_EDGE_ROW_39_1_Right_38/VDD at location (179.205um, 165.257um).
[PSM-0039] Unconnected instance PHY_EDGE_ROW_40_1_Right_39/VDD at location (179.205um, 171.863um).
[PSM-0039] Unconnected instance PHY_EDGE_ROW_41_1_Right_40/VDD at location (179.205um, 173.097um).
[PSM-0039] Unconnected instance PHY_EDGE_ROW_42_1_Right_41/VDD at location (179.205um, 179.702um).
[PSM-0039] Unconnected instance PHY_EDGE_ROW_43_1_Right_42/VDD at location (179.205um, 180.938um).
[PSM-0039] Unconnected instance PHY_EDGE_ROW_44_1_Right_43/VDD at location (179.205um, 187.542um).
[PSM-0039] Unconnected instance PHY_EDGE_ROW_45_1_Right_44/VDD at location (179.205um, 188.778um).
[PSM-0039] Unconnected instance PHY_EDGE_ROW_46_1_Right_45/VDD at location (179.205um, 195.382um).
[PSM-0039] Unconnected instance PHY_EDGE_ROW_47_1_Right_46/VDD at location (179.205um, 196.618um).
[PSM-0039] Unconnected instance PHY_EDGE_ROW_48_1_Right_47/VDD at location (179.205um, 203.222um).
[PSM-0039] Unconnected instance PHY_EDGE_ROW_49_1_Right_48/VDD at location (179.205um, 204.458um).
[PSM-0039] Unconnected instance PHY_EDGE_ROW_50_1_Right_49/VDD at location (179.205um, 211.062um).
[PSM-0039] Unconnected instance PHY_EDGE_ROW_51_1_Right_50/VDD at location (179.205um, 212.298um).
[PSM-0039] Unconnected instance PHY_EDGE_ROW_52_1_Right_51/VDD at location (179.205um, 218.903um).
[PSM-0039] Unconnected instance PHY_EDGE_ROW_53_1_Right_52/VDD at location (179.205um, 220.137um).
[PSM-0039] Unconnected instance PHY_EDGE_ROW_54_1_Right_53/VDD at location (179.205um, 226.743um).
[PSM-0039] Unconnected instance PHY_EDGE_ROW_55_1_Right_54/VDD at location (179.205um, 227.977um).
[PSM-0039] Unconnected instance PHY_EDGE_ROW_56_1_Right_55/VDD at location (179.205um, 234.583um).
[PSM-0039] Unconnected instance PHY_EDGE_ROW_57_1_Right_56/VDD at location (179.205um, 235.817um).
[PSM-0039] Unconnected instance PHY_EDGE_ROW_58_1_Right_57/VDD at location (179.205um, 242.423um).
[PSM-0039] Unconnected instance PHY_EDGE_ROW_59_1_Right_58/VDD at location (179.205um, 243.657um).
[PSM-0039] Unconnected instance PHY_EDGE_ROW_60_1_Right_59/VDD at location (179.205um, 250.262um).
[PSM-0039] Unconnected instance PHY_EDGE_ROW_61_1_Right_60/VDD at location (179.205um, 251.498um).
[PSM-0039] Unconnected instance PHY_EDGE_ROW_62_1_Right_61/VDD at location (179.205um, 258.103um).
[PSM-0039] message limit (1000) reached. This message will no longer print.
Grid check for VDD failed: PSM-0069
Grid check for VSS failed: PSM-0069
[ORD-2001] LEF macro gf180mcu_ef_io__bi_t pin ANA missing from liberty cell.
[ORD-2001] LEF macro gf180mcu_ef_io__bi_t pin ANA missing from liberty cell.
[ORD-2001] LEF macro gf180mcu_ef_io__bi_t pin ANA missing from liberty cell.
[ORD-2001] LEF macro gf180mcu_ef_io__bi_t pin ANA missing from liberty cell.
[STA-1140] /home/etcfranc/NoCNoC/gf180mcu/gf180mcuD/libs.ref/gf180mcu_as_sc_mcu7t3v3/lib/gf180mcu_as_sc_mcu7t3v3__tt_025C_3v30.lib line 1, library gf180mcu_as_sc_mcu7t3v3__tt_025C_3v30 already exists.
[STA-1140] /home/etcfranc/NoCNoC/gf180mcu/gf180mcuD/libs.ref/gf180mcu_fd_io/lib/gf180mcu_fd_io__tt_025C_3v30.lib line 17, library gf180mcu_fd_io__tt_025C_3v30 already exists.
[STA-1140] /home/etcfranc/NoCNoC/gf180mcu/gf180mcuD/libs.ref/gf180mcu_fd_io/lib/gf180mcu_ws_io__tt_025C_5v00.lib line 17, library gf180mcu_ws_io__tt_025C_5v00 already exists.
[STA-1140] /home/etcfranc/NoCNoC/libs/gf180mcu_ocd_ip_sram/cells/gf180mcu_ocd_ip_sram__sram1024x8m8wm1/gf180mcu_ocd_ip_sram__sram1024x8m8wm1__tt_025C_3v30.lib line 34, library gf180mcu_ocd_ip_sram__sram1024x8m8wm1__tt_025C_3v30 already exists.
[STA-1140] /home/etcfranc/NoCNoC/gf180mcu/gf180mcuD/libs.ref/gf180mcu_as_sc_mcu7t3v3/lib/gf180mcu_as_sc_mcu7t3v3__ff_n40C_3v60.lib line 1, library gf180mcu_as_sc_mcu7t3v3__ff_n40C_3v60 already exists.
[STA-1140] /home/etcfranc/NoCNoC/gf180mcu/gf180mcuD/libs.ref/gf180mcu_fd_io/lib/gf180mcu_fd_io__ff_n40C_3v63.lib line 17, library gf180mcu_fd_io__ff_n40C_3v63 already exists.
[STA-1140] /home/etcfranc/NoCNoC/gf180mcu/gf180mcuD/libs.ref/gf180mcu_fd_io/lib/gf180mcu_ws_io__ff_n40C_5v50.lib line 17, library gf180mcu_ws_io__ff_n40C_5v50 already exists.
[STA-1140] /home/etcfranc/NoCNoC/libs/gf180mcu_ocd_ip_sram/cells/gf180mcu_ocd_ip_sram__sram1024x8m8wm1/gf180mcu_ocd_ip_sram__sram1024x8m8wm1__ff_n40C_3v60.lib line 34, library gf180mcu_ocd_ip_sram__sram1024x8m8wm1__ff_n40C_3v60 already exists.
[STA-1140] /home/etcfranc/NoCNoC/gf180mcu/gf180mcuD/libs.ref/gf180mcu_as_sc_mcu7t3v3/lib/gf180mcu_as_sc_mcu7t3v3__ff_n40C_3v60.lib line 1, library gf180mcu_as_sc_mcu7t3v3__ff_n40C_3v60 already exists.
[STA-1140] /home/etcfranc/NoCNoC/gf180mcu/gf180mcuD/libs.ref/gf180mcu_fd_io/lib/gf180mcu_fd_io__ff_n40C_3v63.lib line 17, library gf180mcu_fd_io__ff_n40C_3v63 already exists.
[STA-1140] /home/etcfranc/NoCNoC/gf180mcu/gf180mcuD/libs.ref/gf180mcu_fd_io/lib/gf180mcu_ws_io__ff_n40C_5v50.lib line 17, library gf180mcu_ws_io__ff_n40C_5v50 already exists.
[STA-1140] /home/etcfranc/NoCNoC/libs/gf180mcu_ocd_ip_sram/cells/gf180mcu_ocd_ip_sram__sram1024x8m8wm1/gf180mcu_ocd_ip_sram__sram1024x8m8wm1__ff_n40C_3v60.lib line 34, library gf180mcu_ocd_ip_sram__sram1024x8m8wm1__ff_n40C_3v60 already exists.
[STA-1140] /home/etcfranc/NoCNoC/gf180mcu/gf180mcuD/libs.ref/gf180mcu_as_sc_mcu7t3v3/lib/gf180mcu_as_sc_mcu7t3v3__tt_025C_3v30.lib line 1, library gf180mcu_as_sc_mcu7t3v3__tt_025C_3v30 already exists.
[STA-1140] /home/etcfranc/NoCNoC/gf180mcu/gf180mcuD/libs.ref/gf180mcu_fd_io/lib/gf180mcu_fd_io__tt_025C_3v30.lib line 17, library gf180mcu_fd_io__tt_025C_3v30 already exists.
[STA-1140] /home/etcfranc/NoCNoC/gf180mcu/gf180mcuD/libs.ref/gf180mcu_fd_io/lib/gf180mcu_ws_io__tt_025C_5v00.lib line 17, library gf180mcu_ws_io__tt_025C_5v00 already exists.
[STA-1140] /home/etcfranc/NoCNoC/libs/gf180mcu_ocd_ip_sram/cells/gf180mcu_ocd_ip_sram__sram1024x8m8wm1/gf180mcu_ocd_ip_sram__sram1024x8m8wm1__tt_025C_3v30.lib line 34, library gf180mcu_ocd_ip_sram__sram1024x8m8wm1__tt_025C_3v30 already exists.
[ORD-2001] LEF macro gf180mcu_ef_io__bi_t pin ANA missing from liberty cell.
[RSZ-0020] found 2 floating nets.
[ORD-2001] LEF macro gf180mcu_ef_io__bi_t pin ANA missing from liberty cell.
[STA-1140] /home/etcfranc/NoCNoC/gf180mcu/gf180mcuD/libs.ref/gf180mcu_as_sc_mcu7t3v3/lib/gf180mcu_as_sc_mcu7t3v3__tt_025C_3v30.lib line 1, library gf180mcu_as_sc_mcu7t3v3__tt_025C_3v30 already exists.
[STA-1140] /home/etcfranc/NoCNoC/gf180mcu/gf180mcuD/libs.ref/gf180mcu_fd_io/lib/gf180mcu_fd_io__tt_025C_3v30.lib line 17, library gf180mcu_fd_io__tt_025C_3v30 already exists.
[STA-1140] /home/etcfranc/NoCNoC/gf180mcu/gf180mcuD/libs.ref/gf180mcu_fd_io/lib/gf180mcu_ws_io__tt_025C_5v00.lib line 17, library gf180mcu_ws_io__tt_025C_5v00 already exists.
[STA-1140] /home/etcfranc/NoCNoC/libs/gf180mcu_ocd_ip_sram/cells/gf180mcu_ocd_ip_sram__sram1024x8m8wm1/gf180mcu_ocd_ip_sram__sram1024x8m8wm1__tt_025C_3v30.lib line 34, library gf180mcu_ocd_ip_sram__sram1024x8m8wm1__tt_025C_3v30 already exists.
[STA-1140] /home/etcfranc/NoCNoC/gf180mcu/gf180mcuD/libs.ref/gf180mcu_as_sc_mcu7t3v3/lib/gf180mcu_as_sc_mcu7t3v3__ff_n40C_3v60.lib line 1, library gf180mcu_as_sc_mcu7t3v3__ff_n40C_3v60 already exists.
[STA-1140] /home/etcfranc/NoCNoC/gf180mcu/gf180mcuD/libs.ref/gf180mcu_fd_io/lib/gf180mcu_fd_io__ff_n40C_3v63.lib line 17, library gf180mcu_fd_io__ff_n40C_3v63 already exists.
[STA-1140] /home/etcfranc/NoCNoC/gf180mcu/gf180mcuD/libs.ref/gf180mcu_fd_io/lib/gf180mcu_ws_io__ff_n40C_5v50.lib line 17, library gf180mcu_ws_io__ff_n40C_5v50 already exists.
[STA-1140] /home/etcfranc/NoCNoC/libs/gf180mcu_ocd_ip_sram/cells/gf180mcu_ocd_ip_sram__sram1024x8m8wm1/gf180mcu_ocd_ip_sram__sram1024x8m8wm1__ff_n40C_3v60.lib line 34, library gf180mcu_ocd_ip_sram__sram1024x8m8wm1__ff_n40C_3v60 already exists.
[STA-1140] /home/etcfranc/NoCNoC/gf180mcu/gf180mcuD/libs.ref/gf180mcu_as_sc_mcu7t3v3/lib/gf180mcu_as_sc_mcu7t3v3__ff_n40C_3v60.lib line 1, library gf180mcu_as_sc_mcu7t3v3__ff_n40C_3v60 already exists.
[STA-1140] /home/etcfranc/NoCNoC/gf180mcu/gf180mcuD/libs.ref/gf180mcu_fd_io/lib/gf180mcu_fd_io__ff_n40C_3v63.lib line 17, library gf180mcu_fd_io__ff_n40C_3v63 already exists.
[STA-1140] /home/etcfranc/NoCNoC/gf180mcu/gf180mcuD/libs.ref/gf180mcu_fd_io/lib/gf180mcu_ws_io__ff_n40C_5v50.lib line 17, library gf180mcu_ws_io__ff_n40C_5v50 already exists.
[STA-1140] /home/etcfranc/NoCNoC/libs/gf180mcu_ocd_ip_sram/cells/gf180mcu_ocd_ip_sram__sram1024x8m8wm1/gf180mcu_ocd_ip_sram__sram1024x8m8wm1__ff_n40C_3v60.lib line 34, library gf180mcu_ocd_ip_sram__sram1024x8m8wm1__ff_n40C_3v60 already exists.
[STA-1140] /home/etcfranc/NoCNoC/gf180mcu/gf180mcuD/libs.ref/gf180mcu_as_sc_mcu7t3v3/lib/gf180mcu_as_sc_mcu7t3v3__tt_025C_3v30.lib line 1, library gf180mcu_as_sc_mcu7t3v3__tt_025C_3v30 already exists.
[STA-1140] /home/etcfranc/NoCNoC/gf180mcu/gf180mcuD/libs.ref/gf180mcu_fd_io/lib/gf180mcu_fd_io__tt_025C_3v30.lib line 17, library gf180mcu_fd_io__tt_025C_3v30 already exists.
[STA-1140] /home/etcfranc/NoCNoC/gf180mcu/gf180mcuD/libs.ref/gf180mcu_fd_io/lib/gf180mcu_ws_io__tt_025C_5v00.lib line 17, library gf180mcu_ws_io__tt_025C_5v00 already exists.
[STA-1140] /home/etcfranc/NoCNoC/libs/gf180mcu_ocd_ip_sram/cells/gf180mcu_ocd_ip_sram__sram1024x8m8wm1/gf180mcu_ocd_ip_sram__sram1024x8m8wm1__tt_025C_3v30.lib line 34, library gf180mcu_ocd_ip_sram__sram1024x8m8wm1__tt_025C_3v30 already exists.
[ORD-2001] LEF macro gf180mcu_ef_io__bi_t pin ANA missing from liberty cell.
[ORD-2001] LEF macro gf180mcu_ef_io__bi_t pin ANA missing from liberty cell.
[STA-1140] /home/etcfranc/NoCNoC/gf180mcu/gf180mcuD/libs.ref/gf180mcu_as_sc_mcu7t3v3/lib/gf180mcu_as_sc_mcu7t3v3__tt_025C_3v30.lib line 1, library gf180mcu_as_sc_mcu7t3v3__tt_025C_3v30 already exists.
[STA-1140] /home/etcfranc/NoCNoC/gf180mcu/gf180mcuD/libs.ref/gf180mcu_fd_io/lib/gf180mcu_fd_io__tt_025C_3v30.lib line 17, library gf180mcu_fd_io__tt_025C_3v30 already exists.
[STA-1140] /home/etcfranc/NoCNoC/gf180mcu/gf180mcuD/libs.ref/gf180mcu_fd_io/lib/gf180mcu_ws_io__tt_025C_5v00.lib line 17, library gf180mcu_ws_io__tt_025C_5v00 already exists.
[STA-1140] /home/etcfranc/NoCNoC/libs/gf180mcu_ocd_ip_sram/cells/gf180mcu_ocd_ip_sram__sram1024x8m8wm1/gf180mcu_ocd_ip_sram__sram1024x8m8wm1__tt_025C_3v30.lib line 34, library gf180mcu_ocd_ip_sram__sram1024x8m8wm1__tt_025C_3v30 already exists.
[STA-1140] /home/etcfranc/NoCNoC/gf180mcu/gf180mcuD/libs.ref/gf180mcu_as_sc_mcu7t3v3/lib/gf180mcu_as_sc_mcu7t3v3__ff_n40C_3v60.lib line 1, library gf180mcu_as_sc_mcu7t3v3__ff_n40C_3v60 already exists.
[STA-1140] /home/etcfranc/NoCNoC/gf180mcu/gf180mcuD/libs.ref/gf180mcu_fd_io/lib/gf180mcu_fd_io__ff_n40C_3v63.lib line 17, library gf180mcu_fd_io__ff_n40C_3v63 already exists.
[STA-1140] /home/etcfranc/NoCNoC/gf180mcu/gf180mcuD/libs.ref/gf180mcu_fd_io/lib/gf180mcu_ws_io__ff_n40C_5v50.lib line 17, library gf180mcu_ws_io__ff_n40C_5v50 already exists.
[STA-1140] /home/etcfranc/NoCNoC/libs/gf180mcu_ocd_ip_sram/cells/gf180mcu_ocd_ip_sram__sram1024x8m8wm1/gf180mcu_ocd_ip_sram__sram1024x8m8wm1__ff_n40C_3v60.lib line 34, library gf180mcu_ocd_ip_sram__sram1024x8m8wm1__ff_n40C_3v60 already exists.
[STA-1140] /home/etcfranc/NoCNoC/gf180mcu/gf180mcuD/libs.ref/gf180mcu_as_sc_mcu7t3v3/lib/gf180mcu_as_sc_mcu7t3v3__ff_n40C_3v60.lib line 1, library gf180mcu_as_sc_mcu7t3v3__ff_n40C_3v60 already exists.
[STA-1140] /home/etcfranc/NoCNoC/gf180mcu/gf180mcuD/libs.ref/gf180mcu_fd_io/lib/gf180mcu_fd_io__ff_n40C_3v63.lib line 17, library gf180mcu_fd_io__ff_n40C_3v63 already exists.
[STA-1140] /home/etcfranc/NoCNoC/gf180mcu/gf180mcuD/libs.ref/gf180mcu_fd_io/lib/gf180mcu_ws_io__ff_n40C_5v50.lib line 17, library gf180mcu_ws_io__ff_n40C_5v50 already exists.
[STA-1140] /home/etcfranc/NoCNoC/libs/gf180mcu_ocd_ip_sram/cells/gf180mcu_ocd_ip_sram__sram1024x8m8wm1/gf180mcu_ocd_ip_sram__sram1024x8m8wm1__ff_n40C_3v60.lib line 34, library gf180mcu_ocd_ip_sram__sram1024x8m8wm1__ff_n40C_3v60 already exists.
[STA-1140] /home/etcfranc/NoCNoC/gf180mcu/gf180mcuD/libs.ref/gf180mcu_as_sc_mcu7t3v3/lib/gf180mcu_as_sc_mcu7t3v3__tt_025C_3v30.lib line 1, library gf180mcu_as_sc_mcu7t3v3__tt_025C_3v30 already exists.
[STA-1140] /home/etcfranc/NoCNoC/gf180mcu/gf180mcuD/libs.ref/gf180mcu_fd_io/lib/gf180mcu_fd_io__tt_025C_3v30.lib line 17, library gf180mcu_fd_io__tt_025C_3v30 already exists.
[STA-1140] /home/etcfranc/NoCNoC/gf180mcu/gf180mcuD/libs.ref/gf180mcu_fd_io/lib/gf180mcu_ws_io__tt_025C_5v00.lib line 17, library gf180mcu_ws_io__tt_025C_5v00 already exists.
[STA-1140] /home/etcfranc/NoCNoC/libs/gf180mcu_ocd_ip_sram/cells/gf180mcu_ocd_ip_sram__sram1024x8m8wm1/gf180mcu_ocd_ip_sram__sram1024x8m8wm1__tt_025C_3v30.lib line 34, library gf180mcu_ocd_ip_sram__sram1024x8m8wm1__tt_025C_3v30 already exists.
[ORD-2001] LEF macro gf180mcu_ef_io__bi_t pin ANA missing from liberty cell.
[ORD-2001] LEF macro gf180mcu_ef_io__bi_t pin ANA missing from liberty cell.
[ORD-2001] LEF macro gf180mcu_ef_io__bi_t pin ANA missing from liberty cell.
[ORD-2001] LEF macro gf180mcu_ef_io__bi_t pin ANA missing from liberty cell.
[ORD-2001] LEF macro gf180mcu_ef_io__bi_t pin ANA missing from liberty cell.
[ORD-2001] LEF macro gf180mcu_ef_io__bi_t pin ANA missing from liberty cell.
[ORD-2001] LEF macro gf180mcu_ef_io__bi_t pin ANA missing from liberty cell.
[ORD-2001] LEF macro gf180mcu_ef_io__bi_t pin ANA missing from liberty cell.
[DRT-0349] LEF58_ENCLOSURE with no CUTCLASS is not supported. Skipping for layer Via1
[DRT-0349] LEF58_ENCLOSURE with no CUTCLASS is not supported. Skipping for layer Via1
[DRT-0349] LEF58_ENCLOSURE with no CUTCLASS is not supported. Skipping for layer Via2
[DRT-0349] LEF58_ENCLOSURE with no CUTCLASS is not supported. Skipping for layer Via2
[DRT-0349] LEF58_ENCLOSURE with no CUTCLASS is not supported. Skipping for layer Via3
[DRT-0349] LEF58_ENCLOSURE with no CUTCLASS is not supported. Skipping for layer Via3
[DRT-0349] LEF58_ENCLOSURE with no CUTCLASS is not supported. Skipping for layer Via4
[DRT-0349] LEF58_ENCLOSURE with no CUTCLASS is not supported. Skipping for layer Via4
[DRT-6000] Macro pin has more than 1 polygon
[DRT-6000] Macro pin has more than 1 polygon
[DRT-6000] Macro pin has more than 1 polygon
[DRT-6000] Macro pin has more than 1 polygon
[DRT-6000] Macro pin has more than 1 polygon
[DRT-6000] Macro pin has more than 1 polygon
[DRT-6000] Macro pin has more than 1 polygon
[DRT-6000] Macro pin has more than 1 polygon
[DRT-6000] Macro pin has more than 1 polygon
[DRT-6000] Macro pin has more than 1 polygon
[DRT-6000] Macro pin has more than 1 polygon
[DRT-6000] Macro pin has more than 1 polygon
[DRT-6000] Macro pin has more than 1 polygon
[DRT-6000] Macro pin has more than 1 polygon
[DRT-6000] Macro pin has more than 1 polygon
[DRT-6000] Macro pin has more than 1 polygon
[DRT-6000] Macro pin has more than 1 polygon
[DRT-6000] Macro pin has more than 1 polygon
[DRT-6000] Macro pin has more than 1 polygon
[DRT-6000] Macro pin has more than 1 polygon
[DRT-6000] Macro pin has more than 1 polygon
[DRT-6000] Macro pin has more than 1 polygon
[DRT-6000] Macro pin has more than 1 polygon
[DRT-6000] Macro pin has more than 1 polygon
[DRT-6000] Macro pin has more than 1 polygon
[DRT-6000] Macro pin has more than 1 polygon
[DRT-6000] Macro pin has more than 1 polygon
[DRT-6000] Macro pin has more than 1 polygon
[DRT-6000] Macro pin has more than 1 polygon
[DRT-6000] Macro pin has more than 1 polygon
[DRT-6000] Macro pin has more than 1 polygon
[DRT-6000] Macro pin has more than 1 polygon
[DRT-6000] Macro pin has more than 1 polygon
[DRT-6000] Macro pin has more than 1 polygon
[DRT-6000] Macro pin has more than 1 polygon
[DRT-6000] Macro pin has more than 1 polygon
[DRT-6000] Macro pin has more than 1 polygon
[DRT-6000] Macro pin has more than 1 polygon
[DRT-6000] Macro pin has more than 1 polygon
[DRT-6000] Macro pin has more than 1 polygon
[DRT-6000] Macro pin has more than 1 polygon
[DRT-6000] Macro pin has more than 1 polygon
[DRT-6000] Macro pin has more than 1 polygon
[DRT-6000] Macro pin has more than 1 polygon
[DRT-6000] Macro pin has more than 1 polygon
[DRT-6000] Macro pin has more than 1 polygon
[DRT-6000] Macro pin has more than 1 polygon
[DRT-6000] Macro pin has more than 1 polygon
[DRT-6000] Macro pin has more than 1 polygon
[DRT-6000] Macro pin has more than 1 polygon
[DRT-6000] Macro pin has more than 1 polygon
[DRT-6000] Macro pin has more than 1 polygon
[DRT-6000] Macro pin has more than 1 polygon
[DRT-6000] Macro pin has more than 1 polygon
[DRT-6000] Macro pin has more than 1 polygon
[DRT-6000] Macro pin has more than 1 polygon
[DRT-6000] Macro pin has more than 1 polygon
[DRT-6000] Macro pin has more than 1 polygon
[DRT-6000] Macro pin has more than 1 polygon
[DRT-6000] Macro pin has more than 1 polygon
[DRT-6000] Macro pin has more than 1 polygon
[DRT-6000] Macro pin has more than 1 polygon
[DRT-6000] Macro pin has more than 1 polygon
[DRT-6000] Macro pin has more than 1 polygon
[DRT-6000] Macro pin has more than 1 polygon
[DRT-6000] Macro pin has more than 1 polygon
[DRT-6000] Macro pin has more than 1 polygon
[DRT-6000] Macro pin has more than 1 polygon
[DRT-6000] Macro pin has more than 1 polygon
[DRT-6000] Macro pin has more than 1 polygon
[DRT-6000] Macro pin has more than 1 polygon
[DRT-6000] Macro pin has more than 1 polygon
[DRT-6000] Macro pin has more than 1 polygon
[DRT-6000] Macro pin has more than 1 polygon
[DRT-6000] Macro pin has more than 1 polygon
[DRT-6000] Macro pin has more than 1 polygon
[DRT-6000] Macro pin has more than 1 polygon
[DRT-6000] Macro pin has more than 1 polygon
[DRT-6000] Macro pin has more than 1 polygon
[DRT-6000] Macro pin has more than 1 polygon
[DRT-6000] Macro pin has more than 1 polygon
[DRT-6000] Macro pin has more than 1 polygon
[DRT-6000] Macro pin has more than 1 polygon
[DRT-6000] Macro pin has more than 1 polygon
[DRT-6000] Macro pin has more than 1 polygon
[DRT-6000] Macro pin has more than 1 polygon
[DRT-6000] Macro pin has more than 1 polygon
[DRT-6000] Macro pin has more than 1 polygon
[DRT-6000] Macro pin has more than 1 polygon
[DRT-6000] Macro pin has more than 1 polygon
[DRT-6000] Macro pin has more than 1 polygon
[DRT-6000] Macro pin has more than 1 polygon
[DRT-6000] Macro pin has more than 1 polygon
[DRT-6000] Macro pin has more than 1 polygon
[DRT-6000] Macro pin has more than 1 polygon
[DRT-6000] Macro pin has more than 1 polygon
[DRT-6000] Macro pin has more than 1 polygon
[DRT-6000] Macro pin has more than 1 polygon
[DRT-6000] Macro pin has more than 1 polygon
[DRT-6000] Macro pin has more than 1 polygon
[DRT-6000] Macro pin has more than 1 polygon
[DRT-6000] Macro pin has more than 1 polygon
[DRT-6000] Macro pin has more than 1 polygon
[DRT-6000] Macro pin has more than 1 polygon
[DRT-6000] Macro pin has more than 1 polygon
[DRT-6000] Macro pin has more than 1 polygon
[DRT-6000] Macro pin has more than 1 polygon
[DRT-6000] Macro pin has more than 1 polygon
[DRT-6000] Macro pin has more than 1 polygon
[DRT-6000] Macro pin has more than 1 polygon
[DRT-6000] Macro pin has more than 1 polygon
[DRT-6000] Macro pin has more than 1 polygon
[DRT-6000] Macro pin has more than 1 polygon
[DRT-6000] Macro pin has more than 1 polygon
[DRT-6000] Macro pin has more than 1 polygon
[DRT-6000] Macro pin has more than 1 polygon
[DRT-6000] Macro pin has more than 1 polygon
[DRT-6000] Macro pin has more than 1 polygon
[DRT-6000] Macro pin has more than 1 polygon
[DRT-6000] Macro pin has more than 1 polygon
[DRT-6000] Macro pin has more than 1 polygon
[DRT-6000] Macro pin has more than 1 polygon
[DRT-6000] Macro pin has more than 1 polygon
[DRT-6000] Macro pin has more than 1 polygon
[DRT-6000] Macro pin has more than 1 polygon
[DRT-6000] Macro pin has more than 1 polygon
[DRT-6000] Macro pin has more than 1 polygon
[DRT-6000] Macro pin has more than 1 polygon
[DRT-6000] Macro pin has more than 1 polygon
[DRT-6000] Macro pin has more than 1 polygon
[DRT-6000] Macro pin has more than 1 polygon
[DRT-6000] Macro pin has more than 1 polygon
[DRT-6000] Macro pin has more than 1 polygon
[DRT-6000] Macro pin has more than 1 polygon
[DRT-6000] Macro pin has more than 1 polygon
[DRT-6000] Macro pin has more than 1 polygon
[DRT-6000] Macro pin has more than 1 polygon
[DRT-6000] Macro pin has more than 1 polygon
[DRT-6000] Macro pin has more than 1 polygon
[DRT-6000] Macro pin has more than 1 polygon
[DRT-6000] Macro pin has more than 1 polygon
[DRT-6000] Macro pin has more than 1 polygon
[DRT-6000] Macro pin has more than 1 polygon
[DRT-6000] Macro pin has more than 1 polygon
[DRT-6000] Macro pin has more than 1 polygon
[DRT-6000] Macro pin has more than 1 polygon
[DRT-6000] Macro pin has more than 1 polygon
[DRT-6000] Macro pin has more than 1 polygon
[DRT-6000] Macro pin has more than 1 polygon
[DRT-6000] Macro pin has more than 1 polygon
[DRT-6000] Macro pin has more than 1 polygon
[DRT-6000] Macro pin has more than 1 polygon
[DRT-6000] Macro pin has more than 1 polygon
[DRT-6000] Macro pin has more than 1 polygon
[DRT-6000] Macro pin has more than 1 polygon
[DRT-6000] Macro pin has more than 1 polygon
[DRT-6000] Macro pin has more than 1 polygon
[DRT-6000] Macro pin has more than 1 polygon
[DRT-6000] Macro pin has more than 1 polygon
[DRT-6000] Macro pin has more than 1 polygon
[DRT-6000] Macro pin has more than 1 polygon
[DRT-6000] Macro pin has more than 1 polygon
[DRT-6000] Macro pin has more than 1 polygon
[DRT-6000] Macro pin has more than 1 polygon
[DRT-6000] Macro pin has more than 1 polygon
[DRT-6000] Macro pin has more than 1 polygon
[DRT-6000] Macro pin has more than 1 polygon
[DRT-6000] Macro pin has more than 1 polygon
[DRT-6000] Macro pin has more than 1 polygon
[DRT-6000] Macro pin has more than 1 polygon
[DRT-6000] Macro pin has more than 1 polygon
[DRT-6000] Macro pin has more than 1 polygon
[DRT-6000] Macro pin has more than 1 polygon
[DRT-6000] Macro pin has more than 1 polygon
[DRT-6000] Macro pin has more than 1 polygon
[DRT-6000] Macro pin has more than 1 polygon
[DRT-6000] Macro pin has more than 1 polygon
[DRT-6000] Macro pin has more than 1 polygon
[DRT-6000] Macro pin has more than 1 polygon
[DRT-6000] Macro pin has more than 1 polygon
[DRT-6000] Macro pin has more than 1 polygon
[DRT-6000] Macro pin has more than 1 polygon
[DRT-6000] Macro pin has more than 1 polygon
[DRT-6000] Macro pin has more than 1 polygon
[DRT-6000] Macro pin has more than 1 polygon
[DRT-6000] Macro pin has more than 1 polygon
[DRT-6000] Macro pin has more than 1 polygon
[DRT-6000] Macro pin has more than 1 polygon
[DRT-6000] Macro pin has more than 1 polygon
[DRT-6000] Macro pin has more than 1 polygon
[DRT-6000] Macro pin has more than 1 polygon
[DRT-6000] Macro pin has more than 1 polygon
[DRT-6000] Macro pin has more than 1 polygon
[DRT-6000] Macro pin has more than 1 polygon
[DRT-6000] Macro pin has more than 1 polygon
[DRT-6000] Macro pin has more than 1 polygon
[DRT-6000] Macro pin has more than 1 polygon
[DRT-6000] Macro pin has more than 1 polygon
[DRT-6000] Macro pin has more than 1 polygon
[DRT-6000] Macro pin has more than 1 polygon
[DRT-6000] Macro pin has more than 1 polygon
[DRT-6000] Macro pin has more than 1 polygon
[DRT-6000] Macro pin has more than 1 polygon
[DRT-6000] Macro pin has more than 1 polygon
[DRT-6000] Macro pin has more than 1 polygon
[DRT-6000] Macro pin has more than 1 polygon
[DRT-6000] Macro pin has more than 1 polygon
[DRT-6000] Macro pin has more than 1 polygon
[DRT-6000] Macro pin has more than 1 polygon
[DRT-6000] Macro pin has more than 1 polygon
[DRT-6000] Macro pin has more than 1 polygon
[DRT-6000] Macro pin has more than 1 polygon
[DRT-6000] Macro pin has more than 1 polygon
[DRT-6000] Macro pin has more than 1 polygon
[DRT-6000] Macro pin has more than 1 polygon
[DRT-6000] Macro pin has more than 1 polygon
[DRT-6000] Macro pin has more than 1 polygon
[DRT-6000] Macro pin has more than 1 polygon
[DRT-6000] Macro pin has more than 1 polygon
[DRT-6000] Macro pin has more than 1 polygon
[DRT-6000] Macro pin has more than 1 polygon
[DRT-6000] Macro pin has more than 1 polygon
[DRT-6000] Macro pin has more than 1 polygon
[DRT-6000] Macro pin has more than 1 polygon
[DRT-6000] Macro pin has more than 1 polygon
[DRT-6000] Macro pin has more than 1 polygon
[DRT-6000] Macro pin has more than 1 polygon
[DRT-6000] Macro pin has more than 1 polygon
[DRT-6000] Macro pin has more than 1 polygon
[DRT-6000] Macro pin has more than 1 polygon
[DRT-6000] Macro pin has more than 1 polygon
[DRT-6000] Macro pin has more than 1 polygon
[DRT-6000] Macro pin has more than 1 polygon
[DRT-6000] Macro pin has more than 1 polygon
[DRT-6000] Macro pin has more than 1 polygon
[DRT-6000] Macro pin has more than 1 polygon
[DRT-6000] Macro pin has more than 1 polygon
[DRT-6000] Macro pin has more than 1 polygon
[DRT-6000] Macro pin has more than 1 polygon
[DRT-6000] Macro pin has more than 1 polygon
[DRT-6000] Macro pin has more than 1 polygon
[DRT-6000] Macro pin has more than 1 polygon
[DRT-6000] Macro pin has more than 1 polygon
[DRT-6000] Macro pin has more than 1 polygon
[DRT-6000] Macro pin has more than 1 polygon
[DRT-6000] Macro pin has more than 1 polygon
[DRT-6000] Macro pin has more than 1 polygon
[DRT-6000] Macro pin has more than 1 polygon
[DRT-6000] Macro pin has more than 1 polygon
[DRT-6000] Macro pin has more than 1 polygon
[DRT-6000] Macro pin has more than 1 polygon
[DRT-6000] Macro pin has more than 1 polygon
[DRT-6000] Macro pin has more than 1 polygon
[DRT-6000] Macro pin has more than 1 polygon
[DRT-6000] Macro pin has more than 1 polygon
[DRT-6000] Macro pin has more than 1 polygon
[DRT-6000] Macro pin has more than 1 polygon
[DRT-6000] Macro pin has more than 1 polygon
[DRT-6000] Macro pin has more than 1 polygon
[DRT-6000] Macro pin has more than 1 polygon
[DRT-6000] Macro pin has more than 1 polygon
[DRT-6000] Macro pin has more than 1 polygon
[DRT-6000] Macro pin has more than 1 polygon
[DRT-6000] Macro pin has more than 1 polygon
[DRT-6000] Macro pin has more than 1 polygon
[DRT-6000] Macro pin has more than 1 polygon
[DRT-6000] Macro pin has more than 1 polygon
[DRT-6000] Macro pin has more than 1 polygon
[DRT-6000] Macro pin has more than 1 polygon
[DRT-6000] Macro pin has more than 1 polygon
[DRT-6000] Macro pin has more than 1 polygon
[DRT-6000] Macro pin has more than 1 polygon
[DRT-6000] Macro pin has more than 1 polygon
[DRT-6000] Macro pin has more than 1 polygon
[DRT-6000] Macro pin has more than 1 polygon
[DRT-6000] Macro pin has more than 1 polygon
[DRT-6000] Macro pin has more than 1 polygon
[DRT-6000] Macro pin has more than 1 polygon
[DRT-6000] Macro pin has more than 1 polygon
[DRT-6000] Macro pin has more than 1 polygon
[DRT-6000] Macro pin has more than 1 polygon
[DRT-6000] Macro pin has more than 1 polygon
[DRT-6000] Macro pin has more than 1 polygon
[DRT-6000] Macro pin has more than 1 polygon
[DRT-6000] Macro pin has more than 1 polygon
[DRT-6000] Macro pin has more than 1 polygon
[DRT-6000] Macro pin has more than 1 polygon
[DRT-6000] Macro pin has more than 1 polygon
[DRT-6000] Macro pin has more than 1 polygon
[DRT-6000] Macro pin has more than 1 polygon
[DRT-6000] Macro pin has more than 1 polygon
[DRT-6000] Macro pin has more than 1 polygon
[DRT-6000] Macro pin has more than 1 polygon
[DRT-6000] Macro pin has more than 1 polygon
[DRT-6000] Macro pin has more than 1 polygon
[DRT-6000] Macro pin has more than 1 polygon
[DRT-6000] Macro pin has more than 1 polygon
[DRT-6000] Macro pin has more than 1 polygon
[DRT-6000] Macro pin has more than 1 polygon
[DRT-6000] Macro pin has more than 1 polygon
[DRT-6000] Macro pin has more than 1 polygon
[DRT-6000] Macro pin has more than 1 polygon
[DRT-6000] Macro pin has more than 1 polygon
[DRT-6000] Macro pin has more than 1 polygon
[DRT-6000] Macro pin has more than 1 polygon
[DRT-6000] Macro pin has more than 1 polygon
[DRT-6000] Macro pin has more than 1 polygon
[DRT-6000] Macro pin has more than 1 polygon
[DRT-6000] Macro pin has more than 1 polygon
[DRT-6000] Macro pin has more than 1 polygon
[DRT-6000] Macro pin has more than 1 polygon
[DRT-6000] Macro pin has more than 1 polygon
[DRT-6000] Macro pin has more than 1 polygon
[DRT-6000] Macro pin has more than 1 polygon
[DRT-6000] Macro pin has more than 1 polygon
[DRT-6000] Macro pin has more than 1 polygon
[DRT-6000] Macro pin has more than 1 polygon
[DRT-6000] Macro pin has more than 1 polygon
[DRT-6000] Macro pin has more than 1 polygon
[DRT-6000] Macro pin has more than 1 polygon
[DRT-6000] Macro pin has more than 1 polygon
[DRT-6000] Macro pin has more than 1 polygon
[DRT-6000] Macro pin has more than 1 polygon
[DRT-6000] Macro pin has more than 1 polygon
[DRT-6000] Macro pin has more than 1 polygon
[DRT-6000] Macro pin has more than 1 polygon
[DRT-6000] Macro pin has more than 1 polygon
[DRT-6000] Macro pin has more than 1 polygon
[DRT-6000] Macro pin has more than 1 polygon
[DRT-6000] Macro pin has more than 1 polygon
[DRT-6000] Macro pin has more than 1 polygon
[DRT-6000] Macro pin has more than 1 polygon
[DRT-6000] Macro pin has more than 1 polygon
[DRT-6000] Macro pin has more than 1 polygon
[DRT-6000] Macro pin has more than 1 polygon
[DRT-6000] Macro pin has more than 1 polygon
[DRT-6000] Macro pin has more than 1 polygon
[DRT-6000] Macro pin has more than 1 polygon
[DRT-6000] Macro pin has more than 1 polygon
[DRT-6000] Macro pin has more than 1 polygon
[DRT-6000] Macro pin has more than 1 polygon
[DRT-6000] Macro pin has more than 1 polygon
[DRT-6000] Macro pin has more than 1 polygon
[DRT-6000] Macro pin has more than 1 polygon
[DRT-6000] Macro pin has more than 1 polygon
[DRT-6000] Macro pin has more than 1 polygon
[DRT-6000] Macro pin has more than 1 polygon
[DRT-6000] Macro pin has more than 1 polygon
[DRT-6000] Macro pin has more than 1 polygon
[DRT-6000] Macro pin has more than 1 polygon
[DRT-6000] Macro pin has more than 1 polygon
[DRT-6000] Macro pin has more than 1 polygon
[DRT-6000] Macro pin has more than 1 polygon
[DRT-6000] Macro pin has more than 1 polygon
[DRT-6000] Macro pin has more than 1 polygon
[DRT-6000] Macro pin has more than 1 polygon
[DRT-6000] Macro pin has more than 1 polygon
[DRT-6000] Macro pin has more than 1 polygon
[DRT-6000] Macro pin has more than 1 polygon
[DRT-6000] Macro pin has more than 1 polygon
[DRT-6000] Macro pin has more than 1 polygon
[DRT-6000] Macro pin has more than 1 polygon
[DRT-6000] Macro pin has more than 1 polygon
[DRT-6000] Macro pin has more than 1 polygon
[DRT-6000] Macro pin has more than 1 polygon
[DRT-6000] Macro pin has more than 1 polygon
[DRT-6000] Macro pin has more than 1 polygon
[DRT-6000] Macro pin has more than 1 polygon
[DRT-6000] Macro pin has more than 1 polygon
[DRT-6000] Macro pin has more than 1 polygon
[DRT-6000] Macro pin has more than 1 polygon
[DRT-6000] Macro pin has more than 1 polygon
[DRT-6000] Macro pin has more than 1 polygon
[DRT-6000] Macro pin has more than 1 polygon
[DRT-6000] Macro pin has more than 1 polygon
[DRT-6000] Macro pin has more than 1 polygon
[DRT-6000] Macro pin has more than 1 polygon
[DRT-6000] Macro pin has more than 1 polygon
[DRT-6000] Macro pin has more than 1 polygon
[DRT-6000] Macro pin has more than 1 polygon
[DRT-6000] Macro pin has more than 1 polygon
[DRT-6000] Macro pin has more than 1 polygon
[DRT-6000] Macro pin has more than 1 polygon
[DRT-6000] Macro pin has more than 1 polygon
[DRT-6000] Macro pin has more than 1 polygon
[DRT-6000] Macro pin has more than 1 polygon
[DRT-6000] Macro pin has more than 1 polygon
[DRT-6000] Macro pin has more than 1 polygon
[DRT-6000] Macro pin has more than 1 polygon
[DRT-6000] Macro pin has more than 1 polygon
[DRT-6000] Macro pin has more than 1 polygon
[DRT-6000] Macro pin has more than 1 polygon
[DRT-6000] Macro pin has more than 1 polygon
[DRT-6000] Macro pin has more than 1 polygon
[DRT-6000] Macro pin has more than 1 polygon
[DRT-6000] Macro pin has more than 1 polygon
[DRT-6000] Macro pin has more than 1 polygon
[DRT-6000] Macro pin has more than 1 polygon
[DRT-6000] Macro pin has more than 1 polygon
[DRT-6000] Macro pin has more than 1 polygon
[DRT-6000] Macro pin has more than 1 polygon
[DRT-6000] Macro pin has more than 1 polygon
[DRT-6000] Macro pin has more than 1 polygon
[DRT-6000] Macro pin has more than 1 polygon
[DRT-6000] Macro pin has more than 1 polygon
[DRT-6000] Macro pin has more than 1 polygon
[DRT-6000] Macro pin has more than 1 polygon
[DRT-6000] Macro pin has more than 1 polygon
[DRT-6000] Macro pin has more than 1 polygon
[DRT-6000] Macro pin has more than 1 polygon
[DRT-6000] Macro pin has more than 1 polygon
[DRT-6000] Macro pin has more than 1 polygon
[DRT-6000] Macro pin has more than 1 polygon
[DRT-6000] Macro pin has more than 1 polygon
[DRT-6000] Macro pin has more than 1 polygon
[DRT-6000] Macro pin has more than 1 polygon
[DRT-6000] Macro pin has more than 1 polygon
[DRT-6000] Macro pin has more than 1 polygon
[DRT-6000] Macro pin has more than 1 polygon
[DRT-6000] Macro pin has more than 1 polygon
[DRT-6000] Macro pin has more than 1 polygon
[DRT-6000] Macro pin has more than 1 polygon
[DRT-6000] Macro pin has more than 1 polygon
[DRT-6000] Macro pin has more than 1 polygon
[DRT-6000] Macro pin has more than 1 polygon
[DRT-6000] Macro pin has more than 1 polygon
[DRT-6000] Macro pin has more than 1 polygon
[DRT-6000] Macro pin has more than 1 polygon
[DRT-6000] Macro pin has more than 1 polygon
[DRT-6000] Macro pin has more than 1 polygon
[DRT-6000] Macro pin has more than 1 polygon
[DRT-6000] Macro pin has more than 1 polygon
[DRT-6000] Macro pin has more than 1 polygon
[DRT-6000] Macro pin has more than 1 polygon
[DRT-6000] Macro pin has more than 1 polygon
[DRT-6000] Macro pin has more than 1 polygon
[DRT-6000] Macro pin has more than 1 polygon
[DRT-6000] Macro pin has more than 1 polygon
[DRT-6000] Macro pin has more than 1 polygon
[DRT-6000] Macro pin has more than 1 polygon
[DRT-6000] Macro pin has more than 1 polygon
[DRT-6000] Macro pin has more than 1 polygon
[DRT-6000] Macro pin has more than 1 polygon
[DRT-6000] Macro pin has more than 1 polygon
[DRT-6000] Macro pin has more than 1 polygon
[DRT-6000] Macro pin has more than 1 polygon
[DRT-6000] Macro pin has more than 1 polygon
[DRT-6000] Macro pin has more than 1 polygon
[DRT-6000] Macro pin has more than 1 polygon
[DRT-6000] Macro pin has more than 1 polygon
[DRT-6000] Macro pin has more than 1 polygon
[DRT-6000] Macro pin has more than 1 polygon
[DRT-6000] Macro pin has more than 1 polygon
[DRT-6000] Macro pin has more than 1 polygon
[DRT-6000] Macro pin has more than 1 polygon
[DRT-6000] Macro pin has more than 1 polygon
[DRT-6000] Macro pin has more than 1 polygon
[DRT-6000] Macro pin has more than 1 polygon
[DRT-6000] Macro pin has more than 1 polygon
[DRT-6000] Macro pin has more than 1 polygon
[DRT-6000] Macro pin has more than 1 polygon
[DRT-6000] Macro pin has more than 1 polygon
[DRT-6000] Macro pin has more than 1 polygon
[DRT-6000] Macro pin has more than 1 polygon
[DRT-6000] Macro pin has more than 1 polygon
[DRT-6000] Macro pin has more than 1 polygon
[DRT-6000] Macro pin has more than 1 polygon
[DRT-6000] Macro pin has more than 1 polygon
[DRT-6000] Macro pin has more than 1 polygon
[DRT-6000] Macro pin has more than 1 polygon
[DRT-6000] Macro pin has more than 1 polygon
[DRT-6000] Macro pin has more than 1 polygon
[DRT-6000] Macro pin has more than 1 polygon
[DRT-6000] Macro pin has more than 1 polygon
[DRT-6000] Macro pin has more than 1 polygon
[DRT-6000] Macro pin has more than 1 polygon
[DRT-6000] Macro pin has more than 1 polygon
[DRT-6000] Macro pin has more than 1 polygon
[DRT-6000] Macro pin has more than 1 polygon
[DRT-6000] Macro pin has more than 1 polygon
[DRT-6000] Macro pin has more than 1 polygon
[DRT-6000] Macro pin has more than 1 polygon
[DRT-6000] Macro pin has more than 1 polygon
[DRT-6000] Macro pin has more than 1 polygon
[DRT-6000] Macro pin has more than 1 polygon
[DRT-6000] Macro pin has more than 1 polygon
[DRT-6000] Macro pin has more than 1 polygon
[DRT-6000] Macro pin has more than 1 polygon
[DRT-6000] Macro pin has more than 1 polygon
[DRT-6000] Macro pin has more than 1 polygon
[DRT-6000] Macro pin has more than 1 polygon
[DRT-6000] Macro pin has more than 1 polygon
[DRT-6000] Macro pin has more than 1 polygon
[DRT-6000] Macro pin has more than 1 polygon
[DRT-6000] Macro pin has more than 1 polygon
[DRT-6000] Macro pin has more than 1 polygon
[DRT-6000] Macro pin has more than 1 polygon
[DRT-6000] Macro pin has more than 1 polygon
[DRT-6000] Macro pin has more than 1 polygon
[DRT-6000] Macro pin has more than 1 polygon
[DRT-6000] Macro pin has more than 1 polygon
[DRT-6000] Macro pin has more than 1 polygon
[DRT-6000] Macro pin has more than 1 polygon
[DRT-6000] Macro pin has more than 1 polygon
[DRT-6000] Macro pin has more than 1 polygon
[DRT-6000] Macro pin has more than 1 polygon
[DRT-6000] Macro pin has more than 1 polygon
[DRT-6000] Macro pin has more than 1 polygon
[DRT-6000] Macro pin has more than 1 polygon
[DRT-6000] Macro pin has more than 1 polygon
[DRT-6000] Macro pin has more than 1 polygon
[DRT-6000] Macro pin has more than 1 polygon
[DRT-6000] Macro pin has more than 1 polygon
[DRT-6000] Macro pin has more than 1 polygon
[DRT-6000] Macro pin has more than 1 polygon
[DRT-6000] Macro pin has more than 1 polygon
[DRT-6000] Macro pin has more than 1 polygon
[DRT-6000] Macro pin has more than 1 polygon
[DRT-6000] Macro pin has more than 1 polygon
[DRT-6000] Macro pin has more than 1 polygon
[DRT-6000] Macro pin has more than 1 polygon
[DRT-6000] Macro pin has more than 1 polygon
[DRT-6000] Macro pin has more than 1 polygon
[DRT-6000] Macro pin has more than 1 polygon
[DRT-6000] Macro pin has more than 1 polygon
[DRT-6000] Macro pin has more than 1 polygon
[DRT-6000] Macro pin has more than 1 polygon
[DRT-6000] Macro pin has more than 1 polygon
[DRT-6000] Macro pin has more than 1 polygon
[DRT-6000] Macro pin has more than 1 polygon
[DRT-6000] Macro pin has more than 1 polygon
[DRT-6000] Macro pin has more than 1 polygon
[DRT-6000] Macro pin has more than 1 polygon
[DRT-6000] Macro pin has more than 1 polygon
[DRT-6000] Macro pin has more than 1 polygon
[DRT-6000] Macro pin has more than 1 polygon
[DRT-6000] Macro pin has more than 1 polygon
[DRT-6000] Macro pin has more than 1 polygon
[DRT-6000] Macro pin has more than 1 polygon
[DRT-6000] Macro pin has more than 1 polygon
[DRT-6000] Macro pin has more than 1 polygon
[DRT-6000] Macro pin has more than 1 polygon
[DRT-6000] Macro pin has more than 1 polygon
[DRT-6000] Macro pin has more than 1 polygon
[DRT-6000] Macro pin has more than 1 polygon
[DRT-6000] Macro pin has more than 1 polygon
[DRT-6000] Macro pin has more than 1 polygon
[DRT-6000] Macro pin has more than 1 polygon
[DRT-6000] Macro pin has more than 1 polygon
[DRT-6000] Macro pin has more than 1 polygon
[DRT-6000] Macro pin has more than 1 polygon
[DRT-6000] Macro pin has more than 1 polygon
[DRT-6000] Macro pin has more than 1 polygon
[DRT-6000] Macro pin has more than 1 polygon
[DRT-6000] Macro pin has more than 1 polygon
[DRT-6000] Macro pin has more than 1 polygon
[DRT-6000] Macro pin has more than 1 polygon
[DRT-6000] Macro pin has more than 1 polygon
[DRT-6000] Macro pin has more than 1 polygon
[DRT-6000] Macro pin has more than 1 polygon
[DRT-6000] Macro pin has more than 1 polygon
[DRT-6000] Macro pin has more than 1 polygon
[DRT-6000] Macro pin has more than 1 polygon
[DRT-6000] Macro pin has more than 1 polygon
[DRT-6000] Macro pin has more than 1 polygon
[DRT-6000] Macro pin has more than 1 polygon
[DRT-6000] Macro pin has more than 1 polygon
[DRT-6000] Macro pin has more than 1 polygon
[DRT-6000] Macro pin has more than 1 polygon
[DRT-6000] Macro pin has more than 1 polygon
[DRT-6000] Macro pin has more than 1 polygon
[DRT-6000] Macro pin has more than 1 polygon
[DRT-6000] Macro pin has more than 1 polygon
[DRT-6000] Macro pin has more than 1 polygon
[DRT-6000] Macro pin has more than 1 polygon
[DRT-6000] Macro pin has more than 1 polygon
[DRT-6000] Macro pin has more than 1 polygon
[DRT-6000] Macro pin has more than 1 polygon
[DRT-6000] Macro pin has more than 1 polygon
[DRT-6000] Macro pin has more than 1 polygon
[DRT-6000] Macro pin has more than 1 polygon
[DRT-6000] Macro pin has more than 1 polygon
[DRT-6000] Macro pin has more than 1 polygon
[DRT-6000] Macro pin has more than 1 polygon
[DRT-6000] Macro pin has more than 1 polygon
[DRT-6000] Macro pin has more than 1 polygon
[DRT-6000] Macro pin has more than 1 polygon
[DRT-6000] Macro pin has more than 1 polygon
[DRT-6000] Macro pin has more than 1 polygon
[DRT-6000] Macro pin has more than 1 polygon
[DRT-6000] Macro pin has more than 1 polygon
[DRT-6000] Macro pin has more than 1 polygon
[DRT-6000] Macro pin has more than 1 polygon
[DRT-6000] Macro pin has more than 1 polygon
[DRT-6000] Macro pin has more than 1 polygon
[DRT-6000] Macro pin has more than 1 polygon
[DRT-6000] Macro pin has more than 1 polygon
[DRT-6000] Macro pin has more than 1 polygon
[DRT-6000] Macro pin has more than 1 polygon
[DRT-6000] Macro pin has more than 1 polygon
[DRT-6000] Macro pin has more than 1 polygon
[DRT-6000] Macro pin has more than 1 polygon
[DRT-6000] Macro pin has more than 1 polygon
[DRT-6000] Macro pin has more than 1 polygon
[DRT-6000] Macro pin has more than 1 polygon
[DRT-6000] Macro pin has more than 1 polygon
[DRT-6000] Macro pin has more than 1 polygon
[DRT-6000] Macro pin has more than 1 polygon
[DRT-6000] Macro pin has more than 1 polygon
[DRT-6000] Macro pin has more than 1 polygon
[DRT-6000] Macro pin has more than 1 polygon
[DRT-6000] Macro pin has more than 1 polygon
[DRT-6000] Macro pin has more than 1 polygon
[DRT-6000] Macro pin has more than 1 polygon
[DRT-6000] Macro pin has more than 1 polygon
[DRT-6000] Macro pin has more than 1 polygon
[DRT-6000] Macro pin has more than 1 polygon
[DRT-6000] Macro pin has more than 1 polygon
[DRT-6000] Macro pin has more than 1 polygon
[DRT-6000] Macro pin has more than 1 polygon
[DRT-6000] Macro pin has more than 1 polygon
[DRT-6000] Macro pin has more than 1 polygon
[DRT-6000] Macro pin has more than 1 polygon
[DRT-6000] Macro pin has more than 1 polygon
[DRT-6000] Macro pin has more than 1 polygon
[DRT-6000] Macro pin has more than 1 polygon
[DRT-6000] Macro pin has more than 1 polygon
[DRT-6000] Macro pin has more than 1 polygon
[DRT-6000] Macro pin has more than 1 polygon
[DRT-6000] Macro pin has more than 1 polygon
[DRT-6000] Macro pin has more than 1 polygon
[DRT-6000] Macro pin has more than 1 polygon
[DRT-6000] Macro pin has more than 1 polygon
[DRT-6000] Macro pin has more than 1 polygon
[DRT-6000] Macro pin has more than 1 polygon
[DRT-6000] Macro pin has more than 1 polygon
[DRT-6000] Macro pin has more than 1 polygon
[DRT-6000] Macro pin has more than 1 polygon
[DRT-6000] Macro pin has more than 1 polygon
[DRT-6000] Macro pin has more than 1 polygon
[DRT-6000] Macro pin has more than 1 polygon
[DRT-6000] Macro pin has more than 1 polygon
[DRT-6000] Macro pin has more than 1 polygon
[DRT-6000] Macro pin has more than 1 polygon
[DRT-6000] Macro pin has more than 1 polygon
[DRT-6000] Macro pin has more than 1 polygon
[DRT-6000] Macro pin has more than 1 polygon
[DRT-6000] Macro pin has more than 1 polygon
[DRT-6000] Macro pin has more than 1 polygon
[DRT-6000] Macro pin has more than 1 polygon
[DRT-6000] Macro pin has more than 1 polygon
[DRT-6000] Macro pin has more than 1 polygon
[DRT-6000] Macro pin has more than 1 polygon
[DRT-6000] Macro pin has more than 1 polygon
[DRT-6000] Macro pin has more than 1 polygon
[DRT-6000] Macro pin has more than 1 polygon
[DRT-6000] Macro pin has more than 1 polygon
[DRT-6000] Macro pin has more than 1 polygon
[DRT-6000] Macro pin has more than 1 polygon
[DRT-6000] Macro pin has more than 1 polygon
[DRT-6000] Macro pin has more than 1 polygon
[DRT-6000] Macro pin has more than 1 polygon
[DRT-6000] Macro pin has more than 1 polygon
[DRT-6000] Macro pin has more than 1 polygon
[DRT-6000] Macro pin has more than 1 polygon
[DRT-6000] Macro pin has more than 1 polygon
[DRT-6000] Macro pin has more than 1 polygon
[DRT-6000] Macro pin has more than 1 polygon
[DRT-6000] Macro pin has more than 1 polygon
[DRT-6000] Macro pin has more than 1 polygon
[DRT-6000] Macro pin has more than 1 polygon
[DRT-6000] Macro pin has more than 1 polygon
[DRT-6000] Macro pin has more than 1 polygon
[DRT-6000] Macro pin has more than 1 polygon
[DRT-6000] Macro pin has more than 1 polygon
[DRT-6000] Macro pin has more than 1 polygon
[DRT-6000] Macro pin has more than 1 polygon
[DRT-6000] Macro pin has more than 1 polygon
[DRT-6000] Macro pin has more than 1 polygon
[DRT-6000] Macro pin has more than 1 polygon
[DRT-6000] Macro pin has more than 1 polygon
[DRT-6000] Macro pin has more than 1 polygon
[DRT-6000] Macro pin has more than 1 polygon
[DRT-6000] Macro pin has more than 1 polygon
[DRT-6000] Macro pin has more than 1 polygon
[DRT-6000] Macro pin has more than 1 polygon
[DRT-6000] Macro pin has more than 1 polygon
[DRT-6000] Macro pin has more than 1 polygon
[DRT-6000] Macro pin has more than 1 polygon
[DRT-6000] Macro pin has more than 1 polygon
[DRT-6000] Macro pin has more than 1 polygon
[DRT-6000] Macro pin has more than 1 polygon
[DRT-6000] Macro pin has more than 1 polygon
[DRT-6000] Macro pin has more than 1 polygon
[DRT-6000] Macro pin has more than 1 polygon
[DRT-6000] Macro pin has more than 1 polygon
[DRT-6000] Macro pin has more than 1 polygon
[DRT-6000] Macro pin has more than 1 polygon
[DRT-6000] Macro pin has more than 1 polygon
[DRT-6000] Macro pin has more than 1 polygon
[DRT-6000] Macro pin has more than 1 polygon
[DRT-6000] Macro pin has more than 1 polygon
[DRT-6000] Macro pin has more than 1 polygon
[DRT-6000] Macro pin has more than 1 polygon
[DRT-6000] Macro pin has more than 1 polygon
[DRT-6000] Macro pin has more than 1 polygon
[DRT-6000] Macro pin has more than 1 polygon
[DRT-6000] Macro pin has more than 1 polygon
[DRT-6000] Macro pin has more than 1 polygon
[DRT-6000] Macro pin has more than 1 polygon
[DRT-6000] Macro pin has more than 1 polygon
[DRT-6000] Macro pin has more than 1 polygon
[DRT-6000] Macro pin has more than 1 polygon
[DRT-6000] Macro pin has more than 1 polygon
[DRT-6000] Macro pin has more than 1 polygon
[DRT-6000] Macro pin has more than 1 polygon
[DRT-6000] Macro pin has more than 1 polygon
[DRT-6000] Macro pin has more than 1 polygon
[DRT-6000] Macro pin has more than 1 polygon
[DRT-6000] Macro pin has more than 1 polygon
[DRT-6000] Macro pin has more than 1 polygon
[DRT-6000] Macro pin has more than 1 polygon
[DRT-6000] Macro pin has more than 1 polygon
[DRT-6000] Macro pin has more than 1 polygon
[DRT-6000] Macro pin has more than 1 polygon
[DRT-6000] Macro pin has more than 1 polygon
[DRT-6000] Macro pin has more than 1 polygon
[DRT-6000] Macro pin has more than 1 polygon
[DRT-6000] Macro pin has more than 1 polygon
[DRT-6000] Macro pin has more than 1 polygon
[DRT-6000] Macro pin has more than 1 polygon
[DRT-6000] Macro pin has more than 1 polygon
[DRT-6000] Macro pin has more than 1 polygon
[DRT-6000] Macro pin has more than 1 polygon
[DRT-6000] Macro pin has more than 1 polygon
[DRT-6000] Macro pin has more than 1 polygon
[DRT-6000] Macro pin has more than 1 polygon
[DRT-6000] Macro pin has more than 1 polygon
[DRT-6000] Macro pin has more than 1 polygon
[DRT-6000] Macro pin has more than 1 polygon
[DRT-6000] Macro pin has more than 1 polygon
[DRT-6000] Macro pin has more than 1 polygon
[DRT-6000] Macro pin has more than 1 polygon
[DRT-6000] Macro pin has more than 1 polygon
[DRT-6000] Macro pin has more than 1 polygon
[DRT-6000] Macro pin has more than 1 polygon
[DRT-6000] Macro pin has more than 1 polygon
[DRT-6000] Macro pin has more than 1 polygon
[DRT-6000] Macro pin has more than 1 polygon
[DRT-6000] Macro pin has more than 1 polygon
[DRT-6000] Macro pin has more than 1 polygon
[DRT-6000] Macro pin has more than 1 polygon
[DRT-6000] Macro pin has more than 1 polygon
[DRT-6000] Macro pin has more than 1 polygon
[DRT-6000] Macro pin has more than 1 polygon
[DRT-6000] Macro pin has more than 1 polygon
[DRT-6000] Macro pin has more than 1 polygon
[DRT-6000] Macro pin has more than 1 polygon
[DRT-6000] Macro pin has more than 1 polygon
[DRT-6000] Macro pin has more than 1 polygon
[DRT-6000] Macro pin has more than 1 polygon
[DRT-6000] Macro pin has more than 1 polygon
[DRT-6000] Macro pin has more than 1 polygon
[DRT-6000] Macro pin has more than 1 polygon
[DRT-6000] Macro pin has more than 1 polygon
[DRT-6000] Macro pin has more than 1 polygon
[DRT-6000] Macro pin has more than 1 polygon
[DRT-6000] Macro pin has more than 1 polygon
[DRT-6000] Macro pin has more than 1 polygon
[DRT-6000] Macro pin has more than 1 polygon
[DRT-6000] Macro pin has more than 1 polygon
[DRT-6000] Macro pin has more than 1 polygon
[DRT-6000] Macro pin has more than 1 polygon
[DRT-6000] Macro pin has more than 1 polygon
[DRT-6000] Macro pin has more than 1 polygon
[DRT-6000] Macro pin has more than 1 polygon
[DRT-6000] Macro pin has more than 1 polygon
[DRT-6000] Macro pin has more than 1 polygon
[DRT-6000] Macro pin has more than 1 polygon
[DRT-6000] Macro pin has more than 1 polygon
[DRT-6000] Macro pin has more than 1 polygon
[DRT-6000] Macro pin has more than 1 polygon
[DRT-6000] Macro pin has more than 1 polygon
[DRT-6000] Macro pin has more than 1 polygon
[DRT-6000] Macro pin has more than 1 polygon
[DRT-6000] Macro pin has more than 1 polygon
[DRT-6000] Macro pin has more than 1 polygon
[DRT-6000] Macro pin has more than 1 polygon
[DRT-6000] Macro pin has more than 1 polygon
[DRT-6000] Macro pin has more than 1 polygon
[DRT-6000] Macro pin has more than 1 polygon
[DRT-6000] Macro pin has more than 1 polygon
[DRT-6000] Macro pin has more than 1 polygon
[DRT-6000] Macro pin has more than 1 polygon
[DRT-6000] Macro pin has more than 1 polygon
[DRT-6000] Macro pin has more than 1 polygon
[DRT-6000] Macro pin has more than 1 polygon
[DRT-6000] Macro pin has more than 1 polygon
[DRT-6000] Macro pin has more than 1 polygon
[DRT-6000] Macro pin has more than 1 polygon
[DRT-6000] Macro pin has more than 1 polygon
[DRT-6000] Macro pin has more than 1 polygon
[DRT-6000] Macro pin has more than 1 polygon
[DRT-6000] Macro pin has more than 1 polygon
[DRT-6000] Macro pin has more than 1 polygon
[DRT-6000] Macro pin has more than 1 polygon
[DRT-6000] Macro pin has more than 1 polygon
[DRT-6000] Macro pin has more than 1 polygon
[DRT-6000] Macro pin has more than 1 polygon
[DRT-6000] Macro pin has more than 1 polygon
[DRT-6000] Macro pin has more than 1 polygon
[DRT-6000] Macro pin has more than 1 polygon
[DRT-6000] Macro pin has more than 1 polygon
[DRT-6000] Macro pin has more than 1 polygon
[DRT-6000] Macro pin has more than 1 polygon
[DRT-6000] Macro pin has more than 1 polygon
[DRT-6000] Macro pin has more than 1 polygon
[DRT-6000] Macro pin has more than 1 polygon
[DRT-6000] Macro pin has more than 1 polygon
[DRT-6000] Macro pin has more than 1 polygon
[DRT-6000] Macro pin has more than 1 polygon
[DRT-6000] Macro pin has more than 1 polygon
[DRT-6000] Macro pin has more than 1 polygon
[DRT-6000] Macro pin has more than 1 polygon
[DRT-6000] Macro pin has more than 1 polygon
[DRT-6000] Macro pin has more than 1 polygon
[DRT-6000] Macro pin has more than 1 polygon
[DRT-6000] Macro pin has more than 1 polygon
[DRT-6000] Macro pin has more than 1 polygon
[DRT-6000] Macro pin has more than 1 polygon
[DRT-6000] Macro pin has more than 1 polygon
[DRT-6000] Macro pin has more than 1 polygon
[DRT-6000] Macro pin has more than 1 polygon
[DRT-6000] Macro pin has more than 1 polygon
[DRT-6000] Macro pin has more than 1 polygon
[DRT-6000] Macro pin has more than 1 polygon
[DRT-6000] Macro pin has more than 1 polygon
[DRT-6000] Macro pin has more than 1 polygon
[DRT-6000] Macro pin has more than 1 polygon
[DRT-6000] Macro pin has more than 1 polygon
[DRT-6000] Macro pin has more than 1 polygon
[DRT-6000] Macro pin has more than 1 polygon
[DRT-6000] Macro pin has more than 1 polygon
[DRT-6000] Macro pin has more than 1 polygon
[DRT-6000] Macro pin has more than 1 polygon
[DRT-6000] Macro pin has more than 1 polygon
[DRT-6000] Macro pin has more than 1 polygon
[DRT-6000] Macro pin has more than 1 polygon
[DRT-6000] Macro pin has more than 1 polygon
[DRT-6000] Macro pin has more than 1 polygon
[DRT-6000] Macro pin has more than 1 polygon
[DRT-6000] Macro pin has more than 1 polygon
[DRT-6000] Macro pin has more than 1 polygon
[DRT-6000] Macro pin has more than 1 polygon
[DRT-6000] Macro pin has more than 1 polygon
[DRT-6000] Macro pin has more than 1 polygon
[DRT-6000] Macro pin has more than 1 polygon
[DRT-6000] Macro pin has more than 1 polygon
[DRT-6000] Macro pin has more than 1 polygon
[DRT-6000] Macro pin has more than 1 polygon
[DRT-6000] Macro pin has more than 1 polygon
[DRT-6000] Macro pin has more than 1 polygon
[DRT-6000] Macro pin has more than 1 polygon
[DRT-6000] Macro pin has more than 1 polygon
[DRT-6000] Macro pin has more than 1 polygon
[DRT-6000] Macro pin has more than 1 polygon
[DRT-6000] Macro pin has more than 1 polygon
[DRT-6000] Macro pin has more than 1 polygon
[DRT-6000] Macro pin has more than 1 polygon
[DRT-6000] Macro pin has more than 1 polygon
[DRT-6000] Macro pin has more than 1 polygon
[DRT-6000] Macro pin has more than 1 polygon
[DRT-6000] Macro pin has more than 1 polygon
[DRT-6000] Macro pin has more than 1 polygon
[DRT-6000] Macro pin has more than 1 polygon
[DRT-6000] Macro pin has more than 1 polygon
[DRT-6000] Macro pin has more than 1 polygon
[DRT-6000] Macro pin has more than 1 polygon
[DRT-6000] Macro pin has more than 1 polygon
[DRT-6000] Macro pin has more than 1 polygon
[DRT-6000] Macro pin has more than 1 polygon
[DRT-6000] Macro pin has more than 1 polygon
[DRT-6000] Macro pin has more than 1 polygon
[DRT-6000] Macro pin has more than 1 polygon
[DRT-6000] Macro pin has more than 1 polygon
[DRT-6000] Macro pin has more than 1 polygon
[DRT-6000] Macro pin has more than 1 polygon
[DRT-6000] Macro pin has more than 1 polygon
[DRT-6000] Macro pin has more than 1 polygon
[DRT-6000] Macro pin has more than 1 polygon
[DRT-6000] Macro pin has more than 1 polygon
[DRT-6000] Macro pin has more than 1 polygon
[DRT-6000] Macro pin has more than 1 polygon
[DRT-6000] Macro pin has more than 1 polygon
[DRT-6000] Macro pin has more than 1 polygon
[DRT-6000] Macro pin has more than 1 polygon
[DRT-6000] Macro pin has more than 1 polygon
[DRT-6000] Macro pin has more than 1 polygon
[DRT-6000] Macro pin has more than 1 polygon
[DRT-6000] Macro pin has more than 1 polygon
[DRT-6000] Macro pin has more than 1 polygon
[DRT-6000] Macro pin has more than 1 polygon
[DRT-6000] Macro pin has more than 1 polygon
[DRT-6000] Macro pin has more than 1 polygon
[DRT-6000] Macro pin has more than 1 polygon
[DRT-6000] Macro pin has more than 1 polygon
[DRT-6000] Macro pin has more than 1 polygon
[DRT-6000] Macro pin has more than 1 polygon
[DRT-6000] Macro pin has more than 1 polygon
[DRT-6000] Macro pin has more than 1 polygon
[DRT-6000] Macro pin has more than 1 polygon
[DRT-6000] Macro pin has more than 1 polygon
[DRT-6000] Macro pin has more than 1 polygon
[DRT-6000] Macro pin has more than 1 polygon
[DRT-6000] Macro pin has more than 1 polygon
[DRT-6000] Macro pin has more than 1 polygon
[DRT-6000] Macro pin has more than 1 polygon
[DRT-6000] Macro pin has more than 1 polygon
[DRT-6000] Macro pin has more than 1 polygon
[DRT-6000] Macro pin has more than 1 polygon
[DRT-6000] Macro pin has more than 1 polygon
[DRT-6000] Macro pin has more than 1 polygon
[DRT-6000] Macro pin has more than 1 polygon
[DRT-6000] Macro pin has more than 1 polygon
[DRT-6000] Macro pin has more than 1 polygon
[DRT-6000] Macro pin has more than 1 polygon
[DRT-6000] Macro pin has more than 1 polygon
[DRT-6000] Macro pin has more than 1 polygon
[DRT-6000] Macro pin has more than 1 polygon
[DRT-6000] Macro pin has more than 1 polygon
[DRT-6000] Macro pin has more than 1 polygon
[DRT-6000] Macro pin has more than 1 polygon
[DRT-6000] Macro pin has more than 1 polygon
[DRT-6000] Macro pin has more than 1 polygon
[DRT-6000] Macro pin has more than 1 polygon
[DRT-6000] Macro pin has more than 1 polygon
[DRT-6000] Macro pin has more than 1 polygon
[DRT-6000] Macro pin has more than 1 polygon
[DRT-6000] Macro pin has more than 1 polygon
[DRT-6000] Macro pin has more than 1 polygon
[DRT-6000] Macro pin has more than 1 polygon
[DRT-6000] Macro pin has more than 1 polygon
[DRT-6000] Macro pin has more than 1 polygon
[DRT-6000] Macro pin has more than 1 polygon
[DRT-6000] Macro pin has more than 1 polygon
[DRT-6000] Macro pin has more than 1 polygon
[DRT-6000] Macro pin has more than 1 polygon
[DRT-6000] Macro pin has more than 1 polygon
[DRT-6000] Macro pin has more than 1 polygon
[DRT-6000] Macro pin has more than 1 polygon
[DRT-6000] Macro pin has more than 1 polygon
[DRT-6000] Macro pin has more than 1 polygon
[DRT-6000] Macro pin has more than 1 polygon
[DRT-6000] Macro pin has more than 1 polygon
[DRT-6000] Macro pin has more than 1 polygon
[DRT-6000] Macro pin has more than 1 polygon
[DRT-6000] Macro pin has more than 1 polygon
[DRT-6000] Macro pin has more than 1 polygon
[DRT-6000] Macro pin has more than 1 polygon
[DRT-6000] Macro pin has more than 1 polygon
[DRT-6000] Macro pin has more than 1 polygon
[DRT-6000] Macro pin has more than 1 polygon
[DRT-6000] Macro pin has more than 1 polygon
[DRT-6000] Macro pin has more than 1 polygon
[DRT-6000] Macro pin has more than 1 polygon
[DRT-6000] Macro pin has more than 1 polygon
[DRT-6000] Macro pin has more than 1 polygon
[DRT-6000] Macro pin has more than 1 polygon
[DRT-6000] Macro pin has more than 1 polygon
[DRT-6000] Macro pin has more than 1 polygon
[DRT-6000] Macro pin has more than 1 polygon
[DRT-6000] Macro pin has more than 1 polygon
[DRT-6000] Macro pin has more than 1 polygon
[DRT-6000] Macro pin has more than 1 polygon
[DRT-6000] Macro pin has more than 1 polygon
[DRT-6000] Macro pin has more than 1 polygon
[DRT-6000] Macro pin has more than 1 polygon
[DRT-6000] Macro pin has more than 1 polygon
[DRT-6000] Macro pin has more than 1 polygon
[DRT-6000] Macro pin has more than 1 polygon
[DRT-6000] Macro pin has more than 1 polygon
[DRT-6000] Macro pin has more than 1 polygon
[DRT-6000] Macro pin has more than 1 polygon
[DRT-6000] Macro pin has more than 1 polygon
[DRT-6000] Macro pin has more than 1 polygon
[DRT-6000] Macro pin has more than 1 polygon
[DRT-6000] Macro pin has more than 1 polygon
[DRT-6000] Macro pin has more than 1 polygon
[DRT-6000] Macro pin has more than 1 polygon
[DRT-6000] Macro pin has more than 1 polygon
[DRT-6000] Macro pin has more than 1 polygon
[DRT-6000] Macro pin has more than 1 polygon
[DRT-6000] Macro pin has more than 1 polygon
[DRT-6000] Macro pin has more than 1 polygon
[DRT-6000] Macro pin has more than 1 polygon
[DRT-6000] Macro pin has more than 1 polygon
[DRT-6000] Macro pin has more than 1 polygon
[DRT-6000] Macro pin has more than 1 polygon
[DRT-6000] Macro pin has more than 1 polygon
[DRT-6000] Macro pin has more than 1 polygon
[DRT-6000] message limit (1000) reached. This message will no longer print.
[ORD-2001] LEF macro gf180mcu_ef_io__bi_t pin ANA missing from liberty cell.
Threshold for Threshold-surpassing long wires is not set. The checker will be skipped.
[ORD-2001] LEF macro gf180mcu_ef_io__bi_t pin ANA missing from liberty cell.
[ODB-0186] macro gf180mcu_fd_io__dvdd references unknown site GF_IO_Site
[ODB-0186] macro gf180mcu_fd_io__cor references unknown site GF_COR_Site
[ODB-0186] macro gf180mcu_fd_io__bi_24t references unknown site GF_IO_Site
[ODB-0186] macro gf180mcu_fd_io__bi_t references unknown site GF_IO_Site
[ODB-0186] macro gf180mcu_fd_io__dvss references unknown site GF_IO_Site
[ODB-0186] macro gf180mcu_fd_io__asig_5p0 references unknown site GF_IO_Site
[ODB-0186] macro gf180mcu_fd_io__in_c references unknown site GF_IO_Site
[ODB-0186] macro gf180mcu_fd_io__fill5 references unknown site GF_IO_Site
[ODB-0186] macro gf180mcu_fd_io__brk5 references unknown site GF_IO_Site
[ODB-0186] macro gf180mcu_fd_io__fill1 references unknown site GF_IO_Site
[ODB-0186] macro gf180mcu_fd_io__brk2 references unknown site GF_IO_Site
[ODB-0186] macro gf180mcu_fd_io__fillnc references unknown site GF_IO_Site
[ODB-0186] macro gf180mcu_ws_io__dvdd references unknown site GF_IO_Site
[ODB-0186] macro gf180mcu_fd_io__in_s references unknown site GF_IO_Site
[ODB-0186] macro gf180mcu_fd_io__fill10 references unknown site GF_IO_Site
[ODB-0186] macro gf180mcu_ef_io__bi_t references unknown site GF_IO_Site
[ODB-0186] macro gf180mcu_ws_io__dvss references unknown site GF_IO_Site
The XOR differences metric was not found. Are you sure the relevant step was run?
Max Cap violations found in the following corners:
* max_ff_n40C_3v60
* max_tt_025C_3v30
* min_ff_n40C_3v60
* min_tt_025C_3v30
* nom_ff_n40C_3v60
* nom_tt_025C_3v30
'design__lvs_error__count' not reported. Netgen.LVS may have been skipped.
magic__drc_error__count not reported. Magic.DRC may have been skipped.
