Reading timing models for corner nom_tt_025C_3v30…
Reading timing library for the 'nom_tt_025C_3v30' corner at '/home/etcfranc/NoCNoC/gf180mcu/gf180mcuD/libs.ref/gf180mcu_as_sc_mcu7t3v3/lib/gf180mcu_as_sc_mcu7t3v3__tt_025C_3v30.lib'…
Reading timing library for the 'nom_tt_025C_3v30' corner at '/home/etcfranc/NoCNoC/gf180mcu/gf180mcuD/libs.ref/gf180mcu_fd_io/lib/gf180mcu_fd_io__tt_025C_3v30.lib'…
Reading timing library for the 'nom_tt_025C_3v30' corner at '/home/etcfranc/NoCNoC/gf180mcu/gf180mcuD/libs.ref/gf180mcu_fd_io/lib/gf180mcu_ws_io__tt_025C_5v00.lib'…
Reading timing library for the 'nom_tt_025C_3v30' corner at '/home/etcfranc/NoCNoC/libs/gf180mcu_ocd_ip_sram/cells/gf180mcu_ocd_ip_sram__sram1024x8m8wm1/gf180mcu_ocd_ip_sram__sram1024x8m8wm1__tt_025C_3v30.lib'…
Reading OpenROAD database at '/home/etcfranc/NoCNoC/librelane/noc_tile/runs/RUN_2026-05-08_18-38-35/42-openroad-repairantennas/1-openroad-diodeinsertion/mesh_tile.odb'…
[WARNING ORD-2001] LEF macro gf180mcu_ef_io__bi_t pin ANA missing from liberty cell.
Reading design constraints file at '/nix/store/xjkk69lna4pw6jkb6bhsvqkgmfkjqxg5-python3-3.13.9-env/lib/python3.13/site-packages/librelane/scripts/base.sdc'…
[INFO] Using clock clk…
[INFO] Setting output delay to: 8
[INFO] Setting input delay to: 8
[INFO] Setting load to: 0.07291
[INFO] Setting clock uncertainty to: 0.25
[INFO] Setting clock transition to: 0.15
[INFO] Setting timing derate to: 5%
[INFO ORD-0030] Using 192 thread(s).
+ detailed_route -droute_end_iter 64 -or_seed 42 -verbose 1 -output_drc /home/etcfranc/NoCNoC/librelane/noc_tile/runs/RUN_2026-05-08_18-38-35/44-openroad-detailedrouting/drt-run-0/mesh_tile.drc
[INFO DRT-0149] Reading tech and libs.
[WARNING DRT-0349] LEF58_ENCLOSURE with no CUTCLASS is not supported. Skipping for layer Via1
[WARNING DRT-0349] LEF58_ENCLOSURE with no CUTCLASS is not supported. Skipping for layer Via1
[WARNING DRT-0349] LEF58_ENCLOSURE with no CUTCLASS is not supported. Skipping for layer Via2
[WARNING DRT-0349] LEF58_ENCLOSURE with no CUTCLASS is not supported. Skipping for layer Via2
[WARNING DRT-0349] LEF58_ENCLOSURE with no CUTCLASS is not supported. Skipping for layer Via3
[WARNING DRT-0349] LEF58_ENCLOSURE with no CUTCLASS is not supported. Skipping for layer Via3
[WARNING DRT-0349] LEF58_ENCLOSURE with no CUTCLASS is not supported. Skipping for layer Via4
[WARNING DRT-0349] LEF58_ENCLOSURE with no CUTCLASS is not supported. Skipping for layer Via4

Units:                2000
Number of layers:     11
Number of macros:     85
Number of vias:       156
Number of viarulegen: 16

[INFO DRT-0150] Reading design.

Design:                   mesh_tile
Die area:                 ( 0 0 ) ( 1800000 1500000 )
Number of track patterns: 10
Number of DEF vias:       0
Number of components:     6604
Number of terminals:      599
Number of snets:          2
Number of nets:           4350

[INFO DRT-0167] List of default vias:
  Layer Via2
    default via: Via2_VH
  Layer Via3
    default via: Via3_HV
  Layer Via4
    default via: Via4_VH
[INFO DRT-0162] Library cell analysis.
[INFO DRT-0163] Instance analysis.
[INFO DRT-0164] Number of unique instances = 73.
[INFO DRT-0168] Init region query.
[INFO DRT-0024]   Complete Poly2.
[INFO DRT-0024]   Complete CON.
[INFO DRT-0024]   Complete Metal1.
[INFO DRT-0024]   Complete Via1.
[INFO DRT-0024]   Complete Metal2.
[INFO DRT-0024]   Complete Via2.
[INFO DRT-0024]   Complete Metal3.
[INFO DRT-0024]   Complete Via3.
[INFO DRT-0024]   Complete Metal4.
[INFO DRT-0024]   Complete Via4.
[INFO DRT-0024]   Complete Metal5.
[INFO DRT-0033] Poly2 shape region query size = 0.
[INFO DRT-0033] CON shape region query size = 0.
[INFO DRT-0033] Metal1 shape region query size = 116755.
[INFO DRT-0033] Via1 shape region query size = 10122.
[INFO DRT-0033] Metal2 shape region query size = 8330.
[INFO DRT-0033] Via2 shape region query size = 19346.
[INFO DRT-0033] Metal3 shape region query size = 4494.
[INFO DRT-0033] Via3 shape region query size = 4530.
[INFO DRT-0033] Metal4 shape region query size = 374.
[INFO DRT-0033] Via4 shape region query size = 0.
[INFO DRT-0033] Metal5 shape region query size = 0.
[INFO DRT-0165] Start pin access.
[WARNING DRT-6000] Macro pin has more than 1 polygon
[WARNING DRT-6000] Macro pin has more than 1 polygon
[WARNING DRT-6000] Macro pin has more than 1 polygon
[WARNING DRT-6000] Macro pin has more than 1 polygon
[WARNING DRT-6000] Macro pin has more than 1 polygon
[WARNING DRT-6000] Macro pin has more than 1 polygon
[WARNING DRT-6000] Macro pin has more than 1 polygon
[WARNING DRT-6000] Macro pin has more than 1 polygon
[WARNING DRT-6000] Macro pin has more than 1 polygon
[WARNING DRT-6000] Macro pin has more than 1 polygon
[WARNING DRT-6000] Macro pin has more than 1 polygon
[WARNING DRT-6000] Macro pin has more than 1 polygon
[WARNING DRT-6000] Macro pin has more than 1 polygon
[WARNING DRT-6000] Macro pin has more than 1 polygon
[WARNING DRT-6000] Macro pin has more than 1 polygon
[WARNING DRT-6000] Macro pin has more than 1 polygon
[WARNING DRT-6000] Macro pin has more than 1 polygon
[WARNING DRT-6000] Macro pin has more than 1 polygon
[WARNING DRT-6000] Macro pin has more than 1 polygon
[WARNING DRT-6000] Macro pin has more than 1 polygon
[WARNING DRT-6000] Macro pin has more than 1 polygon
[WARNING DRT-6000] Macro pin has more than 1 polygon
[WARNING DRT-6000] Macro pin has more than 1 polygon
[WARNING DRT-6000] Macro pin has more than 1 polygon
[WARNING DRT-6000] Macro pin has more than 1 polygon
[WARNING DRT-6000] Macro pin has more than 1 polygon
[WARNING DRT-6000] Macro pin has more than 1 polygon
[WARNING DRT-6000] Macro pin has more than 1 polygon
[WARNING DRT-6000] Macro pin has more than 1 polygon
[WARNING DRT-6000] Macro pin has more than 1 polygon
[WARNING DRT-6000] Macro pin has more than 1 polygon
[WARNING DRT-6000] Macro pin has more than 1 polygon
[WARNING DRT-6000] Macro pin has more than 1 polygon
[WARNING DRT-6000] Macro pin has more than 1 polygon
[WARNING DRT-6000] Macro pin has more than 1 polygon
[WARNING DRT-6000] Macro pin has more than 1 polygon
[WARNING DRT-6000] Macro pin has more than 1 polygon
[WARNING DRT-6000] Macro pin has more than 1 polygon
[WARNING DRT-6000] Macro pin has more than 1 polygon
[WARNING DRT-6000] Macro pin has more than 1 polygon
[WARNING DRT-6000] Macro pin has more than 1 polygon
[WARNING DRT-6000] Macro pin has more than 1 polygon
[WARNING DRT-6000] Macro pin has more than 1 polygon
[WARNING DRT-6000] Macro pin has more than 1 polygon
[WARNING DRT-6000] Macro pin has more than 1 polygon
[WARNING DRT-6000] Macro pin has more than 1 polygon
[WARNING DRT-6000] Macro pin has more than 1 polygon
[WARNING DRT-6000] Macro pin has more than 1 polygon
[WARNING DRT-6000] Macro pin has more than 1 polygon
[WARNING DRT-6000] Macro pin has more than 1 polygon
[WARNING DRT-6000] Macro pin has more than 1 polygon
[WARNING DRT-6000] Macro pin has more than 1 polygon
[WARNING DRT-6000] Macro pin has more than 1 polygon
[WARNING DRT-6000] Macro pin has more than 1 polygon
[WARNING DRT-6000] Macro pin has more than 1 polygon
[WARNING DRT-6000] Macro pin has more than 1 polygon
[WARNING DRT-6000] Macro pin has more than 1 polygon
[WARNING DRT-6000] Macro pin has more than 1 polygon
[WARNING DRT-6000] Macro pin has more than 1 polygon
[WARNING DRT-6000] Macro pin has more than 1 polygon
[WARNING DRT-6000] Macro pin has more than 1 polygon
[WARNING DRT-6000] Macro pin has more than 1 polygon
[WARNING DRT-6000] Macro pin has more than 1 polygon
[WARNING DRT-6000] Macro pin has more than 1 polygon
[WARNING DRT-6000] Macro pin has more than 1 polygon
[WARNING DRT-6000] Macro pin has more than 1 polygon
[WARNING DRT-6000] Macro pin has more than 1 polygon
[WARNING DRT-6000] Macro pin has more than 1 polygon
[WARNING DRT-6000] Macro pin has more than 1 polygon
[WARNING DRT-6000] Macro pin has more than 1 polygon
[WARNING DRT-6000] Macro pin has more than 1 polygon
[WARNING DRT-6000] Macro pin has more than 1 polygon
[WARNING DRT-6000] Macro pin has more than 1 polygon
[WARNING DRT-6000] Macro pin has more than 1 polygon
[WARNING DRT-6000] Macro pin has more than 1 polygon
[WARNING DRT-6000] Macro pin has more than 1 polygon
[WARNING DRT-6000] Macro pin has more than 1 polygon
[WARNING DRT-6000] Macro pin has more than 1 polygon
[WARNING DRT-6000] Macro pin has more than 1 polygon
[WARNING DRT-6000] Macro pin has more than 1 polygon
[WARNING DRT-6000] Macro pin has more than 1 polygon
[WARNING DRT-6000] Macro pin has more than 1 polygon
[WARNING DRT-6000] Macro pin has more than 1 polygon
[WARNING DRT-6000] Macro pin has more than 1 polygon
[WARNING DRT-6000] Macro pin has more than 1 polygon
[WARNING DRT-6000] Macro pin has more than 1 polygon
[WARNING DRT-6000] Macro pin has more than 1 polygon
[WARNING DRT-6000] Macro pin has more than 1 polygon
[WARNING DRT-6000] Macro pin has more than 1 polygon
[WARNING DRT-6000] Macro pin has more than 1 polygon
[WARNING DRT-6000] Macro pin has more than 1 polygon
[WARNING DRT-6000] Macro pin has more than 1 polygon
[WARNING DRT-6000] Macro pin has more than 1 polygon
[WARNING DRT-6000] Macro pin has more than 1 polygon
[WARNING DRT-6000] Macro pin has more than 1 polygon
[WARNING DRT-6000] Macro pin has more than 1 polygon
[WARNING DRT-6000] Macro pin has more than 1 polygon
[WARNING DRT-6000] Macro pin has more than 1 polygon
[WARNING DRT-6000] Macro pin has more than 1 polygon
[WARNING DRT-6000] Macro pin has more than 1 polygon
[WARNING DRT-6000] Macro pin has more than 1 polygon
[WARNING DRT-6000] Macro pin has more than 1 polygon
[WARNING DRT-6000] Macro pin has more than 1 polygon
[WARNING DRT-6000] Macro pin has more than 1 polygon
[WARNING DRT-6000] Macro pin has more than 1 polygon
[WARNING DRT-6000] Macro pin has more than 1 polygon
[WARNING DRT-6000] Macro pin has more than 1 polygon
[WARNING DRT-6000] Macro pin has more than 1 polygon
[WARNING DRT-6000] Macro pin has more than 1 polygon
[WARNING DRT-6000] Macro pin has more than 1 polygon
[WARNING DRT-6000] Macro pin has more than 1 polygon
[WARNING DRT-6000] Macro pin has more than 1 polygon
[WARNING DRT-6000] Macro pin has more than 1 polygon
[WARNING DRT-6000] Macro pin has more than 1 polygon
[WARNING DRT-6000] Macro pin has more than 1 polygon
[WARNING DRT-6000] Macro pin has more than 1 polygon
[WARNING DRT-6000] Macro pin has more than 1 polygon
[WARNING DRT-6000] Macro pin has more than 1 polygon
[WARNING DRT-6000] Macro pin has more than 1 polygon
[WARNING DRT-6000] Macro pin has more than 1 polygon
[WARNING DRT-6000] Macro pin has more than 1 polygon
[WARNING DRT-6000] Macro pin has more than 1 polygon
[WARNING DRT-6000] Macro pin has more than 1 polygon
[WARNING DRT-6000] Macro pin has more than 1 polygon
[WARNING DRT-6000] Macro pin has more than 1 polygon
[WARNING DRT-6000] Macro pin has more than 1 polygon
[WARNING DRT-6000] Macro pin has more than 1 polygon
[WARNING DRT-6000] Macro pin has more than 1 polygon
[WARNING DRT-6000] Macro pin has more than 1 polygon
[WARNING DRT-6000] Macro pin has more than 1 polygon
[WARNING DRT-6000] Macro pin has more than 1 polygon
[WARNING DRT-6000] Macro pin has more than 1 polygon
[WARNING DRT-6000] Macro pin has more than 1 polygon
[WARNING DRT-6000] Macro pin has more than 1 polygon
[WARNING DRT-6000] Macro pin has more than 1 polygon
[WARNING DRT-6000] Macro pin has more than 1 polygon
[WARNING DRT-6000] Macro pin has more than 1 polygon
[WARNING DRT-6000] Macro pin has more than 1 polygon
[WARNING DRT-6000] Macro pin has more than 1 polygon
[WARNING DRT-6000] Macro pin has more than 1 polygon
[WARNING DRT-6000] Macro pin has more than 1 polygon
[WARNING DRT-6000] Macro pin has more than 1 polygon
[WARNING DRT-6000] Macro pin has more than 1 polygon
[WARNING DRT-6000] Macro pin has more than 1 polygon
[WARNING DRT-6000] Macro pin has more than 1 polygon
[WARNING DRT-6000] Macro pin has more than 1 polygon
[WARNING DRT-6000] Macro pin has more than 1 polygon
[WARNING DRT-6000] Macro pin has more than 1 polygon
[WARNING DRT-6000] Macro pin has more than 1 polygon
[WARNING DRT-6000] Macro pin has more than 1 polygon
[WARNING DRT-6000] Macro pin has more than 1 polygon
[WARNING DRT-6000] Macro pin has more than 1 polygon
[WARNING DRT-6000] Macro pin has more than 1 polygon
[WARNING DRT-6000] Macro pin has more than 1 polygon
[WARNING DRT-6000] Macro pin has more than 1 polygon
[WARNING DRT-6000] Macro pin has more than 1 polygon
[WARNING DRT-6000] Macro pin has more than 1 polygon
[WARNING DRT-6000] Macro pin has more than 1 polygon
[WARNING DRT-6000] Macro pin has more than 1 polygon
[WARNING DRT-6000] Macro pin has more than 1 polygon
[WARNING DRT-6000] Macro pin has more than 1 polygon
[WARNING DRT-6000] Macro pin has more than 1 polygon
[WARNING DRT-6000] Macro pin has more than 1 polygon
[WARNING DRT-6000] Macro pin has more than 1 polygon
[WARNING DRT-6000] Macro pin has more than 1 polygon
[WARNING DRT-6000] Macro pin has more than 1 polygon
[WARNING DRT-6000] Macro pin has more than 1 polygon
[WARNING DRT-6000] Macro pin has more than 1 polygon
[WARNING DRT-6000] Macro pin has more than 1 polygon
[WARNING DRT-6000] Macro pin has more than 1 polygon
[WARNING DRT-6000] Macro pin has more than 1 polygon
[WARNING DRT-6000] Macro pin has more than 1 polygon
[WARNING DRT-6000] Macro pin has more than 1 polygon
[WARNING DRT-6000] Macro pin has more than 1 polygon
[WARNING DRT-6000] Macro pin has more than 1 polygon
[WARNING DRT-6000] Macro pin has more than 1 polygon
[WARNING DRT-6000] Macro pin has more than 1 polygon
[WARNING DRT-6000] Macro pin has more than 1 polygon
[WARNING DRT-6000] Macro pin has more than 1 polygon
[WARNING DRT-6000] Macro pin has more than 1 polygon
[WARNING DRT-6000] Macro pin has more than 1 polygon
[WARNING DRT-6000] Macro pin has more than 1 polygon
[WARNING DRT-6000] Macro pin has more than 1 polygon
[WARNING DRT-6000] Macro pin has more than 1 polygon
[WARNING DRT-6000] Macro pin has more than 1 polygon
[WARNING DRT-6000] Macro pin has more than 1 polygon
[WARNING DRT-6000] Macro pin has more than 1 polygon
[WARNING DRT-6000] Macro pin has more than 1 polygon
[WARNING DRT-6000] Macro pin has more than 1 polygon
[WARNING DRT-6000] Macro pin has more than 1 polygon
[WARNING DRT-6000] Macro pin has more than 1 polygon
[WARNING DRT-6000] Macro pin has more than 1 polygon
[WARNING DRT-6000] Macro pin has more than 1 polygon
[WARNING DRT-6000] Macro pin has more than 1 polygon
[WARNING DRT-6000] Macro pin has more than 1 polygon
[WARNING DRT-6000] Macro pin has more than 1 polygon
[WARNING DRT-6000] Macro pin has more than 1 polygon
[WARNING DRT-6000] Macro pin has more than 1 polygon
[WARNING DRT-6000] Macro pin has more than 1 polygon
[WARNING DRT-6000] Macro pin has more than 1 polygon
[WARNING DRT-6000] Macro pin has more than 1 polygon
[WARNING DRT-6000] Macro pin has more than 1 polygon
[WARNING DRT-6000] Macro pin has more than 1 polygon
[WARNING DRT-6000] Macro pin has more than 1 polygon
[WARNING DRT-6000] Macro pin has more than 1 polygon
[WARNING DRT-6000] Macro pin has more than 1 polygon
[WARNING DRT-6000] Macro pin has more than 1 polygon
[WARNING DRT-6000] Macro pin has more than 1 polygon
[WARNING DRT-6000] Macro pin has more than 1 polygon
[WARNING DRT-6000] Macro pin has more than 1 polygon
[WARNING DRT-6000] Macro pin has more than 1 polygon
[WARNING DRT-6000] Macro pin has more than 1 polygon
[WARNING DRT-6000] Macro pin has more than 1 polygon
[WARNING DRT-6000] Macro pin has more than 1 polygon
[WARNING DRT-6000] Macro pin has more than 1 polygon
[WARNING DRT-6000] Macro pin has more than 1 polygon
[WARNING DRT-6000] Macro pin has more than 1 polygon
[WARNING DRT-6000] Macro pin has more than 1 polygon
[WARNING DRT-6000] Macro pin has more than 1 polygon
[WARNING DRT-6000] Macro pin has more than 1 polygon
[WARNING DRT-6000] Macro pin has more than 1 polygon
[WARNING DRT-6000] Macro pin has more than 1 polygon
[WARNING DRT-6000] Macro pin has more than 1 polygon
[WARNING DRT-6000] Macro pin has more than 1 polygon
[WARNING DRT-6000] Macro pin has more than 1 polygon
[WARNING DRT-6000] Macro pin has more than 1 polygon
[WARNING DRT-6000] Macro pin has more than 1 polygon
[WARNING DRT-6000] Macro pin has more than 1 polygon
[WARNING DRT-6000] Macro pin has more than 1 polygon
[WARNING DRT-6000] Macro pin has more than 1 polygon
[WARNING DRT-6000] Macro pin has more than 1 polygon
[WARNING DRT-6000] Macro pin has more than 1 polygon
[WARNING DRT-6000] Macro pin has more than 1 polygon
[WARNING DRT-6000] Macro pin has more than 1 polygon
[WARNING DRT-6000] Macro pin has more than 1 polygon
[WARNING DRT-6000] Macro pin has more than 1 polygon
[WARNING DRT-6000] Macro pin has more than 1 polygon
[WARNING DRT-6000] Macro pin has more than 1 polygon
[WARNING DRT-6000] Macro pin has more than 1 polygon
[WARNING DRT-6000] Macro pin has more than 1 polygon
[WARNING DRT-6000] Macro pin has more than 1 polygon
[WARNING DRT-6000] Macro pin has more than 1 polygon
[WARNING DRT-6000] Macro pin has more than 1 polygon
[WARNING DRT-6000] Macro pin has more than 1 polygon
[WARNING DRT-6000] Macro pin has more than 1 polygon
[WARNING DRT-6000] Macro pin has more than 1 polygon
[WARNING DRT-6000] Macro pin has more than 1 polygon
[WARNING DRT-6000] Macro pin has more than 1 polygon
[WARNING DRT-6000] Macro pin has more than 1 polygon
[WARNING DRT-6000] Macro pin has more than 1 polygon
[WARNING DRT-6000] Macro pin has more than 1 polygon
[WARNING DRT-6000] Macro pin has more than 1 polygon
[WARNING DRT-6000] Macro pin has more than 1 polygon
[WARNING DRT-6000] Macro pin has more than 1 polygon
[WARNING DRT-6000] Macro pin has more than 1 polygon
[WARNING DRT-6000] Macro pin has more than 1 polygon
[WARNING DRT-6000] Macro pin has more than 1 polygon
[WARNING DRT-6000] Macro pin has more than 1 polygon
[WARNING DRT-6000] Macro pin has more than 1 polygon
[WARNING DRT-6000] Macro pin has more than 1 polygon
[WARNING DRT-6000] Macro pin has more than 1 polygon
[WARNING DRT-6000] Macro pin has more than 1 polygon
[WARNING DRT-6000] Macro pin has more than 1 polygon
[WARNING DRT-6000] Macro pin has more than 1 polygon
[WARNING DRT-6000] Macro pin has more than 1 polygon
[WARNING DRT-6000] Macro pin has more than 1 polygon
[WARNING DRT-6000] Macro pin has more than 1 polygon
[WARNING DRT-6000] Macro pin has more than 1 polygon
[WARNING DRT-6000] Macro pin has more than 1 polygon
[WARNING DRT-6000] Macro pin has more than 1 polygon
[WARNING DRT-6000] Macro pin has more than 1 polygon
[WARNING DRT-6000] Macro pin has more than 1 polygon
[WARNING DRT-6000] Macro pin has more than 1 polygon
[WARNING DRT-6000] Macro pin has more than 1 polygon
[WARNING DRT-6000] Macro pin has more than 1 polygon
[WARNING DRT-6000] Macro pin has more than 1 polygon
[WARNING DRT-6000] Macro pin has more than 1 polygon
[WARNING DRT-6000] Macro pin has more than 1 polygon
[WARNING DRT-6000] Macro pin has more than 1 polygon
[WARNING DRT-6000] Macro pin has more than 1 polygon
[WARNING DRT-6000] Macro pin has more than 1 polygon
[WARNING DRT-6000] Macro pin has more than 1 polygon
[WARNING DRT-6000] Macro pin has more than 1 polygon
[WARNING DRT-6000] Macro pin has more than 1 polygon
[WARNING DRT-6000] Macro pin has more than 1 polygon
[WARNING DRT-6000] Macro pin has more than 1 polygon
[WARNING DRT-6000] Macro pin has more than 1 polygon
[WARNING DRT-6000] Macro pin has more than 1 polygon
[WARNING DRT-6000] Macro pin has more than 1 polygon
[WARNING DRT-6000] Macro pin has more than 1 polygon
[WARNING DRT-6000] Macro pin has more than 1 polygon
[WARNING DRT-6000] Macro pin has more than 1 polygon
[WARNING DRT-6000] Macro pin has more than 1 polygon
[WARNING DRT-6000] Macro pin has more than 1 polygon
[WARNING DRT-6000] Macro pin has more than 1 polygon
[WARNING DRT-6000] Macro pin has more than 1 polygon
[WARNING DRT-6000] Macro pin has more than 1 polygon
[WARNING DRT-6000] Macro pin has more than 1 polygon
[WARNING DRT-6000] Macro pin has more than 1 polygon
[WARNING DRT-6000] Macro pin has more than 1 polygon
[WARNING DRT-6000] Macro pin has more than 1 polygon
[WARNING DRT-6000] Macro pin has more than 1 polygon
[WARNING DRT-6000] Macro pin has more than 1 polygon
[WARNING DRT-6000] Macro pin has more than 1 polygon
[WARNING DRT-6000] Macro pin has more than 1 polygon
[WARNING DRT-6000] Macro pin has more than 1 polygon
[WARNING DRT-6000] Macro pin has more than 1 polygon
[WARNING DRT-6000] Macro pin has more than 1 polygon
[WARNING DRT-6000] Macro pin has more than 1 polygon
[WARNING DRT-6000] Macro pin has more than 1 polygon
[WARNING DRT-6000] Macro pin has more than 1 polygon
[WARNING DRT-6000] Macro pin has more than 1 polygon
[WARNING DRT-6000] Macro pin has more than 1 polygon
[WARNING DRT-6000] Macro pin has more than 1 polygon
[WARNING DRT-6000] Macro pin has more than 1 polygon
[WARNING DRT-6000] Macro pin has more than 1 polygon
[WARNING DRT-6000] Macro pin has more than 1 polygon
[WARNING DRT-6000] Macro pin has more than 1 polygon
[WARNING DRT-6000] Macro pin has more than 1 polygon
[WARNING DRT-6000] Macro pin has more than 1 polygon
[WARNING DRT-6000] Macro pin has more than 1 polygon
[WARNING DRT-6000] Macro pin has more than 1 polygon
[WARNING DRT-6000] Macro pin has more than 1 polygon
[WARNING DRT-6000] Macro pin has more than 1 polygon
[WARNING DRT-6000] Macro pin has more than 1 polygon
[WARNING DRT-6000] Macro pin has more than 1 polygon
[WARNING DRT-6000] Macro pin has more than 1 polygon
[WARNING DRT-6000] Macro pin has more than 1 polygon
[WARNING DRT-6000] Macro pin has more than 1 polygon
[WARNING DRT-6000] Macro pin has more than 1 polygon
[WARNING DRT-6000] Macro pin has more than 1 polygon
[WARNING DRT-6000] Macro pin has more than 1 polygon
[WARNING DRT-6000] Macro pin has more than 1 polygon
[WARNING DRT-6000] Macro pin has more than 1 polygon
[WARNING DRT-6000] Macro pin has more than 1 polygon
[WARNING DRT-6000] Macro pin has more than 1 polygon
[WARNING DRT-6000] Macro pin has more than 1 polygon
[WARNING DRT-6000] Macro pin has more than 1 polygon
[WARNING DRT-6000] Macro pin has more than 1 polygon
[WARNING DRT-6000] Macro pin has more than 1 polygon
[WARNING DRT-6000] Macro pin has more than 1 polygon
[WARNING DRT-6000] Macro pin has more than 1 polygon
[WARNING DRT-6000] Macro pin has more than 1 polygon
[WARNING DRT-6000] Macro pin has more than 1 polygon
[WARNING DRT-6000] Macro pin has more than 1 polygon
[WARNING DRT-6000] Macro pin has more than 1 polygon
[WARNING DRT-6000] Macro pin has more than 1 polygon
[WARNING DRT-6000] Macro pin has more than 1 polygon
[WARNING DRT-6000] Macro pin has more than 1 polygon
[WARNING DRT-6000] Macro pin has more than 1 polygon
[WARNING DRT-6000] Macro pin has more than 1 polygon
[WARNING DRT-6000] Macro pin has more than 1 polygon
[WARNING DRT-6000] Macro pin has more than 1 polygon
[WARNING DRT-6000] Macro pin has more than 1 polygon
[WARNING DRT-6000] Macro pin has more than 1 polygon
[WARNING DRT-6000] Macro pin has more than 1 polygon
[WARNING DRT-6000] Macro pin has more than 1 polygon
[WARNING DRT-6000] Macro pin has more than 1 polygon
[WARNING DRT-6000] Macro pin has more than 1 polygon
[WARNING DRT-6000] Macro pin has more than 1 polygon
[WARNING DRT-6000] Macro pin has more than 1 polygon
[WARNING DRT-6000] Macro pin has more than 1 polygon
[WARNING DRT-6000] Macro pin has more than 1 polygon
[WARNING DRT-6000] Macro pin has more than 1 polygon
[WARNING DRT-6000] Macro pin has more than 1 polygon
[WARNING DRT-6000] Macro pin has more than 1 polygon
[WARNING DRT-6000] Macro pin has more than 1 polygon
[WARNING DRT-6000] Macro pin has more than 1 polygon
[WARNING DRT-6000] Macro pin has more than 1 polygon
[WARNING DRT-6000] Macro pin has more than 1 polygon
[WARNING DRT-6000] Macro pin has more than 1 polygon
[WARNING DRT-6000] Macro pin has more than 1 polygon
[WARNING DRT-6000] Macro pin has more than 1 polygon
[WARNING DRT-6000] Macro pin has more than 1 polygon
[WARNING DRT-6000] Macro pin has more than 1 polygon
[WARNING DRT-6000] Macro pin has more than 1 polygon
[WARNING DRT-6000] Macro pin has more than 1 polygon
[WARNING DRT-6000] Macro pin has more than 1 polygon
[WARNING DRT-6000] Macro pin has more than 1 polygon
[WARNING DRT-6000] Macro pin has more than 1 polygon
[WARNING DRT-6000] Macro pin has more than 1 polygon
[WARNING DRT-6000] Macro pin has more than 1 polygon
[WARNING DRT-6000] Macro pin has more than 1 polygon
[WARNING DRT-6000] Macro pin has more than 1 polygon
[WARNING DRT-6000] Macro pin has more than 1 polygon
[WARNING DRT-6000] Macro pin has more than 1 polygon
[WARNING DRT-6000] Macro pin has more than 1 polygon
[WARNING DRT-6000] Macro pin has more than 1 polygon
[WARNING DRT-6000] Macro pin has more than 1 polygon
[WARNING DRT-6000] Macro pin has more than 1 polygon
[WARNING DRT-6000] Macro pin has more than 1 polygon
[WARNING DRT-6000] Macro pin has more than 1 polygon
[WARNING DRT-6000] Macro pin has more than 1 polygon
[WARNING DRT-6000] Macro pin has more than 1 polygon
[WARNING DRT-6000] Macro pin has more than 1 polygon
[WARNING DRT-6000] Macro pin has more than 1 polygon
[WARNING DRT-6000] Macro pin has more than 1 polygon
[WARNING DRT-6000] Macro pin has more than 1 polygon
[WARNING DRT-6000] Macro pin has more than 1 polygon
[WARNING DRT-6000] Macro pin has more than 1 polygon
[WARNING DRT-6000] Macro pin has more than 1 polygon
[WARNING DRT-6000] Macro pin has more than 1 polygon
[WARNING DRT-6000] Macro pin has more than 1 polygon
[WARNING DRT-6000] Macro pin has more than 1 polygon
[WARNING DRT-6000] Macro pin has more than 1 polygon
[WARNING DRT-6000] Macro pin has more than 1 polygon
[WARNING DRT-6000] Macro pin has more than 1 polygon
[WARNING DRT-6000] Macro pin has more than 1 polygon
[WARNING DRT-6000] Macro pin has more than 1 polygon
[WARNING DRT-6000] Macro pin has more than 1 polygon
[WARNING DRT-6000] Macro pin has more than 1 polygon
[WARNING DRT-6000] Macro pin has more than 1 polygon
[WARNING DRT-6000] Macro pin has more than 1 polygon
[WARNING DRT-6000] Macro pin has more than 1 polygon
[WARNING DRT-6000] Macro pin has more than 1 polygon
[WARNING DRT-6000] Macro pin has more than 1 polygon
[WARNING DRT-6000] Macro pin has more than 1 polygon
[WARNING DRT-6000] Macro pin has more than 1 polygon
[WARNING DRT-6000] Macro pin has more than 1 polygon
[WARNING DRT-6000] Macro pin has more than 1 polygon
[WARNING DRT-6000] Macro pin has more than 1 polygon
[WARNING DRT-6000] Macro pin has more than 1 polygon
[WARNING DRT-6000] Macro pin has more than 1 polygon
[WARNING DRT-6000] Macro pin has more than 1 polygon
[WARNING DRT-6000] Macro pin has more than 1 polygon
[WARNING DRT-6000] Macro pin has more than 1 polygon
[WARNING DRT-6000] Macro pin has more than 1 polygon
[WARNING DRT-6000] Macro pin has more than 1 polygon
[WARNING DRT-6000] Macro pin has more than 1 polygon
[WARNING DRT-6000] Macro pin has more than 1 polygon
[WARNING DRT-6000] Macro pin has more than 1 polygon
[WARNING DRT-6000] Macro pin has more than 1 polygon
[WARNING DRT-6000] Macro pin has more than 1 polygon
[WARNING DRT-6000] Macro pin has more than 1 polygon
[WARNING DRT-6000] Macro pin has more than 1 polygon
[WARNING DRT-6000] Macro pin has more than 1 polygon
[WARNING DRT-6000] Macro pin has more than 1 polygon
[WARNING DRT-6000] Macro pin has more than 1 polygon
[WARNING DRT-6000] Macro pin has more than 1 polygon
[WARNING DRT-6000] Macro pin has more than 1 polygon
[WARNING DRT-6000] Macro pin has more than 1 polygon
[WARNING DRT-6000] Macro pin has more than 1 polygon
[WARNING DRT-6000] Macro pin has more than 1 polygon
[WARNING DRT-6000] Macro pin has more than 1 polygon
[WARNING DRT-6000] Macro pin has more than 1 polygon
[WARNING DRT-6000] Macro pin has more than 1 polygon
[WARNING DRT-6000] Macro pin has more than 1 polygon
[WARNING DRT-6000] Macro pin has more than 1 polygon
[WARNING DRT-6000] Macro pin has more than 1 polygon
[WARNING DRT-6000] Macro pin has more than 1 polygon
[WARNING DRT-6000] Macro pin has more than 1 polygon
[WARNING DRT-6000] Macro pin has more than 1 polygon
[WARNING DRT-6000] Macro pin has more than 1 polygon
[WARNING DRT-6000] Macro pin has more than 1 polygon
[WARNING DRT-6000] Macro pin has more than 1 polygon
[WARNING DRT-6000] Macro pin has more than 1 polygon
[WARNING DRT-6000] Macro pin has more than 1 polygon
[WARNING DRT-6000] Macro pin has more than 1 polygon
[WARNING DRT-6000] Macro pin has more than 1 polygon
[WARNING DRT-6000] Macro pin has more than 1 polygon
[WARNING DRT-6000] Macro pin has more than 1 polygon
[WARNING DRT-6000] Macro pin has more than 1 polygon
[WARNING DRT-6000] Macro pin has more than 1 polygon
[WARNING DRT-6000] Macro pin has more than 1 polygon
[WARNING DRT-6000] Macro pin has more than 1 polygon
[WARNING DRT-6000] Macro pin has more than 1 polygon
[WARNING DRT-6000] Macro pin has more than 1 polygon
[WARNING DRT-6000] Macro pin has more than 1 polygon
[WARNING DRT-6000] Macro pin has more than 1 polygon
[WARNING DRT-6000] Macro pin has more than 1 polygon
[WARNING DRT-6000] Macro pin has more than 1 polygon
[WARNING DRT-6000] Macro pin has more than 1 polygon
[WARNING DRT-6000] Macro pin has more than 1 polygon
[WARNING DRT-6000] Macro pin has more than 1 polygon
[WARNING DRT-6000] Macro pin has more than 1 polygon
[WARNING DRT-6000] Macro pin has more than 1 polygon
[WARNING DRT-6000] Macro pin has more than 1 polygon
[WARNING DRT-6000] Macro pin has more than 1 polygon
[WARNING DRT-6000] Macro pin has more than 1 polygon
[WARNING DRT-6000] Macro pin has more than 1 polygon
[WARNING DRT-6000] Macro pin has more than 1 polygon
[WARNING DRT-6000] Macro pin has more than 1 polygon
[WARNING DRT-6000] Macro pin has more than 1 polygon
[WARNING DRT-6000] Macro pin has more than 1 polygon
[WARNING DRT-6000] Macro pin has more than 1 polygon
[WARNING DRT-6000] Macro pin has more than 1 polygon
[WARNING DRT-6000] Macro pin has more than 1 polygon
[WARNING DRT-6000] Macro pin has more than 1 polygon
[WARNING DRT-6000] Macro pin has more than 1 polygon
[WARNING DRT-6000] Macro pin has more than 1 polygon
[WARNING DRT-6000] Macro pin has more than 1 polygon
[WARNING DRT-6000] Macro pin has more than 1 polygon
[WARNING DRT-6000] Macro pin has more than 1 polygon
[WARNING DRT-6000] Macro pin has more than 1 polygon
[WARNING DRT-6000] Macro pin has more than 1 polygon
[WARNING DRT-6000] Macro pin has more than 1 polygon
[WARNING DRT-6000] Macro pin has more than 1 polygon
[WARNING DRT-6000] Macro pin has more than 1 polygon
[WARNING DRT-6000] Macro pin has more than 1 polygon
[WARNING DRT-6000] Macro pin has more than 1 polygon
[WARNING DRT-6000] Macro pin has more than 1 polygon
[WARNING DRT-6000] Macro pin has more than 1 polygon
[WARNING DRT-6000] Macro pin has more than 1 polygon
[WARNING DRT-6000] Macro pin has more than 1 polygon
[WARNING DRT-6000] Macro pin has more than 1 polygon
[WARNING DRT-6000] Macro pin has more than 1 polygon
[WARNING DRT-6000] Macro pin has more than 1 polygon
[WARNING DRT-6000] Macro pin has more than 1 polygon
[WARNING DRT-6000] Macro pin has more than 1 polygon
[WARNING DRT-6000] Macro pin has more than 1 polygon
[WARNING DRT-6000] Macro pin has more than 1 polygon
[WARNING DRT-6000] Macro pin has more than 1 polygon
[WARNING DRT-6000] Macro pin has more than 1 polygon
[WARNING DRT-6000] Macro pin has more than 1 polygon
[WARNING DRT-6000] Macro pin has more than 1 polygon
[WARNING DRT-6000] Macro pin has more than 1 polygon
[WARNING DRT-6000] Macro pin has more than 1 polygon
[WARNING DRT-6000] Macro pin has more than 1 polygon
[WARNING DRT-6000] Macro pin has more than 1 polygon
[WARNING DRT-6000] Macro pin has more than 1 polygon
[WARNING DRT-6000] Macro pin has more than 1 polygon
[WARNING DRT-6000] Macro pin has more than 1 polygon
[WARNING DRT-6000] Macro pin has more than 1 polygon
[WARNING DRT-6000] Macro pin has more than 1 polygon
[WARNING DRT-6000] Macro pin has more than 1 polygon
[WARNING DRT-6000] Macro pin has more than 1 polygon
[WARNING DRT-6000] Macro pin has more than 1 polygon
[WARNING DRT-6000] Macro pin has more than 1 polygon
[WARNING DRT-6000] Macro pin has more than 1 polygon
[WARNING DRT-6000] Macro pin has more than 1 polygon
[WARNING DRT-6000] Macro pin has more than 1 polygon
[WARNING DRT-6000] Macro pin has more than 1 polygon
[WARNING DRT-6000] Macro pin has more than 1 polygon
[WARNING DRT-6000] Macro pin has more than 1 polygon
[WARNING DRT-6000] Macro pin has more than 1 polygon
[WARNING DRT-6000] Macro pin has more than 1 polygon
[WARNING DRT-6000] Macro pin has more than 1 polygon
[WARNING DRT-6000] Macro pin has more than 1 polygon
[WARNING DRT-6000] Macro pin has more than 1 polygon
[WARNING DRT-6000] Macro pin has more than 1 polygon
[WARNING DRT-6000] Macro pin has more than 1 polygon
[WARNING DRT-6000] Macro pin has more than 1 polygon
[WARNING DRT-6000] Macro pin has more than 1 polygon
[WARNING DRT-6000] Macro pin has more than 1 polygon
[WARNING DRT-6000] Macro pin has more than 1 polygon
[WARNING DRT-6000] Macro pin has more than 1 polygon
[WARNING DRT-6000] Macro pin has more than 1 polygon
[WARNING DRT-6000] Macro pin has more than 1 polygon
[WARNING DRT-6000] Macro pin has more than 1 polygon
[WARNING DRT-6000] Macro pin has more than 1 polygon
[WARNING DRT-6000] Macro pin has more than 1 polygon
[WARNING DRT-6000] Macro pin has more than 1 polygon
[WARNING DRT-6000] Macro pin has more than 1 polygon
[WARNING DRT-6000] Macro pin has more than 1 polygon
[WARNING DRT-6000] Macro pin has more than 1 polygon
[WARNING DRT-6000] Macro pin has more than 1 polygon
[WARNING DRT-6000] Macro pin has more than 1 polygon
[WARNING DRT-6000] Macro pin has more than 1 polygon
[WARNING DRT-6000] Macro pin has more than 1 polygon
[WARNING DRT-6000] Macro pin has more than 1 polygon
[WARNING DRT-6000] Macro pin has more than 1 polygon
[WARNING DRT-6000] Macro pin has more than 1 polygon
[WARNING DRT-6000] Macro pin has more than 1 polygon
[WARNING DRT-6000] Macro pin has more than 1 polygon
[WARNING DRT-6000] Macro pin has more than 1 polygon
[WARNING DRT-6000] Macro pin has more than 1 polygon
[WARNING DRT-6000] Macro pin has more than 1 polygon
[WARNING DRT-6000] Macro pin has more than 1 polygon
[WARNING DRT-6000] Macro pin has more than 1 polygon
[WARNING DRT-6000] Macro pin has more than 1 polygon
[WARNING DRT-6000] Macro pin has more than 1 polygon
[WARNING DRT-6000] Macro pin has more than 1 polygon
[WARNING DRT-6000] Macro pin has more than 1 polygon
[WARNING DRT-6000] Macro pin has more than 1 polygon
[WARNING DRT-6000] Macro pin has more than 1 polygon
[WARNING DRT-6000] Macro pin has more than 1 polygon
[WARNING DRT-6000] Macro pin has more than 1 polygon
[WARNING DRT-6000] Macro pin has more than 1 polygon
[WARNING DRT-6000] Macro pin has more than 1 polygon
[WARNING DRT-6000] Macro pin has more than 1 polygon
[WARNING DRT-6000] Macro pin has more than 1 polygon
[WARNING DRT-6000] Macro pin has more than 1 polygon
[WARNING DRT-6000] Macro pin has more than 1 polygon
[WARNING DRT-6000] Macro pin has more than 1 polygon
[WARNING DRT-6000] Macro pin has more than 1 polygon
[WARNING DRT-6000] Macro pin has more than 1 polygon
[WARNING DRT-6000] Macro pin has more than 1 polygon
[WARNING DRT-6000] Macro pin has more than 1 polygon
[WARNING DRT-6000] Macro pin has more than 1 polygon
[WARNING DRT-6000] Macro pin has more than 1 polygon
[WARNING DRT-6000] Macro pin has more than 1 polygon
[WARNING DRT-6000] Macro pin has more than 1 polygon
[WARNING DRT-6000] Macro pin has more than 1 polygon
[WARNING DRT-6000] Macro pin has more than 1 polygon
[WARNING DRT-6000] Macro pin has more than 1 polygon
[WARNING DRT-6000] Macro pin has more than 1 polygon
[WARNING DRT-6000] Macro pin has more than 1 polygon
[WARNING DRT-6000] Macro pin has more than 1 polygon
[WARNING DRT-6000] Macro pin has more than 1 polygon
[WARNING DRT-6000] Macro pin has more than 1 polygon
[WARNING DRT-6000] Macro pin has more than 1 polygon
[WARNING DRT-6000] Macro pin has more than 1 polygon
[WARNING DRT-6000] Macro pin has more than 1 polygon
[WARNING DRT-6000] Macro pin has more than 1 polygon
[WARNING DRT-6000] Macro pin has more than 1 polygon
[WARNING DRT-6000] Macro pin has more than 1 polygon
[WARNING DRT-6000] Macro pin has more than 1 polygon
[WARNING DRT-6000] Macro pin has more than 1 polygon
[WARNING DRT-6000] Macro pin has more than 1 polygon
[WARNING DRT-6000] Macro pin has more than 1 polygon
[WARNING DRT-6000] Macro pin has more than 1 polygon
[WARNING DRT-6000] Macro pin has more than 1 polygon
[WARNING DRT-6000] Macro pin has more than 1 polygon
[WARNING DRT-6000] Macro pin has more than 1 polygon
[WARNING DRT-6000] Macro pin has more than 1 polygon
[WARNING DRT-6000] Macro pin has more than 1 polygon
[WARNING DRT-6000] Macro pin has more than 1 polygon
[WARNING DRT-6000] Macro pin has more than 1 polygon
[WARNING DRT-6000] Macro pin has more than 1 polygon
[WARNING DRT-6000] Macro pin has more than 1 polygon
[WARNING DRT-6000] Macro pin has more than 1 polygon
[WARNING DRT-6000] Macro pin has more than 1 polygon
[WARNING DRT-6000] Macro pin has more than 1 polygon
[WARNING DRT-6000] Macro pin has more than 1 polygon
[WARNING DRT-6000] Macro pin has more than 1 polygon
[WARNING DRT-6000] Macro pin has more than 1 polygon
[WARNING DRT-6000] Macro pin has more than 1 polygon
[WARNING DRT-6000] Macro pin has more than 1 polygon
[WARNING DRT-6000] Macro pin has more than 1 polygon
[WARNING DRT-6000] Macro pin has more than 1 polygon
[WARNING DRT-6000] Macro pin has more than 1 polygon
[WARNING DRT-6000] Macro pin has more than 1 polygon
[WARNING DRT-6000] Macro pin has more than 1 polygon
[WARNING DRT-6000] Macro pin has more than 1 polygon
[WARNING DRT-6000] Macro pin has more than 1 polygon
[WARNING DRT-6000] Macro pin has more than 1 polygon
[WARNING DRT-6000] Macro pin has more than 1 polygon
[WARNING DRT-6000] Macro pin has more than 1 polygon
[WARNING DRT-6000] Macro pin has more than 1 polygon
[WARNING DRT-6000] Macro pin has more than 1 polygon
[WARNING DRT-6000] Macro pin has more than 1 polygon
[WARNING DRT-6000] Macro pin has more than 1 polygon
[WARNING DRT-6000] Macro pin has more than 1 polygon
[WARNING DRT-6000] Macro pin has more than 1 polygon
[WARNING DRT-6000] Macro pin has more than 1 polygon
[WARNING DRT-6000] Macro pin has more than 1 polygon
[WARNING DRT-6000] Macro pin has more than 1 polygon
[WARNING DRT-6000] Macro pin has more than 1 polygon
[WARNING DRT-6000] Macro pin has more than 1 polygon
[WARNING DRT-6000] Macro pin has more than 1 polygon
[WARNING DRT-6000] Macro pin has more than 1 polygon
[WARNING DRT-6000] Macro pin has more than 1 polygon
[WARNING DRT-6000] Macro pin has more than 1 polygon
[WARNING DRT-6000] Macro pin has more than 1 polygon
[WARNING DRT-6000] Macro pin has more than 1 polygon
[WARNING DRT-6000] Macro pin has more than 1 polygon
[WARNING DRT-6000] Macro pin has more than 1 polygon
[WARNING DRT-6000] Macro pin has more than 1 polygon
[WARNING DRT-6000] Macro pin has more than 1 polygon
[WARNING DRT-6000] Macro pin has more than 1 polygon
[WARNING DRT-6000] Macro pin has more than 1 polygon
[WARNING DRT-6000] Macro pin has more than 1 polygon
[WARNING DRT-6000] Macro pin has more than 1 polygon
[WARNING DRT-6000] Macro pin has more than 1 polygon
[WARNING DRT-6000] Macro pin has more than 1 polygon
[WARNING DRT-6000] Macro pin has more than 1 polygon
[WARNING DRT-6000] Macro pin has more than 1 polygon
[WARNING DRT-6000] Macro pin has more than 1 polygon
[WARNING DRT-6000] Macro pin has more than 1 polygon
[WARNING DRT-6000] Macro pin has more than 1 polygon
[WARNING DRT-6000] Macro pin has more than 1 polygon
[WARNING DRT-6000] Macro pin has more than 1 polygon
[WARNING DRT-6000] Macro pin has more than 1 polygon
[WARNING DRT-6000] Macro pin has more than 1 polygon
[WARNING DRT-6000] Macro pin has more than 1 polygon
[WARNING DRT-6000] Macro pin has more than 1 polygon
[WARNING DRT-6000] Macro pin has more than 1 polygon
[WARNING DRT-6000] Macro pin has more than 1 polygon
[WARNING DRT-6000] Macro pin has more than 1 polygon
[WARNING DRT-6000] Macro pin has more than 1 polygon
[WARNING DRT-6000] Macro pin has more than 1 polygon
[WARNING DRT-6000] Macro pin has more than 1 polygon
[WARNING DRT-6000] Macro pin has more than 1 polygon
[WARNING DRT-6000] Macro pin has more than 1 polygon
[WARNING DRT-6000] Macro pin has more than 1 polygon
[WARNING DRT-6000] Macro pin has more than 1 polygon
[WARNING DRT-6000] Macro pin has more than 1 polygon
[WARNING DRT-6000] Macro pin has more than 1 polygon
[WARNING DRT-6000] Macro pin has more than 1 polygon
[WARNING DRT-6000] Macro pin has more than 1 polygon
[WARNING DRT-6000] Macro pin has more than 1 polygon
[WARNING DRT-6000] Macro pin has more than 1 polygon
[WARNING DRT-6000] Macro pin has more than 1 polygon
[WARNING DRT-6000] Macro pin has more than 1 polygon
[WARNING DRT-6000] Macro pin has more than 1 polygon
[WARNING DRT-6000] Macro pin has more than 1 polygon
[WARNING DRT-6000] Macro pin has more than 1 polygon
[WARNING DRT-6000] Macro pin has more than 1 polygon
[WARNING DRT-6000] Macro pin has more than 1 polygon
[WARNING DRT-6000] Macro pin has more than 1 polygon
[WARNING DRT-6000] Macro pin has more than 1 polygon
[WARNING DRT-6000] Macro pin has more than 1 polygon
[WARNING DRT-6000] Macro pin has more than 1 polygon
[WARNING DRT-6000] Macro pin has more than 1 polygon
[WARNING DRT-6000] Macro pin has more than 1 polygon
[WARNING DRT-6000] Macro pin has more than 1 polygon
[WARNING DRT-6000] Macro pin has more than 1 polygon
[WARNING DRT-6000] Macro pin has more than 1 polygon
[WARNING DRT-6000] Macro pin has more than 1 polygon
[WARNING DRT-6000] Macro pin has more than 1 polygon
[WARNING DRT-6000] Macro pin has more than 1 polygon
[WARNING DRT-6000] Macro pin has more than 1 polygon
[WARNING DRT-6000] Macro pin has more than 1 polygon
[WARNING DRT-6000] Macro pin has more than 1 polygon
[WARNING DRT-6000] Macro pin has more than 1 polygon
[WARNING DRT-6000] Macro pin has more than 1 polygon
[WARNING DRT-6000] Macro pin has more than 1 polygon
[WARNING DRT-6000] Macro pin has more than 1 polygon
[WARNING DRT-6000] Macro pin has more than 1 polygon
[WARNING DRT-6000] Macro pin has more than 1 polygon
[WARNING DRT-6000] Macro pin has more than 1 polygon
[WARNING DRT-6000] Macro pin has more than 1 polygon
[WARNING DRT-6000] Macro pin has more than 1 polygon
[WARNING DRT-6000] Macro pin has more than 1 polygon
[WARNING DRT-6000] Macro pin has more than 1 polygon
[WARNING DRT-6000] Macro pin has more than 1 polygon
[WARNING DRT-6000] Macro pin has more than 1 polygon
[WARNING DRT-6000] Macro pin has more than 1 polygon
[WARNING DRT-6000] Macro pin has more than 1 polygon
[WARNING DRT-6000] Macro pin has more than 1 polygon
[WARNING DRT-6000] Macro pin has more than 1 polygon
[WARNING DRT-6000] Macro pin has more than 1 polygon
[WARNING DRT-6000] Macro pin has more than 1 polygon
[WARNING DRT-6000] Macro pin has more than 1 polygon
[WARNING DRT-6000] Macro pin has more than 1 polygon
[WARNING DRT-6000] Macro pin has more than 1 polygon
[WARNING DRT-6000] Macro pin has more than 1 polygon
[WARNING DRT-6000] Macro pin has more than 1 polygon
[WARNING DRT-6000] Macro pin has more than 1 polygon
[WARNING DRT-6000] Macro pin has more than 1 polygon
[WARNING DRT-6000] Macro pin has more than 1 polygon
[WARNING DRT-6000] Macro pin has more than 1 polygon
[WARNING DRT-6000] Macro pin has more than 1 polygon
[WARNING DRT-6000] Macro pin has more than 1 polygon
[WARNING DRT-6000] Macro pin has more than 1 polygon
[WARNING DRT-6000] Macro pin has more than 1 polygon
[WARNING DRT-6000] Macro pin has more than 1 polygon
[WARNING DRT-6000] Macro pin has more than 1 polygon
[WARNING DRT-6000] Macro pin has more than 1 polygon
[WARNING DRT-6000] Macro pin has more than 1 polygon
[WARNING DRT-6000] Macro pin has more than 1 polygon
[WARNING DRT-6000] Macro pin has more than 1 polygon
[WARNING DRT-6000] Macro pin has more than 1 polygon
[WARNING DRT-6000] Macro pin has more than 1 polygon
[WARNING DRT-6000] Macro pin has more than 1 polygon
[WARNING DRT-6000] Macro pin has more than 1 polygon
[WARNING DRT-6000] Macro pin has more than 1 polygon
[WARNING DRT-6000] Macro pin has more than 1 polygon
[WARNING DRT-6000] Macro pin has more than 1 polygon
[WARNING DRT-6000] Macro pin has more than 1 polygon
[WARNING DRT-6000] Macro pin has more than 1 polygon
[WARNING DRT-6000] Macro pin has more than 1 polygon
[WARNING DRT-6000] Macro pin has more than 1 polygon
[WARNING DRT-6000] Macro pin has more than 1 polygon
[WARNING DRT-6000] Macro pin has more than 1 polygon
[WARNING DRT-6000] Macro pin has more than 1 polygon
[WARNING DRT-6000] Macro pin has more than 1 polygon
[WARNING DRT-6000] Macro pin has more than 1 polygon
[WARNING DRT-6000] Macro pin has more than 1 polygon
[WARNING DRT-6000] Macro pin has more than 1 polygon
[WARNING DRT-6000] Macro pin has more than 1 polygon
[WARNING DRT-6000] Macro pin has more than 1 polygon
[WARNING DRT-6000] Macro pin has more than 1 polygon
[WARNING DRT-6000] Macro pin has more than 1 polygon
[WARNING DRT-6000] Macro pin has more than 1 polygon
[WARNING DRT-6000] Macro pin has more than 1 polygon
[WARNING DRT-6000] Macro pin has more than 1 polygon
[WARNING DRT-6000] Macro pin has more than 1 polygon
[WARNING DRT-6000] Macro pin has more than 1 polygon
[WARNING DRT-6000] Macro pin has more than 1 polygon
[WARNING DRT-6000] Macro pin has more than 1 polygon
[WARNING DRT-6000] Macro pin has more than 1 polygon
[WARNING DRT-6000] Macro pin has more than 1 polygon
[WARNING DRT-6000] Macro pin has more than 1 polygon
[WARNING DRT-6000] Macro pin has more than 1 polygon
[WARNING DRT-6000] Macro pin has more than 1 polygon
[WARNING DRT-6000] Macro pin has more than 1 polygon
[WARNING DRT-6000] Macro pin has more than 1 polygon
[WARNING DRT-6000] Macro pin has more than 1 polygon
[WARNING DRT-6000] Macro pin has more than 1 polygon
[WARNING DRT-6000] Macro pin has more than 1 polygon
[WARNING DRT-6000] Macro pin has more than 1 polygon
[WARNING DRT-6000] Macro pin has more than 1 polygon
[WARNING DRT-6000] Macro pin has more than 1 polygon
[WARNING DRT-6000] Macro pin has more than 1 polygon
[WARNING DRT-6000] Macro pin has more than 1 polygon
[WARNING DRT-6000] Macro pin has more than 1 polygon
[WARNING DRT-6000] Macro pin has more than 1 polygon
[WARNING DRT-6000] Macro pin has more than 1 polygon
[WARNING DRT-6000] Macro pin has more than 1 polygon
[WARNING DRT-6000] Macro pin has more than 1 polygon
[WARNING DRT-6000] Macro pin has more than 1 polygon
[WARNING DRT-6000] Macro pin has more than 1 polygon
[WARNING DRT-6000] Macro pin has more than 1 polygon
[WARNING DRT-6000] Macro pin has more than 1 polygon
[WARNING DRT-6000] Macro pin has more than 1 polygon
[WARNING DRT-6000] Macro pin has more than 1 polygon
[WARNING DRT-6000] Macro pin has more than 1 polygon
[WARNING DRT-6000] Macro pin has more than 1 polygon
[WARNING DRT-6000] Macro pin has more than 1 polygon
[WARNING DRT-6000] Macro pin has more than 1 polygon
[WARNING DRT-6000] Macro pin has more than 1 polygon
[WARNING DRT-6000] Macro pin has more than 1 polygon
[WARNING DRT-6000] Macro pin has more than 1 polygon
[WARNING DRT-6000] Macro pin has more than 1 polygon
[WARNING DRT-6000] Macro pin has more than 1 polygon
[WARNING DRT-6000] Macro pin has more than 1 polygon
[WARNING DRT-6000] Macro pin has more than 1 polygon
[WARNING DRT-6000] Macro pin has more than 1 polygon
[WARNING DRT-6000] Macro pin has more than 1 polygon
[WARNING DRT-6000] Macro pin has more than 1 polygon
[WARNING DRT-6000] Macro pin has more than 1 polygon
[WARNING DRT-6000] Macro pin has more than 1 polygon
[WARNING DRT-6000] Macro pin has more than 1 polygon
[WARNING DRT-6000] Macro pin has more than 1 polygon
[WARNING DRT-6000] Macro pin has more than 1 polygon
[WARNING DRT-6000] Macro pin has more than 1 polygon
[WARNING DRT-6000] Macro pin has more than 1 polygon
[WARNING DRT-6000] Macro pin has more than 1 polygon
[WARNING DRT-6000] Macro pin has more than 1 polygon
[WARNING DRT-6000] Macro pin has more than 1 polygon
[WARNING DRT-6000] Macro pin has more than 1 polygon
[WARNING DRT-6000] Macro pin has more than 1 polygon
[WARNING DRT-6000] Macro pin has more than 1 polygon
[WARNING DRT-6000] Macro pin has more than 1 polygon
[WARNING DRT-6000] Macro pin has more than 1 polygon
[WARNING DRT-6000] Macro pin has more than 1 polygon
[WARNING DRT-6000] Macro pin has more than 1 polygon
[WARNING DRT-6000] Macro pin has more than 1 polygon
[WARNING DRT-6000] Macro pin has more than 1 polygon
[WARNING DRT-6000] Macro pin has more than 1 polygon
[WARNING DRT-6000] Macro pin has more than 1 polygon
[WARNING DRT-6000] Macro pin has more than 1 polygon
[WARNING DRT-6000] Macro pin has more than 1 polygon
[WARNING DRT-6000] Macro pin has more than 1 polygon
[WARNING DRT-6000] Macro pin has more than 1 polygon
[WARNING DRT-6000] Macro pin has more than 1 polygon
[WARNING DRT-6000] Macro pin has more than 1 polygon
[WARNING DRT-6000] Macro pin has more than 1 polygon
[WARNING DRT-6000] Macro pin has more than 1 polygon
[WARNING DRT-6000] Macro pin has more than 1 polygon
[WARNING DRT-6000] Macro pin has more than 1 polygon
[WARNING DRT-6000] Macro pin has more than 1 polygon
[WARNING DRT-6000] Macro pin has more than 1 polygon
[WARNING DRT-6000] Macro pin has more than 1 polygon
[WARNING DRT-6000] Macro pin has more than 1 polygon
[WARNING DRT-6000] Macro pin has more than 1 polygon
[WARNING DRT-6000] Macro pin has more than 1 polygon
[WARNING DRT-6000] Macro pin has more than 1 polygon
[WARNING DRT-6000] Macro pin has more than 1 polygon
[WARNING DRT-6000] Macro pin has more than 1 polygon
[WARNING DRT-6000] Macro pin has more than 1 polygon
[WARNING DRT-6000] Macro pin has more than 1 polygon
[WARNING DRT-6000] Macro pin has more than 1 polygon
[WARNING DRT-6000] Macro pin has more than 1 polygon
[WARNING DRT-6000] Macro pin has more than 1 polygon
[WARNING DRT-6000] Macro pin has more than 1 polygon
[WARNING DRT-6000] Macro pin has more than 1 polygon
[WARNING DRT-6000] Macro pin has more than 1 polygon
[WARNING DRT-6000] Macro pin has more than 1 polygon
[WARNING DRT-6000] Macro pin has more than 1 polygon
[WARNING DRT-6000] Macro pin has more than 1 polygon
[WARNING DRT-6000] Macro pin has more than 1 polygon
[WARNING DRT-6000] Macro pin has more than 1 polygon
[WARNING DRT-6000] Macro pin has more than 1 polygon
[WARNING DRT-6000] Macro pin has more than 1 polygon
[WARNING DRT-6000] Macro pin has more than 1 polygon
[WARNING DRT-6000] Macro pin has more than 1 polygon
[WARNING DRT-6000] Macro pin has more than 1 polygon
[WARNING DRT-6000] Macro pin has more than 1 polygon
[WARNING DRT-6000] Macro pin has more than 1 polygon
[WARNING DRT-6000] Macro pin has more than 1 polygon
[WARNING DRT-6000] Macro pin has more than 1 polygon
[WARNING DRT-6000] Macro pin has more than 1 polygon
[WARNING DRT-6000] Macro pin has more than 1 polygon
[WARNING DRT-6000] Macro pin has more than 1 polygon
[WARNING DRT-6000] Macro pin has more than 1 polygon
[WARNING DRT-6000] Macro pin has more than 1 polygon
[WARNING DRT-6000] Macro pin has more than 1 polygon
[WARNING DRT-6000] Macro pin has more than 1 polygon
[WARNING DRT-6000] Macro pin has more than 1 polygon
[WARNING DRT-6000] Macro pin has more than 1 polygon
[WARNING DRT-6000] Macro pin has more than 1 polygon
[WARNING DRT-6000] Macro pin has more than 1 polygon
[WARNING DRT-6000] Macro pin has more than 1 polygon
[WARNING DRT-6000] Macro pin has more than 1 polygon
[WARNING DRT-6000] Macro pin has more than 1 polygon
[WARNING DRT-6000] Macro pin has more than 1 polygon
[WARNING DRT-6000] Macro pin has more than 1 polygon
[WARNING DRT-6000] Macro pin has more than 1 polygon
[WARNING DRT-6000] Macro pin has more than 1 polygon
[WARNING DRT-6000] Macro pin has more than 1 polygon
[WARNING DRT-6000] Macro pin has more than 1 polygon
[WARNING DRT-6000] Macro pin has more than 1 polygon
[WARNING DRT-6000] Macro pin has more than 1 polygon
[WARNING DRT-6000] Macro pin has more than 1 polygon
[WARNING DRT-6000] Macro pin has more than 1 polygon
[WARNING DRT-6000] Macro pin has more than 1 polygon
[WARNING DRT-6000] Macro pin has more than 1 polygon
[WARNING DRT-6000] Macro pin has more than 1 polygon
[WARNING DRT-6000] Macro pin has more than 1 polygon
[WARNING DRT-6000] Macro pin has more than 1 polygon
[WARNING DRT-6000] Macro pin has more than 1 polygon
[WARNING DRT-6000] Macro pin has more than 1 polygon
[WARNING DRT-6000] Macro pin has more than 1 polygon
[WARNING DRT-6000] Macro pin has more than 1 polygon
[WARNING DRT-6000] Macro pin has more than 1 polygon
[WARNING DRT-6000] Macro pin has more than 1 polygon
[WARNING DRT-6000] Macro pin has more than 1 polygon
[WARNING DRT-6000] Macro pin has more than 1 polygon
[WARNING DRT-6000] Macro pin has more than 1 polygon
[WARNING DRT-6000] Macro pin has more than 1 polygon
[WARNING DRT-6000] Macro pin has more than 1 polygon
[WARNING DRT-6000] Macro pin has more than 1 polygon
[WARNING DRT-6000] Macro pin has more than 1 polygon
[WARNING DRT-6000] Macro pin has more than 1 polygon
[WARNING DRT-6000] Macro pin has more than 1 polygon
[WARNING DRT-6000] Macro pin has more than 1 polygon
[WARNING DRT-6000] Macro pin has more than 1 polygon
[WARNING DRT-6000] Macro pin has more than 1 polygon
[WARNING DRT-6000] Macro pin has more than 1 polygon
[WARNING DRT-6000] Macro pin has more than 1 polygon
[WARNING DRT-6000] Macro pin has more than 1 polygon
[WARNING DRT-6000] Macro pin has more than 1 polygon
[WARNING DRT-6000] Macro pin has more than 1 polygon
[WARNING DRT-6000] Macro pin has more than 1 polygon
[WARNING DRT-6000] Macro pin has more than 1 polygon
[WARNING DRT-6000] Macro pin has more than 1 polygon
[WARNING DRT-6000] Macro pin has more than 1 polygon
[WARNING DRT-6000] Macro pin has more than 1 polygon
[WARNING DRT-6000] Macro pin has more than 1 polygon
[WARNING DRT-6000] Macro pin has more than 1 polygon
[WARNING DRT-6000] Macro pin has more than 1 polygon
[WARNING DRT-6000] Macro pin has more than 1 polygon
[WARNING DRT-6000] Macro pin has more than 1 polygon
[WARNING DRT-6000] Macro pin has more than 1 polygon
[WARNING DRT-6000] Macro pin has more than 1 polygon
[WARNING DRT-6000] Macro pin has more than 1 polygon
[WARNING DRT-6000] Macro pin has more than 1 polygon
[WARNING DRT-6000] Macro pin has more than 1 polygon
[WARNING DRT-6000] Macro pin has more than 1 polygon
[WARNING DRT-6000] Macro pin has more than 1 polygon
[WARNING DRT-6000] Macro pin has more than 1 polygon
[WARNING DRT-6000] Macro pin has more than 1 polygon
[WARNING DRT-6000] Macro pin has more than 1 polygon
[WARNING DRT-6000] Macro pin has more than 1 polygon
[WARNING DRT-6000] Macro pin has more than 1 polygon
[WARNING DRT-6000] Macro pin has more than 1 polygon
[WARNING DRT-6000] Macro pin has more than 1 polygon
[WARNING DRT-6000] Macro pin has more than 1 polygon
[WARNING DRT-6000] Macro pin has more than 1 polygon
[WARNING DRT-6000] Macro pin has more than 1 polygon
[WARNING DRT-6000] Macro pin has more than 1 polygon
[WARNING DRT-6000] Macro pin has more than 1 polygon
[WARNING DRT-6000] Macro pin has more than 1 polygon
[WARNING DRT-6000] Macro pin has more than 1 polygon
[WARNING DRT-6000] Macro pin has more than 1 polygon
[WARNING DRT-6000] Macro pin has more than 1 polygon
[WARNING DRT-6000] Macro pin has more than 1 polygon
[WARNING DRT-6000] Macro pin has more than 1 polygon
[WARNING DRT-6000] Macro pin has more than 1 polygon
[WARNING DRT-6000] Macro pin has more than 1 polygon
[WARNING DRT-6000] Macro pin has more than 1 polygon
[WARNING DRT-6000] Macro pin has more than 1 polygon
[WARNING DRT-6000] Macro pin has more than 1 polygon
[WARNING DRT-6000] Macro pin has more than 1 polygon
[WARNING DRT-6000] Macro pin has more than 1 polygon
[WARNING DRT-6000] Macro pin has more than 1 polygon
[WARNING DRT-6000] Macro pin has more than 1 polygon
[WARNING DRT-6000] Macro pin has more than 1 polygon
[WARNING DRT-6000] Macro pin has more than 1 polygon
[WARNING DRT-6000] Macro pin has more than 1 polygon
[WARNING DRT-6000] Macro pin has more than 1 polygon
[WARNING DRT-6000] Macro pin has more than 1 polygon
[WARNING DRT-6000] Macro pin has more than 1 polygon
[WARNING DRT-6000] Macro pin has more than 1 polygon
[WARNING DRT-6000] Macro pin has more than 1 polygon
[WARNING DRT-6000] Macro pin has more than 1 polygon
[WARNING DRT-6000] Macro pin has more than 1 polygon
[WARNING DRT-6000] Macro pin has more than 1 polygon
[WARNING DRT-6000] Macro pin has more than 1 polygon
[WARNING DRT-6000] Macro pin has more than 1 polygon
[WARNING DRT-6000] Macro pin has more than 1 polygon
[WARNING DRT-6000] Macro pin has more than 1 polygon
[WARNING DRT-6000] Macro pin has more than 1 polygon
[WARNING DRT-6000] Macro pin has more than 1 polygon
[WARNING DRT-6000] Macro pin has more than 1 polygon
[WARNING DRT-6000] Macro pin has more than 1 polygon
[WARNING DRT-6000] Macro pin has more than 1 polygon
[WARNING DRT-6000] Macro pin has more than 1 polygon
[WARNING DRT-6000] message limit (1000) reached. This message will no longer print.
[INFO DRT-0078]   Complete 579 pins.
[INFO DRT-0081]   Complete 71 unique inst patterns.
[INFO DRT-0084]   Complete 2913 groups.
#scanned instances     = 6604
#unique  instances     = 73
#stdCellGenAp          = 1792
#stdCellValidPlanarAp  = 4
#stdCellValidViaAp     = 1156
#stdCellPinNoAp        = 0
#stdCellPinCnt         = 13002
#instTermValidViaApCnt = 0
#macroGenAp            = 1431
#macroValidPlanarAp    = 1278
#macroValidViaAp       = 215
#macroNoAp             = 0
[INFO DRT-0166] Complete pin access.
[INFO DRT-0267] cpu time = 00:02:23, elapsed time = 00:00:01, memory = 164.28 (MB), peak = 134.29 (MB)

[INFO DRT-0157] Number of guides:     37823

[INFO DRT-0169] Post process guides.
[INFO DRT-0176] GCELLGRID X 0 DO 107 STEP 16800 ;
[INFO DRT-0177] GCELLGRID Y 0 DO 89 STEP 16800 ;
[INFO DRT-0028]   Complete Poly2.
[INFO DRT-0028]   Complete CON.
[INFO DRT-0028]   Complete Metal1.
[INFO DRT-0028]   Complete Via1.
[INFO DRT-0028]   Complete Metal2.
[INFO DRT-0028]   Complete Via2.
[INFO DRT-0028]   Complete Metal3.
[INFO DRT-0028]   Complete Via3.
[INFO DRT-0028]   Complete Metal4.
[INFO DRT-0028]   Complete Via4.
[INFO DRT-0028]   Complete Metal5.
[INFO DRT-0178] Init guide query.
[INFO DRT-0035]   Complete Poly2 (guide).
[INFO DRT-0035]   Complete CON (guide).
[INFO DRT-0035]   Complete Metal1 (guide).
[INFO DRT-0035]   Complete Via1 (guide).
[INFO DRT-0035]   Complete Metal2 (guide).
[INFO DRT-0035]   Complete Via2 (guide).
[INFO DRT-0035]   Complete Metal3 (guide).
[INFO DRT-0035]   Complete Via3 (guide).
[INFO DRT-0035]   Complete Metal4 (guide).
[INFO DRT-0035]   Complete Via4 (guide).
[INFO DRT-0035]   Complete Metal5 (guide).
[INFO DRT-0036] Poly2 guide region query size = 0.
[INFO DRT-0036] CON guide region query size = 0.
[INFO DRT-0036] Metal1 guide region query size = 12119.
[INFO DRT-0036] Via1 guide region query size = 0.
[INFO DRT-0036] Metal2 guide region query size = 11808.
[INFO DRT-0036] Via2 guide region query size = 0.
[INFO DRT-0036] Metal3 guide region query size = 6513.
[INFO DRT-0036] Via3 guide region query size = 0.
[INFO DRT-0036] Metal4 guide region query size = 767.
[INFO DRT-0036] Via4 guide region query size = 0.
[INFO DRT-0036] Metal5 guide region query size = 300.
[INFO DRT-0179] Init gr pin query.
[INFO DRT-0267] cpu time = 00:00:06, elapsed time = 00:00:00, memory = 175.45 (MB), peak = 144.79 (MB)
[INFO DRT-0245] skipped writing guide updates to database.
[INFO DRT-0185] Post process initialize RPin region query.
[INFO DRT-0181] Start track assignment.
[INFO DRT-0184] Done with 12575 vertical wires in 3 frboxes and 18932 horizontal wires in 2 frboxes.
[INFO DRT-0186] Done with 4420 vertical wires in 3 frboxes and 3239 horizontal wires in 2 frboxes.
[INFO DRT-0182] Complete track assignment.
[INFO DRT-0267] cpu time = 00:00:36, elapsed time = 00:00:00, memory = 235.20 (MB), peak = 203.29 (MB)
[INFO DRT-0187] Start routing data preparation.
[INFO DRT-0267] cpu time = 00:00:00, elapsed time = 00:00:00, memory = 235.20 (MB), peak = 203.29 (MB)
[INFO DRT-0194] Start detail routing.
[INFO DRT-0195] Start 0th optimization iteration.
    Completing 10% with 0 violations.
    elapsed time = 00:00:00, memory = 349.28 (MB).
    Completing 20% with 0 violations.
    elapsed time = 00:00:00, memory = 521.65 (MB).
    Completing 30% with 720 violations.
    elapsed time = 00:00:05, memory = 461.71 (MB).
    Completing 40% with 720 violations.
    elapsed time = 00:00:05, memory = 589.62 (MB).
    Completing 50% with 720 violations.
    elapsed time = 00:00:14, memory = 762.08 (MB).
    Completing 60% with 1410 violations.
    elapsed time = 00:00:14, memory = 850.91 (MB).
    Completing 70% with 1410 violations.
    elapsed time = 00:00:14, memory = 907.54 (MB).
    Completing 80% with 2164 violations.
    elapsed time = 00:00:20, memory = 967.63 (MB).
    Completing 90% with 2164 violations.
    elapsed time = 00:00:21, memory = 1071.42 (MB).
    Completing 100% with 2768 violations.
    elapsed time = 00:00:28, memory = 1235.67 (MB).
[INFO DRT-0199]   Number of violations = 3065.
Viol/Layer      Metal1 Metal2 Metal3 Metal4
Metal Spacing        0    484     52      2
Recheck              1    213     81      2
Short                0   1926    303      1
[INFO DRT-0267] cpu time = 00:05:34, elapsed time = 00:00:28, memory = 1530.99 (MB), peak = 1436.84 (MB)
Total wire length = 336272 um.
Total wire length on LAYER Metal1 = 0 um.
Total wire length on LAYER Metal2 = 118337 um.
Total wire length on LAYER Metal3 = 144391 um.
Total wire length on LAYER Metal4 = 31883 um.
Total wire length on LAYER Metal5 = 41659 um.
Total number of vias = 31746.
Up-via summary (total 31746):

----------------
  Poly2        0
 Metal1    13224
 Metal2    14823
 Metal3     2999
 Metal4      700
----------------
       31746


[INFO DRT-0195] Start 1st optimization iteration.
    Completing 10% with 3065 violations.
    elapsed time = 00:00:00, memory = 1582.77 (MB).
    Completing 20% with 3065 violations.
    elapsed time = 00:00:00, memory = 1803.76 (MB).
    Completing 30% with 2679 violations.
    elapsed time = 00:00:03, memory = 1864.56 (MB).
    Completing 40% with 2679 violations.
    elapsed time = 00:00:03, memory = 1943.53 (MB).
    Completing 50% with 2679 violations.
    elapsed time = 00:00:08, memory = 2068.36 (MB).
    Completing 60% with 2461 violations.
    elapsed time = 00:00:08, memory = 2125.25 (MB).
    Completing 70% with 2461 violations.
    elapsed time = 00:00:09, memory = 2178.32 (MB).
    Completing 80% with 2056 violations.
    elapsed time = 00:00:13, memory = 2277.32 (MB).
    Completing 90% with 2056 violations.
    elapsed time = 00:00:13, memory = 2301.29 (MB).
    Completing 100% with 1703 violations.
    elapsed time = 00:00:20, memory = 2371.82 (MB).
[INFO DRT-0199]   Number of violations = 1703.
Viol/Layer        Via1 Metal2   Via2 Metal3 Metal4
Cut Spacing          1      0      0      0      0
Metal Spacing        0    411      0     14      0
NS Metal             0      6      0      0      0
Short                0   1165      1    101      4
[INFO DRT-0267] cpu time = 00:05:11, elapsed time = 00:00:20, memory = 2375.00 (MB), peak = 2255.84 (MB)
Total wire length = 335261 um.
Total wire length on LAYER Metal1 = 0 um.
Total wire length on LAYER Metal2 = 116027 um.
Total wire length on LAYER Metal3 = 144101 um.
Total wire length on LAYER Metal4 = 33606 um.
Total wire length on LAYER Metal5 = 41525 um.
Total number of vias = 31822.
Up-via summary (total 31822):

----------------
  Poly2        0
 Metal1    13232
 Metal2    14698
 Metal3     3168
 Metal4      724
----------------
       31822


[INFO DRT-0195] Start 2nd optimization iteration.
    Completing 10% with 1703 violations.
    elapsed time = 00:00:00, memory = 2375.00 (MB).
    Completing 20% with 1703 violations.
    elapsed time = 00:00:00, memory = 2576.77 (MB).
    Completing 30% with 1706 violations.
    elapsed time = 00:00:05, memory = 2588.06 (MB).
    Completing 40% with 1706 violations.
    elapsed time = 00:00:05, memory = 2588.16 (MB).
    Completing 50% with 1706 violations.
    elapsed time = 00:00:09, memory = 2692.82 (MB).
    Completing 60% with 1684 violations.
    elapsed time = 00:00:09, memory = 2695.61 (MB).
    Completing 70% with 1684 violations.
    elapsed time = 00:00:10, memory = 2785.90 (MB).
    Completing 80% with 1604 violations.
    elapsed time = 00:00:15, memory = 2794.46 (MB).
    Completing 90% with 1604 violations.
    elapsed time = 00:00:15, memory = 2794.46 (MB).
    Completing 100% with 1500 violations.
    elapsed time = 00:00:22, memory = 2945.57 (MB).
[INFO DRT-0199]   Number of violations = 1500.
Viol/Layer      Metal2   Via2 Metal3 Metal4
Cut Spacing          0      1      0      0
Metal Spacing      366      0     21      3
NS Metal             2      0      0      0
Short              996      0    109      2
[INFO DRT-0267] cpu time = 00:04:48, elapsed time = 00:00:22, memory = 2946.36 (MB), peak = 2812.34 (MB)
Total wire length = 334737 um.
Total wire length on LAYER Metal1 = 0 um.
Total wire length on LAYER Metal2 = 115002 um.
Total wire length on LAYER Metal3 = 143941 um.
Total wire length on LAYER Metal4 = 34136 um.
Total wire length on LAYER Metal5 = 41656 um.
Total number of vias = 31783.
Up-via summary (total 31783):

----------------
  Poly2        0
 Metal1    13234
 Metal2    14604
 Metal3     3213
 Metal4      732
----------------
       31783


[INFO DRT-0195] Start 3rd optimization iteration.
    Completing 10% with 1500 violations.
    elapsed time = 00:00:00, memory = 2946.42 (MB).
    Completing 20% with 1500 violations.
    elapsed time = 00:00:00, memory = 3070.27 (MB).
    Completing 30% with 1191 violations.
    elapsed time = 00:00:06, memory = 3144.54 (MB).
    Completing 40% with 1191 violations.
    elapsed time = 00:00:06, memory = 3144.54 (MB).
    Completing 50% with 1191 violations.
    elapsed time = 00:00:12, memory = 3136.72 (MB).
    Completing 60% with 895 violations.
    elapsed time = 00:00:12, memory = 3136.72 (MB).
    Completing 70% with 895 violations.
    elapsed time = 00:00:12, memory = 3168.81 (MB).
    Completing 80% with 600 violations.
    elapsed time = 00:00:19, memory = 3228.87 (MB).
    Completing 90% with 600 violations.
    elapsed time = 00:00:19, memory = 3228.88 (MB).
    Completing 100% with 272 violations.
    elapsed time = 00:00:27, memory = 3374.57 (MB).
[INFO DRT-0199]   Number of violations = 272.
Viol/Layer      Metal2 Metal3 Metal4
Metal Spacing      113     10      2
NS Metal             2      4      1
Short               96     29     15
[INFO DRT-0267] cpu time = 00:04:27, elapsed time = 00:00:28, memory = 3291.55 (MB), peak = 3272.10 (MB)
Total wire length = 334161 um.
Total wire length on LAYER Metal1 = 0 um.
Total wire length on LAYER Metal2 = 102240 um.
Total wire length on LAYER Metal3 = 142916 um.
Total wire length on LAYER Metal4 = 45848 um.
Total wire length on LAYER Metal5 = 43155 um.
Total number of vias = 32809.
Up-via summary (total 32809):

----------------
  Poly2        0
 Metal1    13232
 Metal2    14552
 Metal3     4177
 Metal4      848
----------------
       32809


[INFO DRT-0195] Start 4th optimization iteration.
    Completing 10% with 272 violations.
    elapsed time = 00:00:00, memory = 3291.55 (MB).
    Completing 20% with 272 violations.
    elapsed time = 00:00:00, memory = 3291.66 (MB).
    Completing 30% with 260 violations.
    elapsed time = 00:00:01, memory = 3372.92 (MB).
    Completing 40% with 260 violations.
    elapsed time = 00:00:01, memory = 3372.92 (MB).
    Completing 50% with 260 violations.
    elapsed time = 00:00:04, memory = 3413.96 (MB).
    Completing 60% with 258 violations.
    elapsed time = 00:00:04, memory = 3413.96 (MB).
    Completing 70% with 258 violations.
    elapsed time = 00:00:04, memory = 3413.96 (MB).
    Completing 80% with 215 violations.
    elapsed time = 00:00:08, memory = 3432.75 (MB).
    Completing 90% with 215 violations.
    elapsed time = 00:00:08, memory = 3432.75 (MB).
    Completing 100% with 63 violations.
    elapsed time = 00:00:11, memory = 3450.07 (MB).
[INFO DRT-0199]   Number of violations = 63.
Viol/Layer      Metal2
Metal Spacing       61
Short                2
[INFO DRT-0267] cpu time = 00:03:04, elapsed time = 00:00:11, memory = 3450.07 (MB), peak = 3349.32 (MB)
Total wire length = 334086 um.
Total wire length on LAYER Metal1 = 0 um.
Total wire length on LAYER Metal2 = 101526 um.
Total wire length on LAYER Metal3 = 142793 um.
Total wire length on LAYER Metal4 = 46491 um.
Total wire length on LAYER Metal5 = 43275 um.
Total number of vias = 32836.
Up-via summary (total 32836):

----------------
  Poly2        0
 Metal1    13232
 Metal2    14529
 Metal3     4228
 Metal4      847
----------------
       32836


[INFO DRT-0195] Start 5th guides tiles iteration.
    Completing 10% with 63 violations.
    elapsed time = 00:00:00, memory = 3478.71 (MB).
    Completing 20% with 63 violations.
    elapsed time = 00:00:00, memory = 3481.96 (MB).
    Completing 30% with 63 violations.
    elapsed time = 00:00:00, memory = 3482.32 (MB).
    Completing 40% with 63 violations.
    elapsed time = 00:00:00, memory = 3488.50 (MB).
    Completing 50% with 61 violations.
    elapsed time = 00:00:02, memory = 3499.35 (MB).
    Completing 60% with 61 violations.
    elapsed time = 00:00:02, memory = 3500.78 (MB).
    Completing 70% with 61 violations.
    elapsed time = 00:00:02, memory = 3517.60 (MB).
    Completing 80% with 61 violations.
    elapsed time = 00:00:02, memory = 3580.50 (MB).
    Completing 90% with 59 violations.
    elapsed time = 00:00:16, memory = 3561.32 (MB).
    Completing 100% with 59 violations.
    elapsed time = 00:00:16, memory = 3562.23 (MB).
[INFO DRT-0199]   Number of violations = 59.
Viol/Layer      Metal2
Metal Spacing       58
Short                1
[INFO DRT-0267] cpu time = 00:01:55, elapsed time = 00:00:16, memory = 3562.23 (MB), peak = 3570.61 (MB)
Total wire length = 334093 um.
Total wire length on LAYER Metal1 = 0 um.
Total wire length on LAYER Metal2 = 101457 um.
Total wire length on LAYER Metal3 = 142705 um.
Total wire length on LAYER Metal4 = 46575 um.
Total wire length on LAYER Metal5 = 43356 um.
Total number of vias = 32838.
Up-via summary (total 32838):

----------------
  Poly2        0
 Metal1    13232
 Metal2    14520
 Metal3     4236
 Metal4      850
----------------
       32838


[INFO DRT-0195] Start 6th guides tiles iteration.
    Completing 10% with 59 violations.
    elapsed time = 00:00:00, memory = 3576.02 (MB).
    Completing 20% with 59 violations.
    elapsed time = 00:00:00, memory = 3577.73 (MB).
    Completing 30% with 59 violations.
    elapsed time = 00:00:00, memory = 3577.73 (MB).
    Completing 40% with 59 violations.
    elapsed time = 00:00:02, memory = 3595.79 (MB).
    Completing 50% with 58 violations.
    elapsed time = 00:00:02, memory = 3596.68 (MB).
    Completing 60% with 58 violations.
    elapsed time = 00:00:02, memory = 3596.76 (MB).
    Completing 70% with 58 violations.
    elapsed time = 00:00:02, memory = 3629.95 (MB).
    Completing 80% with 58 violations.
    elapsed time = 00:00:02, memory = 3645.29 (MB).
    Completing 90% with 58 violations.
    elapsed time = 00:00:17, memory = 3636.09 (MB).
    Completing 100% with 57 violations.
    elapsed time = 00:00:17, memory = 3636.09 (MB).
[INFO DRT-0199]   Number of violations = 57.
Viol/Layer      Metal2
Metal Spacing       56
Short                1
[INFO DRT-0267] cpu time = 00:01:54, elapsed time = 00:00:17, memory = 3636.09 (MB), peak = 3646.37 (MB)
Total wire length = 334095 um.
Total wire length on LAYER Metal1 = 0 um.
Total wire length on LAYER Metal2 = 101433 um.
Total wire length on LAYER Metal3 = 142741 um.
Total wire length on LAYER Metal4 = 46599 um.
Total wire length on LAYER Metal5 = 43321 um.
Total number of vias = 32835.
Up-via summary (total 32835):

----------------
  Poly2        0
 Metal1    13232
 Metal2    14517
 Metal3     4237
 Metal4      849
----------------
       32835


[INFO DRT-0195] Start 7th guides tiles iteration.
    Completing 10% with 57 violations.
    elapsed time = 00:00:00, memory = 3652.42 (MB).
    Completing 20% with 57 violations.
    elapsed time = 00:00:00, memory = 3666.11 (MB).
    Completing 30% with 57 violations.
    elapsed time = 00:00:00, memory = 3666.11 (MB).
    Completing 40% with 57 violations.
    elapsed time = 00:00:02, memory = 3692.69 (MB).
    Completing 50% with 56 violations.
    elapsed time = 00:00:02, memory = 3692.69 (MB).
    Completing 60% with 56 violations.
    elapsed time = 00:00:02, memory = 3692.69 (MB).
    Completing 70% with 56 violations.
    elapsed time = 00:00:02, memory = 3723.83 (MB).
    Completing 80% with 56 violations.
    elapsed time = 00:00:02, memory = 3734.29 (MB).
    Completing 90% with 56 violations.
    elapsed time = 00:00:18, memory = 3731.75 (MB).
    Completing 100% with 56 violations.
    elapsed time = 00:00:18, memory = 3731.75 (MB).
[INFO DRT-0199]   Number of violations = 56.
Viol/Layer      Metal2
Metal Spacing       55
Short                1
[INFO DRT-0267] cpu time = 00:02:06, elapsed time = 00:00:18, memory = 3731.75 (MB), peak = 3742.45 (MB)
Total wire length = 334095 um.
Total wire length on LAYER Metal1 = 0 um.
Total wire length on LAYER Metal2 = 101430 um.
Total wire length on LAYER Metal3 = 142757 um.
Total wire length on LAYER Metal4 = 46603 um.
Total wire length on LAYER Metal5 = 43304 um.
Total number of vias = 32835.
Up-via summary (total 32835):

----------------
  Poly2        0
 Metal1    13232
 Metal2    14517
 Metal3     4237
 Metal4      849
----------------
       32835


[INFO DRT-0195] Start 8th guides tiles iteration.
    Completing 10% with 56 violations.
    elapsed time = 00:00:00, memory = 3742.18 (MB).
    Completing 20% with 56 violations.
    elapsed time = 00:00:00, memory = 3742.18 (MB).
    Completing 30% with 56 violations.
    elapsed time = 00:00:00, memory = 3742.18 (MB).
    Completing 40% with 56 violations.
    elapsed time = 00:00:02, memory = 3757.25 (MB).
    Completing 50% with 56 violations.
    elapsed time = 00:00:02, memory = 3757.25 (MB).
    Completing 60% with 56 violations.
    elapsed time = 00:00:02, memory = 3757.25 (MB).
    Completing 70% with 56 violations.
    elapsed time = 00:00:02, memory = 3762.75 (MB).
    Completing 80% with 56 violations.
    elapsed time = 00:00:02, memory = 3763.30 (MB).
    Completing 90% with 56 violations.
    elapsed time = 00:00:18, memory = 3746.30 (MB).
    Completing 100% with 56 violations.
    elapsed time = 00:00:18, memory = 3746.30 (MB).
[INFO DRT-0199]   Number of violations = 56.
Viol/Layer      Metal2
Metal Spacing       55
Short                1
[INFO DRT-0267] cpu time = 00:01:51, elapsed time = 00:00:18, memory = 3746.30 (MB), peak = 3760.27 (MB)
Total wire length = 334088 um.
Total wire length on LAYER Metal1 = 0 um.
Total wire length on LAYER Metal2 = 101421 um.
Total wire length on LAYER Metal3 = 142724 um.
Total wire length on LAYER Metal4 = 46605 um.
Total wire length on LAYER Metal5 = 43335 um.
Total number of vias = 32838.
Up-via summary (total 32838):

----------------
  Poly2        0
 Metal1    13232
 Metal2    14518
 Metal3     4238
 Metal4      850
----------------
       32838


[INFO DRT-0195] Start 9th stubborn tiles iteration.
    Completing 10% with 56 violations.
    elapsed time = 00:00:01, memory = 6545.38 (MB).
    Completing 20% with 56 violations.
    elapsed time = 00:00:02, memory = 7572.82 (MB).
    Completing 30% with 56 violations.
    elapsed time = 00:00:03, memory = 7558.13 (MB).
    Completing 40% with 56 violations.
    elapsed time = 00:00:08, memory = 7403.86 (MB).
    Completing 50% with 55 violations.
    elapsed time = 00:00:09, memory = 7570.21 (MB).
    Completing 60% with 55 violations.
    elapsed time = 00:00:09, memory = 8142.13 (MB).
    Completing 70% with 55 violations.
    elapsed time = 00:00:10, memory = 8200.01 (MB).
    Completing 80% with 55 violations.
    elapsed time = 00:00:13, memory = 7943.67 (MB).
    Completing 90% with 55 violations.
    elapsed time = 00:00:21, memory = 7857.73 (MB).
    Completing 100% with 55 violations.
    elapsed time = 00:00:25, memory = 7971.33 (MB).
[INFO DRT-0199]   Number of violations = 55.
Viol/Layer      Metal2
Metal Spacing       54
Short                1
[INFO DRT-0267] cpu time = 00:22:00, elapsed time = 00:00:25, memory = 7971.33 (MB), peak = 8060.61 (MB)
Total wire length = 334074 um.
Total wire length on LAYER Metal1 = 0 um.
Total wire length on LAYER Metal2 = 101382 um.
Total wire length on LAYER Metal3 = 142725 um.
Total wire length on LAYER Metal4 = 46624 um.
Total wire length on LAYER Metal5 = 43341 um.
Total number of vias = 32835.
Up-via summary (total 32835):

----------------
  Poly2        0
 Metal1    13232
 Metal2    14514
 Metal3     4239
 Metal4      850
----------------
       32835


[INFO DRT-0195] Start 10th guides tiles iteration.
    Completing 10% with 55 violations.
    elapsed time = 00:00:00, memory = 7971.33 (MB).
    Completing 20% with 55 violations.
    elapsed time = 00:00:00, memory = 7971.33 (MB).
    Completing 30% with 55 violations.
    elapsed time = 00:00:00, memory = 7971.33 (MB).
    Completing 40% with 55 violations.
    elapsed time = 00:00:00, memory = 7971.33 (MB).
    Completing 50% with 55 violations.
    elapsed time = 00:00:00, memory = 7971.33 (MB).
    Completing 60% with 55 violations.
    elapsed time = 00:00:00, memory = 7971.33 (MB).
    Completing 70% with 55 violations.
    elapsed time = 00:00:00, memory = 7971.33 (MB).
    Completing 80% with 55 violations.
    elapsed time = 00:00:00, memory = 7983.45 (MB).
    Completing 90% with 55 violations.
    elapsed time = 00:00:00, memory = 8023.71 (MB).
    Completing 100% with 55 violations.
    elapsed time = 00:00:08, memory = 8003.34 (MB).
[INFO DRT-0199]   Number of violations = 55.
Viol/Layer      Metal2
Metal Spacing       54
Short                1
[INFO DRT-0267] cpu time = 00:01:30, elapsed time = 00:00:08, memory = 8003.34 (MB), peak = 8060.61 (MB)
Total wire length = 334083 um.
Total wire length on LAYER Metal1 = 0 um.
Total wire length on LAYER Metal2 = 101401 um.
Total wire length on LAYER Metal3 = 142729 um.
Total wire length on LAYER Metal4 = 46615 um.
Total wire length on LAYER Metal5 = 43337 um.
Total number of vias = 32840.
Up-via summary (total 32840):

----------------
  Poly2        0
 Metal1    13232
 Metal2    14516
 Metal3     4241
 Metal4      851
----------------
       32840


[INFO DRT-0195] Start 11th stubborn tiles iteration.
    Completing 10% with 55 violations.
    elapsed time = 00:00:00, memory = 8482.46 (MB).
    Completing 20% with 55 violations.
    elapsed time = 00:00:02, memory = 9289.78 (MB).
    Completing 30% with 55 violations.
    elapsed time = 00:00:03, memory = 9254.59 (MB).
    Completing 40% with 55 violations.
    elapsed time = 00:00:04, memory = 9123.91 (MB).
    Completing 50% with 55 violations.
    elapsed time = 00:00:09, memory = 9030.84 (MB).
    Completing 60% with 55 violations.
    elapsed time = 00:00:09, memory = 9097.02 (MB).
    Completing 70% with 55 violations.
    elapsed time = 00:00:10, memory = 9435.92 (MB).
    Completing 80% with 55 violations.
    elapsed time = 00:00:14, memory = 9331.38 (MB).
    Completing 90% with 54 violations.
    elapsed time = 00:00:15, memory = 9088.43 (MB).
    Completing 100% with 54 violations.
    elapsed time = 00:00:19, memory = 9151.75 (MB).
[INFO DRT-0199]   Number of violations = 54.
Viol/Layer      Metal2
Metal Spacing       53
Short                1
[INFO DRT-0267] cpu time = 00:21:38, elapsed time = 00:00:20, memory = 9151.75 (MB), peak = 9294.31 (MB)
Total wire length = 334064 um.
Total wire length on LAYER Metal1 = 0 um.
Total wire length on LAYER Metal2 = 101394 um.
Total wire length on LAYER Metal3 = 142746 um.
Total wire length on LAYER Metal4 = 46605 um.
Total wire length on LAYER Metal5 = 43318 um.
Total number of vias = 32835.
Up-via summary (total 32835):

----------------
  Poly2        0
 Metal1    13232
 Metal2    14514
 Metal3     4238
 Metal4      851
----------------
       32835


[INFO DRT-0195] Start 12th guides tiles iteration.
    Completing 10% with 54 violations.
    elapsed time = 00:00:00, memory = 9151.75 (MB).
    Completing 20% with 54 violations.
    elapsed time = 00:00:00, memory = 9151.75 (MB).
    Completing 30% with 54 violations.
    elapsed time = 00:00:00, memory = 9151.75 (MB).
    Completing 40% with 54 violations.
    elapsed time = 00:00:00, memory = 9151.75 (MB).
    Completing 50% with 54 violations.
    elapsed time = 00:00:00, memory = 9151.75 (MB).
    Completing 60% with 54 violations.
    elapsed time = 00:00:00, memory = 9151.75 (MB).
    Completing 70% with 54 violations.
    elapsed time = 00:00:00, memory = 9154.93 (MB).
    Completing 80% with 54 violations.
    elapsed time = 00:00:00, memory = 9223.97 (MB).
    Completing 90% with 54 violations.
    elapsed time = 00:00:08, memory = 9205.24 (MB).
    Completing 100% with 54 violations.
    elapsed time = 00:00:08, memory = 9205.24 (MB).
[INFO DRT-0199]   Number of violations = 54.
Viol/Layer      Metal2
Metal Spacing       53
Short                1
[INFO DRT-0267] cpu time = 00:01:42, elapsed time = 00:00:08, memory = 9205.24 (MB), peak = 9294.31 (MB)
Total wire length = 334072 um.
Total wire length on LAYER Metal1 = 0 um.
Total wire length on LAYER Metal2 = 101396 um.
Total wire length on LAYER Metal3 = 142746 um.
Total wire length on LAYER Metal4 = 46611 um.
Total wire length on LAYER Metal5 = 43318 um.
Total number of vias = 32839.
Up-via summary (total 32839):

----------------
  Poly2        0
 Metal1    13232
 Metal2    14516
 Metal3     4240
 Metal4      851
----------------
       32839


[INFO DRT-0195] Start 13th stubborn tiles iteration.
    Completing 10% with 54 violations.
    elapsed time = 00:00:00, memory = 9284.09 (MB).
    Completing 20% with 54 violations.
    elapsed time = 00:00:01, memory = 9752.95 (MB).
    Completing 30% with 54 violations.
    elapsed time = 00:00:03, memory = 10174.39 (MB).
    Completing 40% with 54 violations.
    elapsed time = 00:00:05, memory = 10067.38 (MB).
    Completing 50% with 54 violations.
    elapsed time = 00:00:10, memory = 9626.46 (MB).
    Completing 60% with 54 violations.
    elapsed time = 00:00:11, memory = 9705.34 (MB).
    Completing 70% with 54 violations.
    elapsed time = 00:00:12, memory = 9872.49 (MB).
    Completing 80% with 54 violations.
    elapsed time = 00:00:14, memory = 9625.68 (MB).
    Completing 90% with 54 violations.
    elapsed time = 00:00:14, memory = 9646.19 (MB).
    Completing 100% with 54 violations.
    elapsed time = 00:00:18, memory = 9747.39 (MB).
[INFO DRT-0199]   Number of violations = 54.
Viol/Layer      Metal2
Metal Spacing       53
Short                1
[INFO DRT-0267] cpu time = 00:22:38, elapsed time = 00:00:19, memory = 9747.39 (MB), peak = 10043.87 (MB)
Total wire length = 334065 um.
Total wire length on LAYER Metal1 = 0 um.
Total wire length on LAYER Metal2 = 101392 um.
Total wire length on LAYER Metal3 = 142745 um.
Total wire length on LAYER Metal4 = 46608 um.
Total wire length on LAYER Metal5 = 43319 um.
Total number of vias = 32835.
Up-via summary (total 32835):

----------------
  Poly2        0
 Metal1    13232
 Metal2    14514
 Metal3     4238
 Metal4      851
----------------
       32835


[INFO DRT-0200] Skipping iteration 14
[INFO DRT-0195] Start 15th guides tiles iteration.
    Completing 10% with 54 violations.
    elapsed time = 00:00:00, memory = 9747.77 (MB).
    Completing 20% with 54 violations.
    elapsed time = 00:00:00, memory = 9747.77 (MB).
    Completing 30% with 54 violations.
    elapsed time = 00:00:00, memory = 9747.77 (MB).
    Completing 40% with 54 violations.
    elapsed time = 00:00:00, memory = 9751.89 (MB).
    Completing 50% with 54 violations.
    elapsed time = 00:00:00, memory = 9751.89 (MB).
    Completing 60% with 54 violations.
    elapsed time = 00:00:00, memory = 9751.89 (MB).
    Completing 70% with 54 violations.
    elapsed time = 00:00:00, memory = 9751.89 (MB).
    Completing 80% with 54 violations.
    elapsed time = 00:00:00, memory = 9795.23 (MB).
    Completing 90% with 54 violations.
    elapsed time = 00:00:08, memory = 9751.89 (MB).
    Completing 100% with 54 violations.
    elapsed time = 00:00:08, memory = 9751.89 (MB).
[INFO DRT-0199]   Number of violations = 54.
Viol/Layer      Metal2
Metal Spacing       53
Short                1
[INFO DRT-0267] cpu time = 00:01:51, elapsed time = 00:00:09, memory = 9751.89 (MB), peak = 10043.87 (MB)
Total wire length = 334069 um.
Total wire length on LAYER Metal1 = 0 um.
Total wire length on LAYER Metal2 = 101393 um.
Total wire length on LAYER Metal3 = 142746 um.
Total wire length on LAYER Metal4 = 46611 um.
Total wire length on LAYER Metal5 = 43318 um.
Total number of vias = 32839.
Up-via summary (total 32839):

----------------
  Poly2        0
 Metal1    13232
 Metal2    14516
 Metal3     4240
 Metal4      851
----------------
       32839


[INFO DRT-0195] Start 16th stubborn tiles iteration.
    Completing 10% with 54 violations.
    elapsed time = 00:00:00, memory = 9778.22 (MB).
    Completing 20% with 54 violations.
    elapsed time = 00:00:01, memory = 10026.77 (MB).
    Completing 30% with 54 violations.
    elapsed time = 00:00:03, memory = 10309.44 (MB).
    Completing 40% with 54 violations.
    elapsed time = 00:00:05, memory = 10172.76 (MB).
    Completing 50% with 54 violations.
    elapsed time = 00:00:11, memory = 9805.79 (MB).
    Completing 60% with 54 violations.
    elapsed time = 00:00:12, memory = 9838.82 (MB).
    Completing 70% with 54 violations.
    elapsed time = 00:00:12, memory = 9930.43 (MB).
    Completing 80% with 54 violations.
    elapsed time = 00:00:15, memory = 9702.91 (MB).
    Completing 90% with 54 violations.
    elapsed time = 00:00:17, memory = 9840.77 (MB).
    Completing 100% with 54 violations.
    elapsed time = 00:00:19, memory = 9688.92 (MB).
[INFO DRT-0199]   Number of violations = 54.
Viol/Layer      Metal2
Metal Spacing       53
Short                1
[INFO DRT-0267] cpu time = 00:23:05, elapsed time = 00:00:19, memory = 9688.92 (MB), peak = 10189.27 (MB)
Total wire length = 334063 um.
Total wire length on LAYER Metal1 = 0 um.
Total wire length on LAYER Metal2 = 101393 um.
Total wire length on LAYER Metal3 = 142745 um.
Total wire length on LAYER Metal4 = 46605 um.
Total wire length on LAYER Metal5 = 43319 um.
Total number of vias = 32835.
Up-via summary (total 32835):

----------------
  Poly2        0
 Metal1    13232
 Metal2    14514
 Metal3     4238
 Metal4      851
----------------
       32835


[INFO DRT-0195] Start 17th optimization iteration.
    Completing 10% with 54 violations.
    elapsed time = 00:00:00, memory = 9688.92 (MB).
    Completing 20% with 54 violations.
    elapsed time = 00:00:00, memory = 9688.92 (MB).
    Completing 30% with 58 violations.
    elapsed time = 00:00:05, memory = 9755.60 (MB).
    Completing 40% with 58 violations.
    elapsed time = 00:00:05, memory = 9755.60 (MB).
    Completing 50% with 58 violations.
    elapsed time = 00:00:08, memory = 9718.71 (MB).
    Completing 60% with 56 violations.
    elapsed time = 00:00:08, memory = 9718.71 (MB).
    Completing 70% with 56 violations.
    elapsed time = 00:00:08, memory = 9718.71 (MB).
    Completing 80% with 67 violations.
    elapsed time = 00:00:11, memory = 9718.72 (MB).
    Completing 90% with 67 violations.
    elapsed time = 00:00:11, memory = 9718.72 (MB).
    Completing 100% with 66 violations.
    elapsed time = 00:00:14, memory = 9718.73 (MB).
[INFO DRT-0199]   Number of violations = 66.
Viol/Layer      Metal2
Metal Spacing       61
Short                5
[INFO DRT-0267] cpu time = 00:03:33, elapsed time = 00:00:15, memory = 9683.47 (MB), peak = 10189.27 (MB)
Total wire length = 332844 um.
Total wire length on LAYER Metal1 = 0 um.
Total wire length on LAYER Metal2 = 96161 um.
Total wire length on LAYER Metal3 = 141927 um.
Total wire length on LAYER Metal4 = 50740 um.
Total wire length on LAYER Metal5 = 44015 um.
Total number of vias = 32292.
Up-via summary (total 32292):

----------------
  Poly2        0
 Metal1    13231
 Metal2    14055
 Metal3     4144
 Metal4      862
----------------
       32292


[INFO DRT-0195] Start 18th guides tiles iteration.
    Completing 10% with 66 violations.
    elapsed time = 00:00:00, memory = 9683.47 (MB).
    Completing 20% with 66 violations.
    elapsed time = 00:00:00, memory = 9683.47 (MB).
    Completing 30% with 66 violations.
    elapsed time = 00:00:00, memory = 9683.47 (MB).
    Completing 40% with 66 violations.
    elapsed time = 00:00:03, memory = 9688.32 (MB).
    Completing 50% with 60 violations.
    elapsed time = 00:00:03, memory = 9688.32 (MB).
    Completing 60% with 60 violations.
    elapsed time = 00:00:03, memory = 9688.32 (MB).
    Completing 70% with 60 violations.
    elapsed time = 00:00:03, memory = 9701.59 (MB).
    Completing 80% with 60 violations.
    elapsed time = 00:00:03, memory = 9760.92 (MB).
    Completing 90% with 59 violations.
    elapsed time = 00:00:16, memory = 9688.32 (MB).
    Completing 100% with 59 violations.
    elapsed time = 00:00:16, memory = 9688.32 (MB).
[INFO DRT-0199]   Number of violations = 59.
Viol/Layer      Metal2
Metal Spacing       55
Short                4
[INFO DRT-0267] cpu time = 00:02:32, elapsed time = 00:00:16, memory = 9688.32 (MB), peak = 10189.27 (MB)
Total wire length = 332846 um.
Total wire length on LAYER Metal1 = 0 um.
Total wire length on LAYER Metal2 = 96109 um.
Total wire length on LAYER Metal3 = 141921 um.
Total wire length on LAYER Metal4 = 50797 um.
Total wire length on LAYER Metal5 = 44018 um.
Total number of vias = 32296.
Up-via summary (total 32296):

----------------
  Poly2        0
 Metal1    13231
 Metal2    14054
 Metal3     4147
 Metal4      864
----------------
       32296


[INFO DRT-0195] Start 19th guides tiles iteration.
    Completing 10% with 59 violations.
    elapsed time = 00:00:00, memory = 9709.45 (MB).
    Completing 20% with 59 violations.
    elapsed time = 00:00:00, memory = 9760.92 (MB).
    Completing 30% with 59 violations.
    elapsed time = 00:00:00, memory = 9760.92 (MB).
    Completing 40% with 59 violations.
    elapsed time = 00:00:12, memory = 9693.65 (MB).
    Completing 50% with 57 violations.
    elapsed time = 00:00:12, memory = 9693.65 (MB).
    Completing 60% with 57 violations.
    elapsed time = 00:00:12, memory = 9693.65 (MB).
    Completing 70% with 57 violations.
    elapsed time = 00:00:12, memory = 9693.65 (MB).
    Completing 80% with 57 violations.
    elapsed time = 00:00:12, memory = 9693.65 (MB).
    Completing 90% with 57 violations.
    elapsed time = 00:00:12, memory = 9693.65 (MB).
    Completing 100% with 57 violations.
    elapsed time = 00:00:12, memory = 9693.65 (MB).
[INFO DRT-0199]   Number of violations = 57.
Viol/Layer      Metal2
Metal Spacing       55
Short                2
[INFO DRT-0267] cpu time = 00:01:48, elapsed time = 00:00:12, memory = 9693.65 (MB), peak = 10189.27 (MB)
Total wire length = 332849 um.
Total wire length on LAYER Metal1 = 0 um.
Total wire length on LAYER Metal2 = 96135 um.
Total wire length on LAYER Metal3 = 141917 um.
Total wire length on LAYER Metal4 = 50778 um.
Total wire length on LAYER Metal5 = 44018 um.
Total number of vias = 32289.
Up-via summary (total 32289):

----------------
  Poly2        0
 Metal1    13231
 Metal2    14052
 Metal3     4142
 Metal4      864
----------------
       32289


[INFO DRT-0195] Start 20th guides tiles iteration.
    Completing 10% with 57 violations.
    elapsed time = 00:00:00, memory = 9726.91 (MB).
    Completing 20% with 57 violations.
    elapsed time = 00:00:00, memory = 9766.25 (MB).
    Completing 30% with 57 violations.
    elapsed time = 00:00:00, memory = 9766.25 (MB).
    Completing 40% with 57 violations.
    elapsed time = 00:00:13, memory = 9720.13 (MB).
    Completing 50% with 55 violations.
    elapsed time = 00:00:13, memory = 9720.13 (MB).
    Completing 60% with 55 violations.
    elapsed time = 00:00:13, memory = 9720.13 (MB).
    Completing 70% with 55 violations.
    elapsed time = 00:00:13, memory = 9720.13 (MB).
    Completing 80% with 55 violations.
    elapsed time = 00:00:13, memory = 9720.13 (MB).
    Completing 90% with 55 violations.
    elapsed time = 00:00:13, memory = 9720.13 (MB).
    Completing 100% with 55 violations.
    elapsed time = 00:00:14, memory = 9720.13 (MB).
[INFO DRT-0199]   Number of violations = 55.
Viol/Layer      Metal2
Metal Spacing       53
Short                2
[INFO DRT-0267] cpu time = 00:01:53, elapsed time = 00:00:14, memory = 9720.13 (MB), peak = 10189.27 (MB)
Total wire length = 332848 um.
Total wire length on LAYER Metal1 = 0 um.
Total wire length on LAYER Metal2 = 96133 um.
Total wire length on LAYER Metal3 = 141960 um.
Total wire length on LAYER Metal4 = 50771 um.
Total wire length on LAYER Metal5 = 43984 um.
Total number of vias = 32288.
Up-via summary (total 32288):

----------------
  Poly2        0
 Metal1    13231
 Metal2    14051
 Metal3     4144
 Metal4      862
----------------
       32288


[INFO DRT-0195] Start 21st guides tiles iteration.
    Completing 10% with 55 violations.
    elapsed time = 00:00:00, memory = 9733.34 (MB).
    Completing 20% with 55 violations.
    elapsed time = 00:00:00, memory = 9740.47 (MB).
    Completing 30% with 55 violations.
    elapsed time = 00:00:00, memory = 9740.47 (MB).
    Completing 40% with 55 violations.
    elapsed time = 00:00:00, memory = 9740.47 (MB).
    Completing 50% with 55 violations.
    elapsed time = 00:00:03, memory = 9741.02 (MB).
    Completing 60% with 55 violations.
    elapsed time = 00:00:04, memory = 9741.02 (MB).
    Completing 70% with 55 violations.
    elapsed time = 00:00:04, memory = 9757.27 (MB).
    Completing 80% with 55 violations.
    elapsed time = 00:00:04, memory = 9794.71 (MB).
    Completing 90% with 55 violations.
    elapsed time = 00:00:11, memory = 9748.37 (MB).
    Completing 100% with 55 violations.
    elapsed time = 00:00:11, memory = 9748.37 (MB).
[INFO DRT-0199]   Number of violations = 55.
Viol/Layer      Metal2
Metal Spacing       53
Short                2
[INFO DRT-0267] cpu time = 00:01:46, elapsed time = 00:00:11, memory = 9748.37 (MB), peak = 10189.27 (MB)
Total wire length = 332855 um.
Total wire length on LAYER Metal1 = 0 um.
Total wire length on LAYER Metal2 = 96130 um.
Total wire length on LAYER Metal3 = 141957 um.
Total wire length on LAYER Metal4 = 50783 um.
Total wire length on LAYER Metal5 = 43984 um.
Total number of vias = 32291.
Up-via summary (total 32291):

----------------
  Poly2        0
 Metal1    13231
 Metal2    14051
 Metal3     4147
 Metal4      862
----------------
       32291


[INFO DRT-0195] Start 22nd stubborn tiles iteration.
    Completing 10% with 55 violations.
    elapsed time = 00:00:00, memory = 9835.48 (MB).
    Completing 20% with 55 violations.
    elapsed time = 00:00:01, memory = 10247.64 (MB).
    Completing 30% with 55 violations.
    elapsed time = 00:00:03, memory = 10269.53 (MB).
    Completing 40% with 55 violations.
    elapsed time = 00:00:04, memory = 10316.12 (MB).
    Completing 50% with 55 violations.
    elapsed time = 00:00:05, memory = 10308.00 (MB).
    Completing 60% with 53 violations.
    elapsed time = 00:00:11, memory = 10049.48 (MB).
    Completing 70% with 53 violations.
    elapsed time = 00:00:13, memory = 10301.73 (MB).
    Completing 80% with 53 violations.
    elapsed time = 00:00:16, memory = 10202.29 (MB).
    Completing 90% with 53 violations.
    elapsed time = 00:00:16, memory = 10338.91 (MB).
    Completing 100% with 53 violations.
    elapsed time = 00:00:23, memory = 10210.80 (MB).
[INFO DRT-0199]   Number of violations = 53.
Viol/Layer      Metal2
Metal Spacing       52
Short                1
[INFO DRT-0267] cpu time = 00:24:19, elapsed time = 00:00:23, memory = 10210.80 (MB), peak = 10261.88 (MB)
Total wire length = 332825 um.
Total wire length on LAYER Metal1 = 0 um.
Total wire length on LAYER Metal2 = 96103 um.
Total wire length on LAYER Metal3 = 141985 um.
Total wire length on LAYER Metal4 = 50751 um.
Total wire length on LAYER Metal5 = 43983 um.
Total number of vias = 32291.
Up-via summary (total 32291):

----------------
  Poly2        0
 Metal1    13230
 Metal2    14053
 Metal3     4146
 Metal4      862
----------------
       32291


[INFO DRT-0195] Start 23rd guides tiles iteration.
    Completing 10% with 53 violations.
    elapsed time = 00:00:00, memory = 10210.80 (MB).
    Completing 20% with 53 violations.
    elapsed time = 00:00:00, memory = 10210.80 (MB).
    Completing 30% with 53 violations.
    elapsed time = 00:00:00, memory = 10210.80 (MB).
    Completing 40% with 53 violations.
    elapsed time = 00:00:06, memory = 10210.80 (MB).
    Completing 50% with 53 violations.
    elapsed time = 00:00:06, memory = 10210.80 (MB).
    Completing 60% with 53 violations.
    elapsed time = 00:00:06, memory = 10210.80 (MB).
    Completing 70% with 53 violations.
    elapsed time = 00:00:06, memory = 10245.02 (MB).
    Completing 80% with 53 violations.
    elapsed time = 00:00:06, memory = 10264.49 (MB).
    Completing 90% with 53 violations.
    elapsed time = 00:00:15, memory = 10210.80 (MB).
    Completing 100% with 53 violations.
    elapsed time = 00:00:15, memory = 10210.80 (MB).
[INFO DRT-0199]   Number of violations = 53.
Viol/Layer      Metal2
Metal Spacing       52
Short                1
[INFO DRT-0267] cpu time = 00:01:56, elapsed time = 00:00:15, memory = 10210.80 (MB), peak = 10261.88 (MB)
Total wire length = 332824 um.
Total wire length on LAYER Metal1 = 0 um.
Total wire length on LAYER Metal2 = 96117 um.
Total wire length on LAYER Metal3 = 141982 um.
Total wire length on LAYER Metal4 = 50740 um.
Total wire length on LAYER Metal5 = 43983 um.
Total number of vias = 32287.
Up-via summary (total 32287):

----------------
  Poly2        0
 Metal1    13230
 Metal2    14050
 Metal3     4145
 Metal4      862
----------------
       32287


[INFO DRT-0195] Start 24th guides tiles iteration.
    Completing 10% with 53 violations.
    elapsed time = 00:00:00, memory = 10210.80 (MB).
    Completing 20% with 53 violations.
    elapsed time = 00:00:00, memory = 10225.98 (MB).
    Completing 30% with 53 violations.
    elapsed time = 00:00:00, memory = 10283.39 (MB).
    Completing 40% with 53 violations.
    elapsed time = 00:00:00, memory = 10283.39 (MB).
    Completing 50% with 53 violations.
    elapsed time = 00:00:13, memory = 10215.68 (MB).
    Completing 60% with 53 violations.
    elapsed time = 00:00:13, memory = 10215.68 (MB).
    Completing 70% with 53 violations.
    elapsed time = 00:00:13, memory = 10215.68 (MB).
    Completing 80% with 53 violations.
    elapsed time = 00:00:13, memory = 10215.68 (MB).
    Completing 90% with 53 violations.
    elapsed time = 00:00:13, memory = 10215.68 (MB).
    Completing 100% with 53 violations.
    elapsed time = 00:00:14, memory = 10215.68 (MB).
[INFO DRT-0199]   Number of violations = 53.
Viol/Layer      Metal2
Metal Spacing       52
Short                1
[INFO DRT-0267] cpu time = 00:01:53, elapsed time = 00:00:14, memory = 10215.68 (MB), peak = 10261.88 (MB)
Total wire length = 332825 um.
Total wire length on LAYER Metal1 = 0 um.
Total wire length on LAYER Metal2 = 96104 um.
Total wire length on LAYER Metal3 = 141981 um.
Total wire length on LAYER Metal4 = 50756 um.
Total wire length on LAYER Metal5 = 43983 um.
Total number of vias = 32289.
Up-via summary (total 32289):

----------------
  Poly2        0
 Metal1    13230
 Metal2    14050
 Metal3     4147
 Metal4      862
----------------
       32289


[INFO DRT-0195] Start 25th optimization iteration.
    Completing 10% with 53 violations.
    elapsed time = 00:00:00, memory = 10215.68 (MB).
    Completing 20% with 53 violations.
    elapsed time = 00:00:00, memory = 10215.68 (MB).
    Completing 30% with 54 violations.
    elapsed time = 00:00:01, memory = 10215.68 (MB).
    Completing 40% with 54 violations.
    elapsed time = 00:00:01, memory = 10215.68 (MB).
    Completing 50% with 54 violations.
    elapsed time = 00:00:02, memory = 10215.68 (MB).
    Completing 60% with 57 violations.
    elapsed time = 00:00:02, memory = 10215.68 (MB).
    Completing 70% with 57 violations.
    elapsed time = 00:00:02, memory = 10215.68 (MB).
    Completing 80% with 64 violations.
    elapsed time = 00:00:03, memory = 10215.68 (MB).
    Completing 90% with 64 violations.
    elapsed time = 00:00:03, memory = 10215.68 (MB).
    Completing 100% with 95 violations.
    elapsed time = 00:00:05, memory = 10215.68 (MB).
[INFO DRT-0199]   Number of violations = 95.
Viol/Layer      Metal2 Metal3
Metal Spacing       62      3
Short               17     13
[INFO DRT-0267] cpu time = 00:03:09, elapsed time = 00:00:05, memory = 10215.68 (MB), peak = 10261.88 (MB)
Total wire length = 332784 um.
Total wire length on LAYER Metal1 = 0 um.
Total wire length on LAYER Metal2 = 94964 um.
Total wire length on LAYER Metal3 = 141936 um.
Total wire length on LAYER Metal4 = 51846 um.
Total wire length on LAYER Metal5 = 44037 um.
Total number of vias = 32354.
Up-via summary (total 32354):

----------------
  Poly2        0
 Metal1    13230
 Metal2    14040
 Metal3     4210
 Metal4      874
----------------
       32354


[INFO DRT-0195] Start 26th guides tiles iteration.
    Completing 10% with 95 violations.
    elapsed time = 00:00:00, memory = 10215.68 (MB).
    Completing 20% with 95 violations.
    elapsed time = 00:00:00, memory = 10215.68 (MB).
    Completing 30% with 95 violations.
    elapsed time = 00:00:00, memory = 10215.68 (MB).
    Completing 40% with 95 violations.
    elapsed time = 00:00:00, memory = 10215.68 (MB).
    Completing 50% with 95 violations.
    elapsed time = 00:00:00, memory = 10215.68 (MB).
    Completing 60% with 58 violations.
    elapsed time = 00:00:00, memory = 10215.68 (MB).
    Completing 70% with 58 violations.
    elapsed time = 00:00:00, memory = 10215.68 (MB).
    Completing 80% with 58 violations.
    elapsed time = 00:00:00, memory = 10255.16 (MB).
    Completing 90% with 58 violations.
    elapsed time = 00:00:00, memory = 10269.56 (MB).
    Completing 100% with 58 violations.
    elapsed time = 00:00:33, memory = 10220.17 (MB).
[INFO DRT-0199]   Number of violations = 58.
Viol/Layer      Metal2
Metal Spacing       56
Short                2
[INFO DRT-0267] cpu time = 00:02:34, elapsed time = 00:00:33, memory = 10220.17 (MB), peak = 10344.68 (MB)
Total wire length = 332782 um.
Total wire length on LAYER Metal1 = 0 um.
Total wire length on LAYER Metal2 = 94861 um.
Total wire length on LAYER Metal3 = 141928 um.
Total wire length on LAYER Metal4 = 51949 um.
Total wire length on LAYER Metal5 = 44042 um.
Total number of vias = 32351.
Up-via summary (total 32351):

----------------
  Poly2        0
 Metal1    13230
 Metal2    14040
 Metal3     4207
 Metal4      874
----------------
       32351


[INFO DRT-0195] Start 27th guides tiles iteration.
    Completing 10% with 58 violations.
    elapsed time = 00:00:00, memory = 10220.17 (MB).
    Completing 20% with 58 violations.
    elapsed time = 00:00:00, memory = 10220.17 (MB).
    Completing 30% with 58 violations.
    elapsed time = 00:00:00, memory = 10220.17 (MB).
    Completing 40% with 58 violations.
    elapsed time = 00:00:04, memory = 10224.94 (MB).
    Completing 50% with 55 violations.
    elapsed time = 00:00:04, memory = 10224.94 (MB).
    Completing 60% with 55 violations.
    elapsed time = 00:00:04, memory = 10224.94 (MB).
    Completing 70% with 55 violations.
    elapsed time = 00:00:04, memory = 10261.03 (MB).
    Completing 80% with 55 violations.
    elapsed time = 00:00:04, memory = 10278.82 (MB).
    Completing 90% with 55 violations.
    elapsed time = 00:00:14, memory = 10224.94 (MB).
    Completing 100% with 55 violations.
    elapsed time = 00:00:14, memory = 10224.94 (MB).
[INFO DRT-0199]   Number of violations = 55.
Viol/Layer      Metal2
Metal Spacing       53
Short                2
[INFO DRT-0267] cpu time = 00:02:26, elapsed time = 00:00:14, memory = 10224.94 (MB), peak = 10344.68 (MB)
Total wire length = 332786 um.
Total wire length on LAYER Metal1 = 0 um.
Total wire length on LAYER Metal2 = 94865 um.
Total wire length on LAYER Metal3 = 141989 um.
Total wire length on LAYER Metal4 = 51947 um.
Total wire length on LAYER Metal5 = 43985 um.
Total number of vias = 32347.
Up-via summary (total 32347):

----------------
  Poly2        0
 Metal1    13230
 Metal2    14040
 Metal3     4205
 Metal4      872
----------------
       32347


[INFO DRT-0195] Start 28th guides tiles iteration.
    Completing 10% with 55 violations.
    elapsed time = 00:00:00, memory = 10228.29 (MB).
    Completing 20% with 55 violations.
    elapsed time = 00:00:00, memory = 10228.29 (MB).
    Completing 30% with 55 violations.
    elapsed time = 00:00:00, memory = 10228.29 (MB).
    Completing 40% with 55 violations.
    elapsed time = 00:00:04, memory = 10243.29 (MB).
    Completing 50% with 55 violations.
    elapsed time = 00:00:04, memory = 10243.29 (MB).
    Completing 60% with 55 violations.
    elapsed time = 00:00:04, memory = 10243.29 (MB).
    Completing 70% with 55 violations.
    elapsed time = 00:00:04, memory = 10243.29 (MB).
    Completing 80% with 55 violations.
    elapsed time = 00:00:04, memory = 10297.17 (MB).
    Completing 90% with 55 violations.
    elapsed time = 00:00:15, memory = 10243.29 (MB).
    Completing 100% with 53 violations.
    elapsed time = 00:00:15, memory = 10243.29 (MB).
[INFO DRT-0199]   Number of violations = 53.
Viol/Layer      Metal2
Metal Spacing       51
Short                2
[INFO DRT-0267] cpu time = 00:02:13, elapsed time = 00:00:15, memory = 10243.29 (MB), peak = 10344.68 (MB)
Total wire length = 332792 um.
Total wire length on LAYER Metal1 = 0 um.
Total wire length on LAYER Metal2 = 94857 um.
Total wire length on LAYER Metal3 = 141989 um.
Total wire length on LAYER Metal4 = 51959 um.
Total wire length on LAYER Metal5 = 43985 um.
Total number of vias = 32348.
Up-via summary (total 32348):

----------------
  Poly2        0
 Metal1    13230
 Metal2    14039
 Metal3     4207
 Metal4      872
----------------
       32348


[INFO DRT-0195] Start 29th guides tiles iteration.
    Completing 10% with 53 violations.
    elapsed time = 00:00:00, memory = 10245.31 (MB).
    Completing 20% with 53 violations.
    elapsed time = 00:00:00, memory = 10245.31 (MB).
    Completing 30% with 53 violations.
    elapsed time = 00:00:00, memory = 10246.76 (MB).
    Completing 40% with 53 violations.
    elapsed time = 00:00:00, memory = 10249.46 (MB).
    Completing 50% with 53 violations.
    elapsed time = 00:00:00, memory = 10249.46 (MB).
    Completing 60% with 53 violations.
    elapsed time = 00:00:04, memory = 10253.78 (MB).
    Completing 70% with 53 violations.
    elapsed time = 00:00:04, memory = 10253.78 (MB).
    Completing 80% with 53 violations.
    elapsed time = 00:00:04, memory = 10260.01 (MB).
    Completing 90% with 53 violations.
    elapsed time = 00:00:05, memory = 10307.66 (MB).
    Completing 100% with 53 violations.
    elapsed time = 00:00:14, memory = 10253.78 (MB).
[INFO DRT-0199]   Number of violations = 53.
Viol/Layer      Metal2
Metal Spacing       51
Short                2
[INFO DRT-0267] cpu time = 00:01:32, elapsed time = 00:00:14, memory = 10253.78 (MB), peak = 10344.68 (MB)
Total wire length = 332781 um.
Total wire length on LAYER Metal1 = 0 um.
Total wire length on LAYER Metal2 = 94865 um.
Total wire length on LAYER Metal3 = 141988 um.
Total wire length on LAYER Metal4 = 51942 um.
Total wire length on LAYER Metal5 = 43985 um.
Total number of vias = 32344.
Up-via summary (total 32344):

----------------
  Poly2        0
 Metal1    13230
 Metal2    14039
 Metal3     4203
 Metal4      872
----------------
       32344


[INFO DRT-0195] Start 30th guides tiles iteration.
    Completing 10% with 53 violations.
    elapsed time = 00:00:00, memory = 10253.78 (MB).
    Completing 20% with 53 violations.
    elapsed time = 00:00:00, memory = 10253.78 (MB).
    Completing 30% with 53 violations.
    elapsed time = 00:00:00, memory = 10253.78 (MB).
    Completing 40% with 53 violations.
    elapsed time = 00:00:11, memory = 10253.78 (MB).
    Completing 50% with 53 violations.
    elapsed time = 00:00:11, memory = 10253.78 (MB).
    Completing 60% with 53 violations.
    elapsed time = 00:00:11, memory = 10253.78 (MB).
    Completing 70% with 53 violations.
    elapsed time = 00:00:11, memory = 10271.72 (MB).
    Completing 80% with 53 violations.
    elapsed time = 00:00:11, memory = 10307.66 (MB).
    Completing 90% with 53 violations.
    elapsed time = 00:00:22, memory = 10253.78 (MB).
    Completing 100% with 53 violations.
    elapsed time = 00:00:22, memory = 10253.78 (MB).
[INFO DRT-0199]   Number of violations = 53.
Viol/Layer      Metal2
Metal Spacing       51
Short                2
[INFO DRT-0267] cpu time = 00:01:41, elapsed time = 00:00:22, memory = 10253.78 (MB), peak = 10344.68 (MB)
Total wire length = 332778 um.
Total wire length on LAYER Metal1 = 0 um.
Total wire length on LAYER Metal2 = 94837 um.
Total wire length on LAYER Metal3 = 142007 um.
Total wire length on LAYER Metal4 = 51971 um.
Total wire length on LAYER Metal5 = 43962 um.
Total number of vias = 32347.
Up-via summary (total 32347):

----------------
  Poly2        0
 Metal1    13230
 Metal2    14037
 Metal3     4208
 Metal4      872
----------------
       32347


[INFO DRT-0195] Start 31st guides tiles iteration.
    Completing 10% with 53 violations.
    elapsed time = 00:00:00, memory = 10256.55 (MB).
    Completing 20% with 53 violations.
    elapsed time = 00:00:00, memory = 10256.55 (MB).
    Completing 30% with 53 violations.
    elapsed time = 00:00:00, memory = 10256.55 (MB).
    Completing 40% with 53 violations.
    elapsed time = 00:00:09, memory = 10277.61 (MB).
    Completing 50% with 53 violations.
    elapsed time = 00:00:09, memory = 10277.61 (MB).
    Completing 60% with 53 violations.
    elapsed time = 00:00:09, memory = 10278.23 (MB).
    Completing 70% with 53 violations.
    elapsed time = 00:00:09, memory = 10322.88 (MB).
    Completing 80% with 53 violations.
    elapsed time = 00:00:09, memory = 10331.49 (MB).
    Completing 90% with 53 violations.
    elapsed time = 00:00:20, memory = 10277.61 (MB).
    Completing 100% with 53 violations.
    elapsed time = 00:00:20, memory = 10277.61 (MB).
[INFO DRT-0199]   Number of violations = 53.
Viol/Layer      Metal2
Metal Spacing       51
Short                2
[INFO DRT-0267] cpu time = 00:01:39, elapsed time = 00:00:20, memory = 10277.61 (MB), peak = 10344.68 (MB)
Total wire length = 332791 um.
Total wire length on LAYER Metal1 = 0 um.
Total wire length on LAYER Metal2 = 94860 um.
Total wire length on LAYER Metal3 = 141987 um.
Total wire length on LAYER Metal4 = 51958 um.
Total wire length on LAYER Metal5 = 43985 um.
Total number of vias = 32349.
Up-via summary (total 32349):

----------------
  Poly2        0
 Metal1    13230
 Metal2    14037
 Metal3     4210
 Metal4      872
----------------
       32349


[INFO DRT-0195] Start 32nd stubborn tiles iteration.
    Completing 10% with 53 violations.
    elapsed time = 00:00:00, memory = 10342.74 (MB).
    Completing 20% with 53 violations.
    elapsed time = 00:00:00, memory = 10591.29 (MB).
    Completing 30% with 53 violations.
    elapsed time = 00:00:03, memory = 11123.11 (MB).
    Completing 40% with 53 violations.
    elapsed time = 00:00:05, memory = 11144.88 (MB).
    Completing 50% with 53 violations.
    elapsed time = 00:00:07, memory = 10780.75 (MB).
    Completing 60% with 53 violations.
    elapsed time = 00:00:12, memory = 10932.53 (MB).
    Completing 70% with 53 violations.
    elapsed time = 00:00:14, memory = 10876.17 (MB).
    Completing 80% with 53 violations.
    elapsed time = 00:00:17, memory = 10466.46 (MB).
    Completing 90% with 53 violations.
    elapsed time = 00:00:20, memory = 10733.20 (MB).
    Completing 100% with 53 violations.
    elapsed time = 00:00:25, memory = 10528.72 (MB).
[INFO DRT-0199]   Number of violations = 53.
Viol/Layer      Metal2
Metal Spacing       51
Short                2
[INFO DRT-0267] cpu time = 00:27:50, elapsed time = 00:00:25, memory = 10528.72 (MB), peak = 11046.43 (MB)
Total wire length = 332782 um.
Total wire length on LAYER Metal1 = 0 um.
Total wire length on LAYER Metal2 = 94859 um.
Total wire length on LAYER Metal3 = 141986 um.
Total wire length on LAYER Metal4 = 51950 um.
Total wire length on LAYER Metal5 = 43985 um.
Total number of vias = 32347.
Up-via summary (total 32347):

----------------
  Poly2        0
 Metal1    13229
 Metal2    14037
 Metal3     4209
 Metal4      872
----------------
       32347


[INFO DRT-0195] Start 33rd optimization iteration.
    Completing 10% with 53 violations.
    elapsed time = 00:00:00, memory = 10528.72 (MB).
    Completing 20% with 53 violations.
    elapsed time = 00:00:00, memory = 10528.72 (MB).
    Completing 30% with 54 violations.
    elapsed time = 00:00:00, memory = 10528.72 (MB).
    Completing 40% with 54 violations.
    elapsed time = 00:00:00, memory = 10528.72 (MB).
    Completing 50% with 54 violations.
    elapsed time = 00:00:00, memory = 10528.72 (MB).
    Completing 60% with 54 violations.
    elapsed time = 00:00:00, memory = 10528.72 (MB).
    Completing 70% with 54 violations.
    elapsed time = 00:00:00, memory = 10528.72 (MB).
    Completing 80% with 54 violations.
    elapsed time = 00:00:01, memory = 10528.72 (MB).
    Completing 90% with 54 violations.
    elapsed time = 00:00:01, memory = 10528.72 (MB).
    Completing 100% with 57 violations.
    elapsed time = 00:00:01, memory = 10529.32 (MB).
[INFO DRT-0199]   Number of violations = 57.
Viol/Layer      Metal2
Metal Spacing       55
Short                2
[INFO DRT-0267] cpu time = 00:02:41, elapsed time = 00:00:01, memory = 10529.32 (MB), peak = 11046.43 (MB)
Total wire length = 332743 um.
Total wire length on LAYER Metal1 = 0 um.
Total wire length on LAYER Metal2 = 94685 um.
Total wire length on LAYER Metal3 = 141941 um.
Total wire length on LAYER Metal4 = 52091 um.
Total wire length on LAYER Metal5 = 44024 um.
Total number of vias = 32383.
Up-via summary (total 32383):

----------------
  Poly2        0
 Metal1    13232
 Metal2    14037
 Metal3     4237
 Metal4      877
----------------
       32383


[INFO DRT-0195] Start 34th guides tiles iteration.
    Completing 10% with 57 violations.
    elapsed time = 00:00:00, memory = 10529.32 (MB).
    Completing 20% with 57 violations.
    elapsed time = 00:00:00, memory = 10549.58 (MB).
    Completing 30% with 57 violations.
    elapsed time = 00:00:00, memory = 10560.94 (MB).
    Completing 40% with 57 violations.
    elapsed time = 00:00:01, memory = 10560.94 (MB).
    Completing 50% with 57 violations.
    elapsed time = 00:00:31, memory = 10489.27 (MB).
    Completing 60% with 57 violations.
    elapsed time = 00:00:31, memory = 10489.27 (MB).
    Completing 70% with 57 violations.
    elapsed time = 00:00:31, memory = 10489.27 (MB).
    Completing 80% with 57 violations.
    elapsed time = 00:00:31, memory = 10489.27 (MB).
    Completing 90% with 57 violations.
    elapsed time = 00:00:31, memory = 10489.27 (MB).
    Completing 100% with 57 violations.
    elapsed time = 00:00:31, memory = 10489.27 (MB).
[INFO DRT-0199]   Number of violations = 57.
Viol/Layer      Metal2
Metal Spacing       55
Short                2
[INFO DRT-0267] cpu time = 00:02:22, elapsed time = 00:00:32, memory = 10489.27 (MB), peak = 11046.43 (MB)
Total wire length = 332746 um.
Total wire length on LAYER Metal1 = 0 um.
Total wire length on LAYER Metal2 = 94644 um.
Total wire length on LAYER Metal3 = 141912 um.
Total wire length on LAYER Metal4 = 52140 um.
Total wire length on LAYER Metal5 = 44048 um.
Total number of vias = 32381.
Up-via summary (total 32381):

----------------
  Poly2        0
 Metal1    13231
 Metal2    14035
 Metal3     4238
 Metal4      877
----------------
       32381


[INFO DRT-0195] Start 35th stubborn tiles iteration.
    Completing 10% with 57 violations.
    elapsed time = 00:00:00, memory = 10682.61 (MB).
    Completing 20% with 57 violations.
    elapsed time = 00:00:02, memory = 11405.24 (MB).
    Completing 30% with 57 violations.
    elapsed time = 00:00:04, memory = 11415.36 (MB).
    Completing 40% with 57 violations.
    elapsed time = 00:00:06, memory = 11386.14 (MB).
    Completing 50% with 57 violations.
    elapsed time = 00:00:07, memory = 10901.40 (MB).
    Completing 60% with 55 violations.
    elapsed time = 00:00:11, memory = 10655.45 (MB).
    Completing 70% with 55 violations.
    elapsed time = 00:00:11, memory = 10670.90 (MB).
    Completing 80% with 55 violations.
    elapsed time = 00:00:14, memory = 10934.49 (MB).
    Completing 90% with 54 violations.
    elapsed time = 00:00:16, memory = 11063.12 (MB).
    Completing 100% with 54 violations.
    elapsed time = 00:00:20, memory = 10768.94 (MB).
[INFO DRT-0199]   Number of violations = 54.
Viol/Layer      Metal2
Metal Spacing       52
Short                2
[INFO DRT-0267] cpu time = 00:28:53, elapsed time = 00:00:20, memory = 10768.94 (MB), peak = 11377.60 (MB)
Total wire length = 332743 um.
Total wire length on LAYER Metal1 = 0 um.
Total wire length on LAYER Metal2 = 94577 um.
Total wire length on LAYER Metal3 = 141901 um.
Total wire length on LAYER Metal4 = 52207 um.
Total wire length on LAYER Metal5 = 44058 um.
Total number of vias = 32384.
Up-via summary (total 32384):

----------------
  Poly2        0
 Metal1    13231
 Metal2    14035
 Metal3     4240
 Metal4      878
----------------
       32384


[INFO DRT-0195] Start 36th guides tiles iteration.
    Completing 10% with 54 violations.
    elapsed time = 00:00:00, memory = 10768.94 (MB).
    Completing 20% with 54 violations.
    elapsed time = 00:00:00, memory = 10768.94 (MB).
    Completing 30% with 54 violations.
    elapsed time = 00:00:00, memory = 10768.94 (MB).
    Completing 40% with 54 violations.
    elapsed time = 00:00:07, memory = 10769.94 (MB).
    Completing 50% with 54 violations.
    elapsed time = 00:00:07, memory = 10769.94 (MB).
    Completing 60% with 54 violations.
    elapsed time = 00:00:07, memory = 10769.94 (MB).
    Completing 70% with 54 violations.
    elapsed time = 00:00:07, memory = 10780.14 (MB).
    Completing 80% with 54 violations.
    elapsed time = 00:00:07, memory = 10800.75 (MB).
    Completing 90% with 54 violations.
    elapsed time = 00:00:20, memory = 10770.40 (MB).
    Completing 100% with 54 violations.
    elapsed time = 00:00:20, memory = 10770.40 (MB).
[INFO DRT-0199]   Number of violations = 54.
Viol/Layer      Metal2
Metal Spacing       52
Short                2
[INFO DRT-0267] cpu time = 00:01:53, elapsed time = 00:00:20, memory = 10770.40 (MB), peak = 11377.60 (MB)
Total wire length = 332747 um.
Total wire length on LAYER Metal1 = 0 um.
Total wire length on LAYER Metal2 = 94578 um.
Total wire length on LAYER Metal3 = 141902 um.
Total wire length on LAYER Metal4 = 52208 um.
Total wire length on LAYER Metal5 = 44058 um.
Total number of vias = 32383.
Up-via summary (total 32383):

----------------
  Poly2        0
 Metal1    13231
 Metal2    14034
 Metal3     4240
 Metal4      878
----------------
       32383


[INFO DRT-0195] Start 37th guides tiles iteration.
    Completing 10% with 54 violations.
    elapsed time = 00:00:00, memory = 10770.40 (MB).
    Completing 20% with 54 violations.
    elapsed time = 00:00:00, memory = 10770.40 (MB).
    Completing 30% with 54 violations.
    elapsed time = 00:00:00, memory = 10770.40 (MB).
    Completing 40% with 54 violations.
    elapsed time = 00:00:00, memory = 10770.40 (MB).
    Completing 50% with 54 violations.
    elapsed time = 00:00:11, memory = 10770.40 (MB).
    Completing 60% with 54 violations.
    elapsed time = 00:00:11, memory = 10770.40 (MB).
    Completing 70% with 54 violations.
    elapsed time = 00:00:11, memory = 10770.40 (MB).
    Completing 80% with 54 violations.
    elapsed time = 00:00:11, memory = 10794.84 (MB).
    Completing 90% with 54 violations.
    elapsed time = 00:00:23, memory = 10723.54 (MB).
    Completing 100% with 54 violations.
    elapsed time = 00:00:23, memory = 10723.54 (MB).
[INFO DRT-0199]   Number of violations = 54.
Viol/Layer      Metal2
Metal Spacing       52
Short                2
[INFO DRT-0267] cpu time = 00:02:01, elapsed time = 00:00:23, memory = 10723.54 (MB), peak = 11377.60 (MB)
Total wire length = 332740 um.
Total wire length on LAYER Metal1 = 0 um.
Total wire length on LAYER Metal2 = 94593 um.
Total wire length on LAYER Metal3 = 141924 um.
Total wire length on LAYER Metal4 = 52187 um.
Total wire length on LAYER Metal5 = 44035 um.
Total number of vias = 32382.
Up-via summary (total 32382):

----------------
  Poly2        0
 Metal1    13231
 Metal2    14034
 Metal3     4239
 Metal4      878
----------------
       32382


[INFO DRT-0195] Start 38th guides tiles iteration.
    Completing 10% with 54 violations.
    elapsed time = 00:00:00, memory = 10723.54 (MB).
    Completing 20% with 54 violations.
    elapsed time = 00:00:00, memory = 10723.54 (MB).
    Completing 30% with 54 violations.
    elapsed time = 00:00:00, memory = 10723.54 (MB).
    Completing 40% with 54 violations.
    elapsed time = 00:00:07, memory = 10723.59 (MB).
    Completing 50% with 54 violations.
    elapsed time = 00:00:07, memory = 10723.59 (MB).
    Completing 60% with 54 violations.
    elapsed time = 00:00:07, memory = 10723.59 (MB).
    Completing 70% with 54 violations.
    elapsed time = 00:00:07, memory = 10723.59 (MB).
    Completing 80% with 54 violations.
    elapsed time = 00:00:07, memory = 10747.18 (MB).
    Completing 90% with 54 violations.
    elapsed time = 00:00:08, memory = 10777.41 (MB).
    Completing 100% with 54 violations.
    elapsed time = 00:00:20, memory = 10723.59 (MB).
[INFO DRT-0199]   Number of violations = 54.
Viol/Layer      Metal2
Metal Spacing       52
Short                2
[INFO DRT-0267] cpu time = 00:01:51, elapsed time = 00:00:21, memory = 10723.59 (MB), peak = 11377.60 (MB)
Total wire length = 332756 um.
Total wire length on LAYER Metal1 = 0 um.
Total wire length on LAYER Metal2 = 94588 um.
Total wire length on LAYER Metal3 = 141905 um.
Total wire length on LAYER Metal4 = 52203 um.
Total wire length on LAYER Metal5 = 44058 um.
Total number of vias = 32390.
Up-via summary (total 32390):

----------------
  Poly2        0
 Metal1    13231
 Metal2    14036
 Metal3     4245
 Metal4      878
----------------
       32390


[INFO DRT-0195] Start 39th stubborn tiles iteration.
    Completing 10% with 54 violations.
    elapsed time = 00:00:00, memory = 10833.00 (MB).
    Completing 20% with 54 violations.
    elapsed time = 00:00:02, memory = 11292.95 (MB).
    Completing 30% with 54 violations.
    elapsed time = 00:00:04, memory = 11482.88 (MB).
    Completing 40% with 54 violations.
    elapsed time = 00:00:05, memory = 11488.27 (MB).
    Completing 50% with 54 violations.
    elapsed time = 00:00:07, memory = 11217.10 (MB).
    Completing 60% with 54 violations.
    elapsed time = 00:00:09, memory = 10863.23 (MB).
    Completing 70% with 54 violations.
    elapsed time = 00:00:12, memory = 11749.05 (MB).
    Completing 80% with 54 violations.
    elapsed time = 00:00:14, memory = 11162.70 (MB).
    Completing 90% with 54 violations.
    elapsed time = 00:00:16, memory = 10826.74 (MB).
    Completing 100% with 54 violations.
    elapsed time = 00:00:17, memory = 10706.92 (MB).
[INFO DRT-0199]   Number of violations = 54.
Viol/Layer      Metal2
Metal Spacing       52
Short                2
[INFO DRT-0267] cpu time = 00:29:15, elapsed time = 00:00:17, memory = 10706.92 (MB), peak = 11705.55 (MB)
Total wire length = 332745 um.
Total wire length on LAYER Metal1 = 0 um.
Total wire length on LAYER Metal2 = 94607 um.
Total wire length on LAYER Metal3 = 141901 um.
Total wire length on LAYER Metal4 = 52177 um.
Total wire length on LAYER Metal5 = 44058 um.
Total number of vias = 32383.
Up-via summary (total 32383):

----------------
  Poly2        0
 Metal1    13231
 Metal2    14035
 Metal3     4239
 Metal4      878
----------------
       32383


[INFO DRT-0195] Start 40th guides tiles iteration.
    Completing 10% with 54 violations.
    elapsed time = 00:00:00, memory = 10706.92 (MB).
    Completing 20% with 54 violations.
    elapsed time = 00:00:00, memory = 10706.92 (MB).
    Completing 30% with 54 violations.
    elapsed time = 00:00:00, memory = 10706.92 (MB).
    Completing 40% with 54 violations.
    elapsed time = 00:00:10, memory = 10706.93 (MB).
    Completing 50% with 54 violations.
    elapsed time = 00:00:10, memory = 10706.93 (MB).
    Completing 60% with 54 violations.
    elapsed time = 00:00:10, memory = 10706.93 (MB).
    Completing 70% with 54 violations.
    elapsed time = 00:00:10, memory = 10706.93 (MB).
    Completing 80% with 54 violations.
    elapsed time = 00:00:10, memory = 10716.50 (MB).
    Completing 90% with 54 violations.
    elapsed time = 00:00:11, memory = 10760.75 (MB).
    Completing 100% with 54 violations.
    elapsed time = 00:00:24, memory = 10743.52 (MB).
[INFO DRT-0199]   Number of violations = 54.
Viol/Layer      Metal2
Metal Spacing       52
Short                2
[INFO DRT-0267] cpu time = 00:01:54, elapsed time = 00:00:24, memory = 10703.66 (MB), peak = 11705.55 (MB)
Total wire length = 332758 um.
Total wire length on LAYER Metal1 = 0 um.
Total wire length on LAYER Metal2 = 94604 um.
Total wire length on LAYER Metal3 = 141902 um.
Total wire length on LAYER Metal4 = 52192 um.
Total wire length on LAYER Metal5 = 44058 um.
Total number of vias = 32386.
Up-via summary (total 32386):

----------------
  Poly2        0
 Metal1    13231
 Metal2    14034
 Metal3     4243
 Metal4      878
----------------
       32386


[INFO DRT-0195] Start 41st optimization iteration.
    Completing 10% with 54 violations.
    elapsed time = 00:00:00, memory = 10703.66 (MB).
    Completing 20% with 54 violations.
    elapsed time = 00:00:00, memory = 10703.66 (MB).
    Completing 30% with 54 violations.
    elapsed time = 00:00:00, memory = 10703.66 (MB).
    Completing 40% with 54 violations.
    elapsed time = 00:00:00, memory = 10703.66 (MB).
    Completing 50% with 54 violations.
    elapsed time = 00:00:00, memory = 10703.66 (MB).
    Completing 60% with 55 violations.
    elapsed time = 00:00:00, memory = 10703.66 (MB).
    Completing 70% with 55 violations.
    elapsed time = 00:00:00, memory = 10703.66 (MB).
    Completing 80% with 55 violations.
    elapsed time = 00:00:01, memory = 10703.66 (MB).
    Completing 90% with 55 violations.
    elapsed time = 00:00:01, memory = 10703.66 (MB).
    Completing 100% with 57 violations.
    elapsed time = 00:00:01, memory = 10703.66 (MB).
[INFO DRT-0199]   Number of violations = 57.
Viol/Layer      Metal2
Metal Spacing       55
Short                2
[INFO DRT-0267] cpu time = 00:02:44, elapsed time = 00:00:01, memory = 10703.66 (MB), peak = 11705.55 (MB)
Total wire length = 332802 um.
Total wire length on LAYER Metal1 = 0 um.
Total wire length on LAYER Metal2 = 94577 um.
Total wire length on LAYER Metal3 = 141938 um.
Total wire length on LAYER Metal4 = 52171 um.
Total wire length on LAYER Metal5 = 44115 um.
Total number of vias = 32425.
Up-via summary (total 32425):

----------------
  Poly2        0
 Metal1    13231
 Metal2    14037
 Metal3     4267
 Metal4      890
----------------
       32425


[INFO DRT-0195] Start 42nd guides tiles iteration.
    Completing 10% with 57 violations.
    elapsed time = 00:00:00, memory = 10707.42 (MB).
    Completing 20% with 57 violations.
    elapsed time = 00:00:00, memory = 10740.55 (MB).
    Completing 30% with 57 violations.
    elapsed time = 00:00:00, memory = 10776.55 (MB).
    Completing 40% with 57 violations.
    elapsed time = 00:00:56, memory = 10710.88 (MB).
    Completing 50% with 57 violations.
    elapsed time = 00:00:56, memory = 10667.58 (MB).
    Completing 60% with 57 violations.
    elapsed time = 00:00:56, memory = 10667.58 (MB).
    Completing 70% with 57 violations.
    elapsed time = 00:00:56, memory = 10667.58 (MB).
    Completing 80% with 57 violations.
    elapsed time = 00:00:56, memory = 10667.58 (MB).
    Completing 90% with 57 violations.
    elapsed time = 00:00:57, memory = 10667.58 (MB).
    Completing 100% with 56 violations.
    elapsed time = 00:00:58, memory = 10667.58 (MB).
[INFO DRT-0199]   Number of violations = 56.
Viol/Layer      Metal2
Metal Spacing       54
Short                2
[INFO DRT-0267] cpu time = 00:03:07, elapsed time = 00:00:59, memory = 10667.58 (MB), peak = 11705.55 (MB)
Total wire length = 332798 um.
Total wire length on LAYER Metal1 = 0 um.
Total wire length on LAYER Metal2 = 94575 um.
Total wire length on LAYER Metal3 = 141916 um.
Total wire length on LAYER Metal4 = 52167 um.
Total wire length on LAYER Metal5 = 44139 um.
Total number of vias = 32423.
Up-via summary (total 32423):

----------------
  Poly2        0
 Metal1    13231
 Metal2    14037
 Metal3     4265
 Metal4      890
----------------
       32423


[INFO DRT-0195] Start 43rd guides tiles iteration.
    Completing 10% with 56 violations.
    elapsed time = 00:00:00, memory = 10740.48 (MB).
    Completing 20% with 56 violations.
    elapsed time = 00:00:00, memory = 10740.48 (MB).
    Completing 30% with 56 violations.
    elapsed time = 00:00:00, memory = 10740.48 (MB).
    Completing 40% with 56 violations.
    elapsed time = 00:00:57, memory = 10671.59 (MB).
    Completing 50% with 56 violations.
    elapsed time = 00:00:57, memory = 10671.59 (MB).
    Completing 60% with 56 violations.
    elapsed time = 00:00:57, memory = 10671.59 (MB).
    Completing 70% with 56 violations.
    elapsed time = 00:00:57, memory = 10671.59 (MB).
    Completing 80% with 56 violations.
    elapsed time = 00:00:57, memory = 10671.59 (MB).
    Completing 90% with 56 violations.
    elapsed time = 00:00:59, memory = 10671.59 (MB).
    Completing 100% with 56 violations.
    elapsed time = 00:01:00, memory = 10671.59 (MB).
[INFO DRT-0199]   Number of violations = 56.
Viol/Layer      Metal2
Metal Spacing       54
Short                2
[INFO DRT-0267] cpu time = 00:02:54, elapsed time = 00:01:00, memory = 10671.59 (MB), peak = 11705.55 (MB)
Total wire length = 332804 um.
Total wire length on LAYER Metal1 = 0 um.
Total wire length on LAYER Metal2 = 94581 um.
Total wire length on LAYER Metal3 = 141915 um.
Total wire length on LAYER Metal4 = 52168 um.
Total wire length on LAYER Metal5 = 44139 um.
Total number of vias = 32422.
Up-via summary (total 32422):

----------------
  Poly2        0
 Metal1    13231
 Metal2    14037
 Metal3     4264
 Metal4      890
----------------
       32422


[INFO DRT-0195] Start 44th guides tiles iteration.
    Completing 10% with 56 violations.
    elapsed time = 00:00:00, memory = 10671.59 (MB).
    Completing 20% with 56 violations.
    elapsed time = 00:00:00, memory = 10744.45 (MB).
    Completing 30% with 56 violations.
    elapsed time = 00:00:00, memory = 10744.45 (MB).
    Completing 40% with 56 violations.
    elapsed time = 00:01:05, memory = 10680.00 (MB).
    Completing 50% with 56 violations.
    elapsed time = 00:01:05, memory = 10680.00 (MB).
    Completing 60% with 56 violations.
    elapsed time = 00:01:05, memory = 10680.00 (MB).
    Completing 70% with 56 violations.
    elapsed time = 00:01:05, memory = 10680.00 (MB).
    Completing 80% with 56 violations.
    elapsed time = 00:01:06, memory = 10680.00 (MB).
    Completing 90% with 56 violations.
    elapsed time = 00:01:07, memory = 10680.00 (MB).
    Completing 100% with 56 violations.
    elapsed time = 00:01:07, memory = 10680.00 (MB).
[INFO DRT-0199]   Number of violations = 56.
Viol/Layer      Metal2
Metal Spacing       54
Short                2
[INFO DRT-0267] cpu time = 00:03:06, elapsed time = 00:01:07, memory = 10680.00 (MB), peak = 11705.55 (MB)
Total wire length = 332836 um.
Total wire length on LAYER Metal1 = 0 um.
Total wire length on LAYER Metal2 = 94592 um.
Total wire length on LAYER Metal3 = 141913 um.
Total wire length on LAYER Metal4 = 52179 um.
Total wire length on LAYER Metal5 = 44151 um.
Total number of vias = 32426.
Up-via summary (total 32426):

----------------
  Poly2        0
 Metal1    13231
 Metal2    14037
 Metal3     4263
 Metal4      895
----------------
       32426


[INFO DRT-0195] Start 45th guides tiles iteration.
    Completing 10% with 56 violations.
    elapsed time = 00:00:00, memory = 10680.00 (MB).
    Completing 20% with 56 violations.
    elapsed time = 00:00:00, memory = 10690.26 (MB).
    Completing 30% with 56 violations.
    elapsed time = 00:00:00, memory = 10752.89 (MB).
    Completing 40% with 56 violations.
    elapsed time = 00:00:02, memory = 10775.25 (MB).
    Completing 50% with 56 violations.
    elapsed time = 00:00:55, memory = 10687.45 (MB).
    Completing 60% with 56 violations.
    elapsed time = 00:00:55, memory = 10687.45 (MB).
    Completing 70% with 56 violations.
    elapsed time = 00:00:55, memory = 10687.45 (MB).
    Completing 80% with 56 violations.
    elapsed time = 00:00:55, memory = 10687.45 (MB).
    Completing 90% with 56 violations.
    elapsed time = 00:00:55, memory = 10687.45 (MB).
    Completing 100% with 56 violations.
    elapsed time = 00:00:57, memory = 10687.45 (MB).
[INFO DRT-0199]   Number of violations = 56.
Viol/Layer      Metal2
Metal Spacing       54
Short                2
[INFO DRT-0267] cpu time = 00:03:06, elapsed time = 00:00:57, memory = 10687.45 (MB), peak = 11705.55 (MB)
Total wire length = 332837 um.
Total wire length on LAYER Metal1 = 0 um.
Total wire length on LAYER Metal2 = 94589 um.
Total wire length on LAYER Metal3 = 141914 um.
Total wire length on LAYER Metal4 = 52182 um.
Total wire length on LAYER Metal5 = 44151 um.
Total number of vias = 32429.
Up-via summary (total 32429):

----------------
  Poly2        0
 Metal1    13231
 Metal2    14037
 Metal3     4266
 Metal4      895
----------------
       32429


[INFO DRT-0195] Start 46th stubborn tiles iteration.
    Completing 10% with 56 violations.
    elapsed time = 00:00:00, memory = 10962.89 (MB).
    Completing 20% with 56 violations.
    elapsed time = 00:00:06, memory = 11755.64 (MB).
    Completing 30% with 56 violations.
    elapsed time = 00:00:09, memory = 11781.99 (MB).
    Completing 40% with 56 violations.
    elapsed time = 00:00:12, memory = 11744.81 (MB).
    Completing 50% with 56 violations.
    elapsed time = 00:00:15, memory = 11302.93 (MB).
    Completing 60% with 54 violations.
    elapsed time = 00:00:21, memory = 10976.68 (MB).
    Completing 70% with 54 violations.
    elapsed time = 00:00:27, memory = 12073.01 (MB).
    Completing 80% with 54 violations.
    elapsed time = 00:00:30, memory = 11170.80 (MB).
    Completing 90% with 52 violations.
    elapsed time = 00:00:33, memory = 10845.96 (MB).
    Completing 100% with 52 violations.
    elapsed time = 00:00:36, memory = 10855.12 (MB).
[INFO DRT-0199]   Number of violations = 52.
Viol/Layer      Metal2
Metal Spacing       50
Short                2
[INFO DRT-0267] cpu time = 00:58:02, elapsed time = 00:00:36, memory = 10855.12 (MB), peak = 12009.14 (MB)
Total wire length = 332826 um.
Total wire length on LAYER Metal1 = 0 um.
Total wire length on LAYER Metal2 = 94597 um.
Total wire length on LAYER Metal3 = 141929 um.
Total wire length on LAYER Metal4 = 52168 um.
Total wire length on LAYER Metal5 = 44130 um.
Total number of vias = 32430.
Up-via summary (total 32430):

----------------
  Poly2        0
 Metal1    13231
 Metal2    14041
 Metal3     4262
 Metal4      896
----------------
       32430


[INFO DRT-0195] Start 47th guides tiles iteration.
    Completing 10% with 52 violations.
    elapsed time = 00:00:00, memory = 10855.12 (MB).
    Completing 20% with 52 violations.
    elapsed time = 00:00:00, memory = 10874.19 (MB).
    Completing 30% with 52 violations.
    elapsed time = 00:00:00, memory = 10928.02 (MB).
    Completing 40% with 52 violations.
    elapsed time = 00:00:55, memory = 10859.80 (MB).
    Completing 50% with 52 violations.
    elapsed time = 00:00:55, memory = 10861.58 (MB).
    Completing 60% with 52 violations.
    elapsed time = 00:00:55, memory = 10861.58 (MB).
    Completing 70% with 52 violations.
    elapsed time = 00:00:55, memory = 10861.58 (MB).
    Completing 80% with 52 violations.
    elapsed time = 00:00:55, memory = 10861.58 (MB).
    Completing 90% with 52 violations.
    elapsed time = 00:00:57, memory = 10872.52 (MB).
    Completing 100% with 52 violations.
    elapsed time = 00:00:57, memory = 10872.52 (MB).
[INFO DRT-0199]   Number of violations = 52.
Viol/Layer      Metal2
Metal Spacing       50
Short                2
[INFO DRT-0267] cpu time = 00:03:10, elapsed time = 00:00:57, memory = 10872.52 (MB), peak = 12009.14 (MB)
Total wire length = 332826 um.
Total wire length on LAYER Metal1 = 0 um.
Total wire length on LAYER Metal2 = 94594 um.
Total wire length on LAYER Metal3 = 141932 um.
Total wire length on LAYER Metal4 = 52168 um.
Total wire length on LAYER Metal5 = 44130 um.
Total number of vias = 32431.
Up-via summary (total 32431):

----------------
  Poly2        0
 Metal1    13231
 Metal2    14041
 Metal3     4263
 Metal4      896
----------------
       32431


[INFO DRT-0195] Start 48th stubborn tiles iteration.
    Completing 10% with 52 violations.
    elapsed time = 00:00:00, memory = 11123.19 (MB).
    Completing 20% with 52 violations.
    elapsed time = 00:00:06, memory = 11850.01 (MB).
    Completing 30% with 52 violations.
    elapsed time = 00:00:09, memory = 11896.15 (MB).
    Completing 40% with 52 violations.
    elapsed time = 00:00:12, memory = 11965.56 (MB).
    Completing 50% with 52 violations.
    elapsed time = 00:00:16, memory = 11577.09 (MB).
    Completing 60% with 52 violations.
    elapsed time = 00:00:20, memory = 10896.82 (MB).
    Completing 70% with 52 violations.
    elapsed time = 00:00:26, memory = 11894.46 (MB).
    Completing 80% with 52 violations.
    elapsed time = 00:00:29, memory = 11185.89 (MB).
    Completing 90% with 52 violations.
    elapsed time = 00:00:32, memory = 10762.67 (MB).
    Completing 100% with 52 violations.
    elapsed time = 00:00:34, memory = 10764.29 (MB).
[INFO DRT-0199]   Number of violations = 52.
Viol/Layer      Metal2
Metal Spacing       50
Short                2
[INFO DRT-0267] cpu time = 00:57:38, elapsed time = 00:00:34, memory = 10764.29 (MB), peak = 12009.14 (MB)
Total wire length = 332826 um.
Total wire length on LAYER Metal1 = 0 um.
Total wire length on LAYER Metal2 = 94595 um.
Total wire length on LAYER Metal3 = 141937 um.
Total wire length on LAYER Metal4 = 52168 um.
Total wire length on LAYER Metal5 = 44124 um.
Total number of vias = 32430.
Up-via summary (total 32430):

----------------
  Poly2        0
 Metal1    13231
 Metal2    14041
 Metal3     4262
 Metal4      896
----------------
       32430


[INFO DRT-0195] Start 49th optimization iteration.
    Completing 10% with 52 violations.
    elapsed time = 00:00:00, memory = 10764.29 (MB).
    Completing 20% with 52 violations.
    elapsed time = 00:00:00, memory = 10764.29 (MB).
    Completing 30% with 55 violations.
    elapsed time = 00:00:00, memory = 10764.29 (MB).
    Completing 40% with 55 violations.
    elapsed time = 00:00:00, memory = 10764.29 (MB).
    Completing 50% with 55 violations.
    elapsed time = 00:00:00, memory = 10764.29 (MB).
    Completing 60% with 55 violations.
    elapsed time = 00:00:00, memory = 10764.29 (MB).
    Completing 70% with 55 violations.
    elapsed time = 00:00:00, memory = 10764.29 (MB).
    Completing 80% with 56 violations.
    elapsed time = 00:00:01, memory = 10764.29 (MB).
    Completing 90% with 56 violations.
    elapsed time = 00:00:01, memory = 10764.29 (MB).
    Completing 100% with 57 violations.
    elapsed time = 00:00:01, memory = 10764.29 (MB).
[INFO DRT-0199]   Number of violations = 57.
Viol/Layer      Metal2
Metal Spacing       55
Short                2
[INFO DRT-0267] cpu time = 00:02:49, elapsed time = 00:00:01, memory = 10719.49 (MB), peak = 12009.14 (MB)
Total wire length = 332793 um.
Total wire length on LAYER Metal1 = 0 um.
Total wire length on LAYER Metal2 = 94570 um.
Total wire length on LAYER Metal3 = 141944 um.
Total wire length on LAYER Metal4 = 52163 um.
Total wire length on LAYER Metal5 = 44113 um.
Total number of vias = 32441.
Up-via summary (total 32441):

----------------
  Poly2        0
 Metal1    13229
 Metal2    14057
 Metal3     4268
 Metal4      887
----------------
       32441


[INFO DRT-0195] Start 50th guides tiles iteration.
    Completing 10% with 57 violations.
    elapsed time = 00:00:00, memory = 10719.49 (MB).
    Completing 20% with 57 violations.
    elapsed time = 00:00:00, memory = 10719.49 (MB).
    Completing 30% with 57 violations.
    elapsed time = 00:00:01, memory = 10719.49 (MB).
    Completing 40% with 57 violations.
    elapsed time = 00:00:52, memory = 10719.49 (MB).
    Completing 50% with 57 violations.
    elapsed time = 00:00:52, memory = 10719.49 (MB).
    Completing 60% with 57 violations.
    elapsed time = 00:00:52, memory = 10734.77 (MB).
    Completing 70% with 57 violations.
    elapsed time = 00:00:52, memory = 10792.24 (MB).
    Completing 80% with 57 violations.
    elapsed time = 00:00:55, memory = 10848.29 (MB).
    Completing 90% with 57 violations.
    elapsed time = 00:03:18, memory = 10719.49 (MB).
    Completing 100% with 57 violations.
    elapsed time = 00:03:18, memory = 10719.49 (MB).
[INFO DRT-0199]   Number of violations = 57.
Viol/Layer      Metal2
Metal Spacing       55
Short                2
[INFO DRT-0267] cpu time = 00:05:17, elapsed time = 00:03:18, memory = 10719.49 (MB), peak = 12009.14 (MB)
Total wire length = 332800 um.
Total wire length on LAYER Metal1 = 0 um.
Total wire length on LAYER Metal2 = 94570 um.
Total wire length on LAYER Metal3 = 141923 um.
Total wire length on LAYER Metal4 = 52166 um.
Total wire length on LAYER Metal5 = 44140 um.
Total number of vias = 32445.
Up-via summary (total 32445):

----------------
  Poly2        0
 Metal1    13229
 Metal2    14059
 Metal3     4271
 Metal4      886
----------------
       32445


[INFO DRT-0195] Start 51st guides tiles iteration.
    Completing 10% with 57 violations.
    elapsed time = 00:00:00, memory = 10719.49 (MB).
    Completing 20% with 57 violations.
    elapsed time = 00:00:00, memory = 10719.49 (MB).
    Completing 30% with 57 violations.
    elapsed time = 00:00:02, memory = 10741.81 (MB).
    Completing 40% with 57 violations.
    elapsed time = 00:00:49, memory = 10719.49 (MB).
    Completing 50% with 57 violations.
    elapsed time = 00:00:49, memory = 10719.49 (MB).
    Completing 60% with 57 violations.
    elapsed time = 00:00:49, memory = 10719.49 (MB).
    Completing 70% with 57 violations.
    elapsed time = 00:00:49, memory = 10761.17 (MB).
    Completing 80% with 57 violations.
    elapsed time = 00:00:49, memory = 10792.24 (MB).
    Completing 90% with 57 violations.
    elapsed time = 00:02:56, memory = 10719.49 (MB).
    Completing 100% with 57 violations.
    elapsed time = 00:02:56, memory = 10719.49 (MB).
[INFO DRT-0199]   Number of violations = 57.
Viol/Layer      Metal2
Metal Spacing       55
Short                2
[INFO DRT-0267] cpu time = 00:04:44, elapsed time = 00:02:56, memory = 10719.49 (MB), peak = 12009.14 (MB)
Total wire length = 332798 um.
Total wire length on LAYER Metal1 = 0 um.
Total wire length on LAYER Metal2 = 94622 um.
Total wire length on LAYER Metal3 = 141918 um.
Total wire length on LAYER Metal4 = 52116 um.
Total wire length on LAYER Metal5 = 44140 um.
Total number of vias = 32440.
Up-via summary (total 32440):

----------------
  Poly2        0
 Metal1    13229
 Metal2    14057
 Metal3     4268
 Metal4      886
----------------
       32440


[INFO DRT-0195] Start 52nd guides tiles iteration.
    Completing 10% with 57 violations.
    elapsed time = 00:00:00, memory = 10719.49 (MB).
    Completing 20% with 57 violations.
    elapsed time = 00:00:00, memory = 10719.49 (MB).
    Completing 30% with 57 violations.
    elapsed time = 00:00:00, memory = 10719.49 (MB).
    Completing 40% with 57 violations.
    elapsed time = 00:00:02, memory = 10742.35 (MB).
    Completing 50% with 57 violations.
    elapsed time = 00:00:48, memory = 10719.49 (MB).
    Completing 60% with 57 violations.
    elapsed time = 00:00:48, memory = 10719.49 (MB).
    Completing 70% with 57 violations.
    elapsed time = 00:00:48, memory = 10719.49 (MB).
    Completing 80% with 57 violations.
    elapsed time = 00:00:48, memory = 10719.49 (MB).
    Completing 90% with 57 violations.
    elapsed time = 00:01:38, memory = 10719.49 (MB).
    Completing 100% with 56 violations.
    elapsed time = 00:01:38, memory = 10719.49 (MB).
[INFO DRT-0199]   Number of violations = 56.
Viol/Layer      Metal2
Metal Spacing       54
Short                2
[INFO DRT-0267] cpu time = 00:03:13, elapsed time = 00:01:38, memory = 10719.49 (MB), peak = 12009.14 (MB)
Total wire length = 332808 um.
Total wire length on LAYER Metal1 = 0 um.
Total wire length on LAYER Metal2 = 94617 um.
Total wire length on LAYER Metal3 = 141922 um.
Total wire length on LAYER Metal4 = 52128 um.
Total wire length on LAYER Metal5 = 44140 um.
Total number of vias = 32444.
Up-via summary (total 32444):

----------------
  Poly2        0
 Metal1    13229
 Metal2    14058
 Metal3     4271
 Metal4      886
----------------
       32444


[INFO DRT-0195] Start 53rd guides tiles iteration.
    Completing 10% with 56 violations.
    elapsed time = 00:00:00, memory = 10719.49 (MB).
    Completing 20% with 56 violations.
    elapsed time = 00:00:00, memory = 10719.49 (MB).
    Completing 30% with 56 violations.
    elapsed time = 00:00:01, memory = 10742.36 (MB).
    Completing 40% with 56 violations.
    elapsed time = 00:00:48, memory = 10719.49 (MB).
    Completing 50% with 56 violations.
    elapsed time = 00:00:48, memory = 10719.49 (MB).
    Completing 60% with 56 violations.
    elapsed time = 00:00:48, memory = 10719.49 (MB).
    Completing 70% with 56 violations.
    elapsed time = 00:00:48, memory = 10773.25 (MB).
    Completing 80% with 56 violations.
    elapsed time = 00:00:48, memory = 10773.25 (MB).
    Completing 90% with 56 violations.
    elapsed time = 00:01:38, memory = 10680.17 (MB).
    Completing 100% with 56 violations.
    elapsed time = 00:01:38, memory = 10680.17 (MB).
[INFO DRT-0199]   Number of violations = 56.
Viol/Layer      Metal2
Metal Spacing       54
Short                2
[INFO DRT-0267] cpu time = 00:03:19, elapsed time = 00:01:38, memory = 10680.17 (MB), peak = 12009.14 (MB)
Total wire length = 332799 um.
Total wire length on LAYER Metal1 = 0 um.
Total wire length on LAYER Metal2 = 94622 um.
Total wire length on LAYER Metal3 = 141921 um.
Total wire length on LAYER Metal4 = 52114 um.
Total wire length on LAYER Metal5 = 44140 um.
Total number of vias = 32438.
Up-via summary (total 32438):

----------------
  Poly2        0
 Metal1    13229
 Metal2    14057
 Metal3     4266
 Metal4      886
----------------
       32438


[INFO DRT-0195] Start 54th stubborn tiles iteration.
    Completing 10% with 56 violations.
    elapsed time = 00:00:00, memory = 10886.20 (MB).
    Completing 20% with 56 violations.
    elapsed time = 00:00:09, memory = 12208.30 (MB).
    Completing 30% with 56 violations.
    elapsed time = 00:00:15, memory = 12274.15 (MB).
    Completing 40% with 56 violations.
    elapsed time = 00:00:20, memory = 12202.07 (MB).
    Completing 50% with 56 violations.
    elapsed time = 00:00:28, memory = 11532.45 (MB).
    Completing 60% with 54 violations.
    elapsed time = 00:00:42, memory = 10949.25 (MB).
    Completing 70% with 54 violations.
    elapsed time = 00:00:56, memory = 12108.74 (MB).
    Completing 80% with 54 violations.
    elapsed time = 00:01:01, memory = 11296.38 (MB).
    Completing 90% with 54 violations.
    elapsed time = 00:01:06, memory = 11035.49 (MB).
    Completing 100% with 54 violations.
    elapsed time = 00:01:10, memory = 10991.75 (MB).
[INFO DRT-0199]   Number of violations = 54.
Viol/Layer      Metal2
Metal Spacing       52
Short                2
[INFO DRT-0267] cpu time = 01:45:07, elapsed time = 00:01:10, memory = 10991.75 (MB), peak = 12258.58 (MB)
Total wire length = 332799 um.
Total wire length on LAYER Metal1 = 0 um.
Total wire length on LAYER Metal2 = 94631 um.
Total wire length on LAYER Metal3 = 141942 um.
Total wire length on LAYER Metal4 = 52110 um.
Total wire length on LAYER Metal5 = 44115 um.
Total number of vias = 32439.
Up-via summary (total 32439):

----------------
  Poly2        0
 Metal1    13229
 Metal2    14059
 Metal3     4265
 Metal4      886
----------------
       32439


[INFO DRT-0195] Start 55th guides tiles iteration.
    Completing 10% with 54 violations.
    elapsed time = 00:00:00, memory = 10991.75 (MB).
    Completing 20% with 54 violations.
    elapsed time = 00:00:00, memory = 10991.75 (MB).
    Completing 30% with 54 violations.
    elapsed time = 00:00:00, memory = 10991.75 (MB).
    Completing 40% with 54 violations.
    elapsed time = 00:00:00, memory = 10991.75 (MB).
    Completing 50% with 54 violations.
    elapsed time = 00:00:02, memory = 11030.66 (MB).
    Completing 60% with 53 violations.
    elapsed time = 00:00:46, memory = 10991.75 (MB).
    Completing 70% with 53 violations.
    elapsed time = 00:00:46, memory = 11045.50 (MB).
    Completing 80% with 53 violations.
    elapsed time = 00:00:46, memory = 11045.50 (MB).
    Completing 90% with 53 violations.
    elapsed time = 00:01:36, memory = 10991.75 (MB).
    Completing 100% with 53 violations.
    elapsed time = 00:01:36, memory = 10991.75 (MB).
[INFO DRT-0199]   Number of violations = 53.
Viol/Layer      Metal2
Metal Spacing       51
Short                2
[INFO DRT-0267] cpu time = 00:03:19, elapsed time = 00:01:37, memory = 10991.75 (MB), peak = 12258.58 (MB)
Total wire length = 332803 um.
Total wire length on LAYER Metal1 = 0 um.
Total wire length on LAYER Metal2 = 94636 um.
Total wire length on LAYER Metal3 = 141945 um.
Total wire length on LAYER Metal4 = 52105 um.
Total wire length on LAYER Metal5 = 44115 um.
Total number of vias = 32441.
Up-via summary (total 32441):

----------------
  Poly2        0
 Metal1    13229
 Metal2    14060
 Metal3     4266
 Metal4      886
----------------
       32441


[INFO DRT-0195] Start 56th guides tiles iteration.
    Completing 10% with 53 violations.
    elapsed time = 00:00:00, memory = 10991.75 (MB).
    Completing 20% with 53 violations.
    elapsed time = 00:00:00, memory = 10991.75 (MB).
    Completing 30% with 53 violations.
    elapsed time = 00:00:00, memory = 10991.75 (MB).
    Completing 40% with 53 violations.
    elapsed time = 00:00:02, memory = 11029.55 (MB).
    Completing 50% with 53 violations.
    elapsed time = 00:00:46, memory = 10991.75 (MB).
    Completing 60% with 53 violations.
    elapsed time = 00:00:46, memory = 10991.75 (MB).
    Completing 70% with 53 violations.
    elapsed time = 00:00:46, memory = 11045.50 (MB).
    Completing 80% with 53 violations.
    elapsed time = 00:00:46, memory = 11045.50 (MB).
    Completing 90% with 53 violations.
    elapsed time = 00:01:36, memory = 10991.75 (MB).
    Completing 100% with 53 violations.
    elapsed time = 00:01:36, memory = 10991.75 (MB).
[INFO DRT-0199]   Number of violations = 53.
Viol/Layer      Metal2
Metal Spacing       51
Short                2
[INFO DRT-0267] cpu time = 00:03:23, elapsed time = 00:01:36, memory = 10991.75 (MB), peak = 12258.58 (MB)
Total wire length = 332808 um.
Total wire length on LAYER Metal1 = 0 um.
Total wire length on LAYER Metal2 = 94633 um.
Total wire length on LAYER Metal3 = 141943 um.
Total wire length on LAYER Metal4 = 52115 um.
Total wire length on LAYER Metal5 = 44115 um.
Total number of vias = 32443.
Up-via summary (total 32443):

----------------
  Poly2        0
 Metal1    13229
 Metal2    14061
 Metal3     4267
 Metal4      886
----------------
       32443


[INFO DRT-0195] Start 57th optimization iteration.
    Completing 10% with 53 violations.
    elapsed time = 00:00:00, memory = 10991.75 (MB).
    Completing 20% with 53 violations.
    elapsed time = 00:00:00, memory = 10991.75 (MB).
    Completing 30% with 54 violations.
    elapsed time = 00:00:00, memory = 10991.75 (MB).
    Completing 40% with 54 violations.
    elapsed time = 00:00:00, memory = 10991.75 (MB).
    Completing 50% with 54 violations.
    elapsed time = 00:00:00, memory = 10991.75 (MB).
    Completing 60% with 54 violations.
    elapsed time = 00:00:00, memory = 10991.75 (MB).
    Completing 70% with 54 violations.
    elapsed time = 00:00:00, memory = 10991.75 (MB).
    Completing 80% with 54 violations.
    elapsed time = 00:00:01, memory = 10991.75 (MB).
    Completing 90% with 54 violations.
    elapsed time = 00:00:01, memory = 10991.75 (MB).
    Completing 100% with 56 violations.
    elapsed time = 00:00:01, memory = 10991.75 (MB).
[INFO DRT-0199]   Number of violations = 56.
Viol/Layer      Metal2
Metal Spacing       54
Short                2
[INFO DRT-0267] cpu time = 00:02:50, elapsed time = 00:00:01, memory = 10991.87 (MB), peak = 12258.58 (MB)
Total wire length = 332762 um.
Total wire length on LAYER Metal1 = 0 um.
Total wire length on LAYER Metal2 = 94581 um.
Total wire length on LAYER Metal3 = 141956 um.
Total wire length on LAYER Metal4 = 52170 um.
Total wire length on LAYER Metal5 = 44053 um.
Total number of vias = 32444.
Up-via summary (total 32444):

----------------
  Poly2        0
 Metal1    13231
 Metal2    14047
 Metal3     4281
 Metal4      885
----------------
       32444


[INFO DRT-0195] Start 58th guides tiles iteration.
    Completing 10% with 56 violations.
    elapsed time = 00:00:00, memory = 11053.62 (MB).
    Completing 20% with 56 violations.
    elapsed time = 00:00:00, memory = 11064.51 (MB).
    Completing 30% with 56 violations.
    elapsed time = 00:00:02, memory = 11086.90 (MB).
    Completing 40% with 56 violations.
    elapsed time = 00:01:39, memory = 11107.36 (MB).
    Completing 50% with 56 violations.
    elapsed time = 00:04:09, memory = 10992.32 (MB).
    Completing 60% with 56 violations.
    elapsed time = 00:04:09, memory = 10992.32 (MB).
    Completing 70% with 56 violations.
    elapsed time = 00:04:09, memory = 10992.32 (MB).
    Completing 80% with 56 violations.
    elapsed time = 00:04:09, memory = 10992.32 (MB).
    Completing 90% with 56 violations.
    elapsed time = 00:04:15, memory = 10992.32 (MB).
    Completing 100% with 56 violations.
    elapsed time = 00:04:15, memory = 10992.32 (MB).
[INFO DRT-0199]   Number of violations = 56.
Viol/Layer      Metal2
Metal Spacing       54
Short                2
[INFO DRT-0267] cpu time = 00:08:33, elapsed time = 00:04:15, memory = 10992.32 (MB), peak = 12258.58 (MB)
Total wire length = 332774 um.
Total wire length on LAYER Metal1 = 0 um.
Total wire length on LAYER Metal2 = 94581 um.
Total wire length on LAYER Metal3 = 141950 um.
Total wire length on LAYER Metal4 = 52182 um.
Total wire length on LAYER Metal5 = 44060 um.
Total number of vias = 32439.
Up-via summary (total 32439):

----------------
  Poly2        0
 Metal1    13230
 Metal2    14044
 Metal3     4280
 Metal4      885
----------------
       32439


[INFO DRT-0195] Start 59th guides tiles iteration.
    Completing 10% with 56 violations.
    elapsed time = 00:00:00, memory = 11064.97 (MB).
    Completing 20% with 56 violations.
    elapsed time = 00:00:00, memory = 11064.97 (MB).
    Completing 30% with 56 violations.
    elapsed time = 00:00:02, memory = 11107.16 (MB).
    Completing 40% with 56 violations.
    elapsed time = 00:01:52, memory = 11198.80 (MB).
    Completing 50% with 56 violations.
    elapsed time = 00:05:29, memory = 11036.43 (MB).
    Completing 60% with 56 violations.
    elapsed time = 00:05:29, memory = 11036.43 (MB).
    Completing 70% with 56 violations.
    elapsed time = 00:05:29, memory = 11036.43 (MB).
    Completing 80% with 56 violations.
    elapsed time = 00:05:29, memory = 11036.43 (MB).
    Completing 90% with 56 violations.
    elapsed time = 00:05:33, memory = 11036.43 (MB).
    Completing 100% with 56 violations.
    elapsed time = 00:05:33, memory = 11036.43 (MB).
[INFO DRT-0199]   Number of violations = 56.
Viol/Layer      Metal2
Metal Spacing       54
Short                2
[INFO DRT-0267] cpu time = 00:09:32, elapsed time = 00:05:33, memory = 11036.43 (MB), peak = 12258.58 (MB)
Total wire length = 332775 um.
Total wire length on LAYER Metal1 = 0 um.
Total wire length on LAYER Metal2 = 94584 um.
Total wire length on LAYER Metal3 = 141941 um.
Total wire length on LAYER Metal4 = 52180 um.
Total wire length on LAYER Metal5 = 44069 um.
Total number of vias = 32442.
Up-via summary (total 32442):

----------------
  Poly2        0
 Metal1    13230
 Metal2    14046
 Metal3     4281
 Metal4      885
----------------
       32442


[INFO DRT-0195] Start 60th stubborn tiles iteration.
    Completing 10% with 56 violations.
    elapsed time = 00:00:01, memory = 11250.44 (MB).
    Completing 20% with 56 violations.
    elapsed time = 00:00:37, memory = 12135.92 (MB).
    Completing 30% with 56 violations.
    elapsed time = 00:01:01, memory = 12191.30 (MB).
    Completing 40% with 56 violations.
    elapsed time = 00:01:12, memory = 12016.73 (MB).
    Completing 50% with 56 violations.
    elapsed time = 00:01:24, memory = 11669.93 (MB).
    Completing 60% with 55 violations.
    elapsed time = 00:02:03, memory = 11250.67 (MB).
    Completing 70% with 55 violations.
    elapsed time = 00:02:04, memory = 11595.91 (MB).
    Completing 80% with 55 violations.
    elapsed time = 00:02:32, memory = 11482.29 (MB).
    Completing 90% with 54 violations.
    elapsed time = 00:02:42, memory = 11658.71 (MB).
    Completing 100% with 54 violations.
    elapsed time = 00:03:07, memory = 11214.72 (MB).
[INFO DRT-0199]   Number of violations = 54.
Viol/Layer      Metal2
Metal Spacing       52
Short                2
[INFO DRT-0267] cpu time = 03:05:15, elapsed time = 00:03:07, memory = 11214.72 (MB), peak = 12258.58 (MB)
Total wire length = 332774 um.
Total wire length on LAYER Metal1 = 0 um.
Total wire length on LAYER Metal2 = 94546 um.
Total wire length on LAYER Metal3 = 141946 um.
Total wire length on LAYER Metal4 = 52221 um.
Total wire length on LAYER Metal5 = 44060 um.
Total number of vias = 32443.
Up-via summary (total 32443):

----------------
  Poly2        0
 Metal1    13230
 Metal2    14042
 Metal3     4286
 Metal4      885
----------------
       32443


[INFO DRT-0195] Start 61st guides tiles iteration.
    Completing 10% with 54 violations.
    elapsed time = 00:00:00, memory = 11214.72 (MB).
    Completing 20% with 54 violations.
    elapsed time = 00:00:00, memory = 11214.72 (MB).
    Completing 30% with 54 violations.
    elapsed time = 00:00:03, memory = 11240.84 (MB).
    Completing 40% with 54 violations.
    elapsed time = 00:01:14, memory = 11214.72 (MB).
    Completing 50% with 54 violations.
    elapsed time = 00:01:14, memory = 11214.72 (MB).
    Completing 60% with 54 violations.
    elapsed time = 00:01:14, memory = 11258.98 (MB).
    Completing 70% with 54 violations.
    elapsed time = 00:01:14, memory = 11268.39 (MB).
    Completing 80% with 54 violations.
    elapsed time = 00:01:14, memory = 11268.39 (MB).
    Completing 90% with 54 violations.
    elapsed time = 00:02:58, memory = 11214.72 (MB).
    Completing 100% with 53 violations.
    elapsed time = 00:02:59, memory = 11214.72 (MB).
[INFO DRT-0199]   Number of violations = 53.
Viol/Layer      Metal2
Metal Spacing       51
Short                2
[INFO DRT-0267] cpu time = 00:04:53, elapsed time = 00:02:59, memory = 11214.72 (MB), peak = 12258.58 (MB)
Total wire length = 332775 um.
Total wire length on LAYER Metal1 = 0 um.
Total wire length on LAYER Metal2 = 94562 um.
Total wire length on LAYER Metal3 = 141947 um.
Total wire length on LAYER Metal4 = 52204 um.
Total wire length on LAYER Metal5 = 44060 um.
Total number of vias = 32442.
Up-via summary (total 32442):

----------------
  Poly2        0
 Metal1    13230
 Metal2    14042
 Metal3     4285
 Metal4      885
----------------
       32442


[INFO DRT-0195] Start 62nd guides tiles iteration.
    Completing 10% with 53 violations.
    elapsed time = 00:00:00, memory = 11214.72 (MB).
    Completing 20% with 53 violations.
    elapsed time = 00:00:00, memory = 11214.72 (MB).
    Completing 30% with 53 violations.
    elapsed time = 00:00:03, memory = 11240.85 (MB).
    Completing 40% with 53 violations.
    elapsed time = 00:01:05, memory = 11214.73 (MB).
    Completing 50% with 53 violations.
    elapsed time = 00:01:05, memory = 11214.73 (MB).
    Completing 60% with 53 violations.
    elapsed time = 00:01:05, memory = 11242.44 (MB).
    Completing 70% with 53 violations.
    elapsed time = 00:01:05, memory = 11268.39 (MB).
    Completing 80% with 53 violations.
    elapsed time = 00:01:06, memory = 11268.39 (MB).
    Completing 90% with 53 violations.
    elapsed time = 00:02:52, memory = 11214.73 (MB).
    Completing 100% with 53 violations.
    elapsed time = 00:02:52, memory = 11214.73 (MB).
[INFO DRT-0199]   Number of violations = 53.
Viol/Layer      Metal2
Metal Spacing       51
Short                2
[INFO DRT-0267] cpu time = 00:04:50, elapsed time = 00:02:52, memory = 11214.73 (MB), peak = 12258.58 (MB)
Total wire length = 332785 um.
Total wire length on LAYER Metal1 = 0 um.
Total wire length on LAYER Metal2 = 94570 um.
Total wire length on LAYER Metal3 = 141947 um.
Total wire length on LAYER Metal4 = 52206 um.
Total wire length on LAYER Metal5 = 44060 um.
Total number of vias = 32443.
Up-via summary (total 32443):

----------------
  Poly2        0
 Metal1    13230
 Metal2    14044
 Metal3     4284
 Metal4      885
----------------
       32443


[INFO DRT-0195] Start 63rd stubborn tiles iteration.
    Completing 10% with 53 violations.
    elapsed time = 00:00:00, memory = 11296.52 (MB).
    Completing 20% with 53 violations.
    elapsed time = 00:00:19, memory = 12481.88 (MB).
    Completing 30% with 53 violations.
    elapsed time = 00:00:30, memory = 12391.93 (MB).
    Completing 40% with 53 violations.
    elapsed time = 00:00:41, memory = 12111.95 (MB).
    Completing 50% with 53 violations.
    elapsed time = 00:00:56, memory = 11428.07 (MB).
    Completing 60% with 52 violations.
    elapsed time = 00:01:28, memory = 11317.73 (MB).
    Completing 70% with 52 violations.
    elapsed time = 00:01:52, memory = 11921.29 (MB).
    Completing 80% with 52 violations.
    elapsed time = 00:02:06, memory = 11285.98 (MB).
    Completing 90% with 52 violations.
    elapsed time = 00:02:10, memory = 11718.73 (MB).
    Completing 100% with 52 violations.
    elapsed time = 00:02:40, memory = 11048.05 (MB).
[INFO DRT-0199]   Number of violations = 52.
Viol/Layer      Metal2
Metal Spacing       51
Short                1
[INFO DRT-0267] cpu time = 03:05:39, elapsed time = 00:02:40, memory = 11048.05 (MB), peak = 12434.77 (MB)
Total wire length = 332785 um.
Total wire length on LAYER Metal1 = 0 um.
Total wire length on LAYER Metal2 = 94552 um.
Total wire length on LAYER Metal3 = 141959 um.
Total wire length on LAYER Metal4 = 52218 um.
Total wire length on LAYER Metal5 = 44054 um.
Total number of vias = 32438.
Up-via summary (total 32438):

----------------
  Poly2        0
 Metal1    13231
 Metal2    14041
 Metal3     4281
 Metal4      885
----------------
       32438


[INFO DRT-0195] Start 64th guides tiles iteration.
    Completing 10% with 52 violations.
    elapsed time = 00:00:00, memory = 11068.24 (MB).
    Completing 20% with 52 violations.
    elapsed time = 00:00:00, memory = 11068.24 (MB).
    Completing 30% with 52 violations.
    elapsed time = 00:00:00, memory = 11068.24 (MB).
    Completing 40% with 52 violations.
    elapsed time = 00:00:02, memory = 11103.07 (MB).
    Completing 50% with 52 violations.
    elapsed time = 00:01:05, memory = 11135.11 (MB).
    Completing 60% with 52 violations.
    elapsed time = 00:01:05, memory = 11136.91 (MB).
    Completing 70% with 52 violations.
    elapsed time = 00:01:05, memory = 11136.91 (MB).
    Completing 80% with 52 violations.
    elapsed time = 00:01:10, memory = 11189.35 (MB).
    Completing 90% with 52 violations.
    elapsed time = 00:03:00, memory = 11083.24 (MB).
    Completing 100% with 51 violations.
    elapsed time = 00:03:00, memory = 11083.24 (MB).
[INFO DRT-0199]   Number of violations = 51.
Viol/Layer      Metal2
Metal Spacing       50
Short                1
[INFO DRT-0267] cpu time = 00:04:36, elapsed time = 00:03:00, memory = 11083.24 (MB), peak = 12434.77 (MB)
Total wire length = 332781 um.
Total wire length on LAYER Metal1 = 0 um.
Total wire length on LAYER Metal2 = 94564 um.
Total wire length on LAYER Metal3 = 141958 um.
Total wire length on LAYER Metal4 = 52204 um.
Total wire length on LAYER Metal5 = 44053 um.
Total number of vias = 32439.
Up-via summary (total 32439):

----------------
  Poly2        0
 Metal1    13231
 Metal2    14041
 Metal3     4282
 Metal4      885
----------------
       32439


[INFO DRT-0198] Complete detail routing.
Total wire length = 332781 um.
Total wire length on LAYER Metal1 = 0 um.
Total wire length on LAYER Metal2 = 94564 um.
Total wire length on LAYER Metal3 = 141958 um.
Total wire length on LAYER Metal4 = 52204 um.
Total wire length on LAYER Metal5 = 44053 um.
Total number of vias = 32439.
Up-via summary (total 32439):

----------------
  Poly2        0
 Metal1    13231
 Metal2    14041
 Metal3     4282
 Metal4      885
----------------
       32439


[INFO DRT-0267] cpu time = 15:52:38, elapsed time = 00:56:52, memory = 11083.30 (MB), peak = 12434.77 (MB)

[INFO DRT-0180] Post processing.
+ check_antennas 
[INFO ANT-0002] Found 1 net violations.
[INFO ANT-0001] Found 1 pin violations.
[INFO] Running antenna repair iteration 1…
+ repair_antennas gf180mcu_as_sc_mcu7t3v3__diode_2 -ratio_margin 10
[INFO GRT-0012] Found 2 antenna violations.
[INFO GRT-0015] Inserted 2 diodes.
+ detailed_route -droute_end_iter 64 -or_seed 42 -verbose 1 -output_drc /home/etcfranc/NoCNoC/librelane/noc_tile/runs/RUN_2026-05-08_18-38-35/44-openroad-detailedrouting/drt-run-1/mesh_tile.drc
[INFO DRT-0024]   Complete Poly2.
[INFO DRT-0024]   Complete CON.
[INFO DRT-0024]   Complete Metal1.
[INFO DRT-0024]   Complete Via1.
[INFO DRT-0024]   Complete Metal2.
[INFO DRT-0024]   Complete Via2.
[INFO DRT-0024]   Complete Metal3.
[INFO DRT-0024]   Complete Via3.
[INFO DRT-0024]   Complete Metal4.
[INFO DRT-0024]   Complete Via4.
[INFO DRT-0024]   Complete Metal5.
[INFO DRT-0165] Start pin access.
[INFO DRT-0078]   Complete 579 pins.
[INFO DRT-0081]   Complete 71 unique inst patterns.
[INFO DRT-0084]   Complete 2914 groups.
#scanned instances     = 6606
#unique  instances     = 73
#stdCellGenAp          = 1792
#stdCellValidPlanarAp  = 4
#stdCellValidViaAp     = 1156
#stdCellPinNoAp        = 0
#stdCellPinCnt         = 13002
#instTermValidViaApCnt = 0
#macroGenAp            = 1431
#macroValidPlanarAp    = 1278
#macroValidViaAp       = 215
#macroNoAp             = 0
[INFO DRT-0166] Complete pin access.
[INFO DRT-0267] cpu time = 00:02:17, elapsed time = 00:00:01, memory = 10812.87 (MB), peak = 12434.77 (MB)

[INFO DRT-0157] Number of guides:     37827

[INFO DRT-0169] Post process guides.
[INFO DRT-0176] GCELLGRID X 0 DO 107 STEP 16800 ;
[INFO DRT-0177] GCELLGRID Y 0 DO 89 STEP 16800 ;
[INFO DRT-0028]   Complete Poly2.
[INFO DRT-0028]   Complete CON.
[INFO DRT-0028]   Complete Metal1.
[INFO DRT-0028]   Complete Via1.
[INFO DRT-0028]   Complete Metal2.
[INFO DRT-0028]   Complete Via2.
[INFO DRT-0028]   Complete Metal3.
[INFO DRT-0028]   Complete Via3.
[INFO DRT-0028]   Complete Metal4.
[INFO DRT-0028]   Complete Via4.
[INFO DRT-0028]   Complete Metal5.
[INFO DRT-0178] Init guide query.
[INFO DRT-0035]   Complete Poly2 (guide).
[INFO DRT-0035]   Complete CON (guide).
[INFO DRT-0035]   Complete Metal1 (guide).
[INFO DRT-0035]   Complete Via1 (guide).
[INFO DRT-0035]   Complete Metal2 (guide).
[INFO DRT-0035]   Complete Via2 (guide).
[INFO DRT-0035]   Complete Metal3 (guide).
[INFO DRT-0035]   Complete Via3 (guide).
[INFO DRT-0035]   Complete Metal4 (guide).
[INFO DRT-0035]   Complete Via4 (guide).
[INFO DRT-0035]   Complete Metal5 (guide).
[INFO DRT-0036] Poly2 guide region query size = 0.
[INFO DRT-0036] CON guide region query size = 0.
[INFO DRT-0036] Metal1 guide region query size = 12118.
[INFO DRT-0036] Via1 guide region query size = 0.
[INFO DRT-0036] Metal2 guide region query size = 11805.
[INFO DRT-0036] Via2 guide region query size = 0.
[INFO DRT-0036] Metal3 guide region query size = 6510.
[INFO DRT-0036] Via3 guide region query size = 0.
[INFO DRT-0036] Metal4 guide region query size = 768.
[INFO DRT-0036] Via4 guide region query size = 0.
[INFO DRT-0036] Metal5 guide region query size = 302.
[INFO DRT-0179] Init gr pin query.
[INFO DRT-0267] cpu time = 00:00:09, elapsed time = 00:00:00, memory = 10812.87 (MB), peak = 12434.77 (MB)
[INFO DRT-0245] skipped writing guide updates to database.
[INFO DRT-0185] Post process initialize RPin region query.
[INFO DRT-0181] Start track assignment.
[INFO DRT-0184] Done with 12573 vertical wires in 3 frboxes and 18930 horizontal wires in 2 frboxes.
[INFO DRT-0186] Done with 4422 vertical wires in 3 frboxes and 3236 horizontal wires in 2 frboxes.
[INFO DRT-0182] Complete track assignment.
[INFO DRT-0267] cpu time = 00:00:33, elapsed time = 00:00:01, memory = 10812.87 (MB), peak = 12434.77 (MB)
[INFO DRT-0187] Start routing data preparation.
[INFO DRT-0267] cpu time = 00:00:00, elapsed time = 00:00:00, memory = 10812.87 (MB), peak = 12434.77 (MB)
[INFO DRT-0194] Start detail routing.
[INFO DRT-0195] Start 0th optimization iteration.
    Completing 10% with 51 violations.
    elapsed time = 00:00:00, memory = 10816.81 (MB).
    Completing 20% with 51 violations.
    elapsed time = 00:00:00, memory = 10816.81 (MB).
    Completing 30% with 78 violations.
    elapsed time = 00:00:00, memory = 10816.81 (MB).
    Completing 40% with 78 violations.
    elapsed time = 00:00:00, memory = 10816.81 (MB).
    Completing 50% with 78 violations.
    elapsed time = 00:00:00, memory = 10816.81 (MB).
    Completing 60% with 103 violations.
    elapsed time = 00:00:00, memory = 10828.26 (MB).
    Completing 70% with 103 violations.
    elapsed time = 00:00:00, memory = 10828.26 (MB).
    Completing 80% with 120 violations.
    elapsed time = 00:00:01, memory = 10828.71 (MB).
    Completing 90% with 120 violations.
    elapsed time = 00:00:01, memory = 10829.71 (MB).
    Completing 100% with 134 violations.
    elapsed time = 00:00:02, memory = 10829.71 (MB).
[INFO DRT-0199]   Number of violations = 144.
Viol/Layer      Metal2 Metal3 Metal4
Metal Spacing      105      0      0
Recheck              2      7      1
Short               13     15      1
[INFO DRT-0267] cpu time = 00:02:55, elapsed time = 00:00:02, memory = 10877.54 (MB), peak = 12434.77 (MB)
Total wire length = 332775 um.
Total wire length on LAYER Metal1 = 0 um.
Total wire length on LAYER Metal2 = 94818 um.
Total wire length on LAYER Metal3 = 141488 um.
Total wire length on LAYER Metal4 = 51959 um.
Total wire length on LAYER Metal5 = 44508 um.
Total number of vias = 32425.
Up-via summary (total 32425):

----------------
  Poly2        0
 Metal1    13232
 Metal2    14046
 Metal3     4258
 Metal4      889
----------------
       32425


[INFO DRT-0195] Start 1st optimization iteration.
    Completing 10% with 144 violations.
    elapsed time = 00:00:00, memory = 10880.40 (MB).
    Completing 20% with 144 violations.
    elapsed time = 00:00:00, memory = 10880.40 (MB).
    Completing 30% with 133 violations.
    elapsed time = 00:00:00, memory = 10880.40 (MB).
    Completing 40% with 133 violations.
    elapsed time = 00:00:00, memory = 10890.63 (MB).
    Completing 50% with 133 violations.
    elapsed time = 00:00:00, memory = 10890.63 (MB).
    Completing 60% with 122 violations.
    elapsed time = 00:00:00, memory = 10839.80 (MB).
    Completing 70% with 122 violations.
    elapsed time = 00:00:00, memory = 10839.80 (MB).
    Completing 80% with 123 violations.
    elapsed time = 00:00:01, memory = 10839.80 (MB).
    Completing 90% with 123 violations.
    elapsed time = 00:00:01, memory = 10849.60 (MB).
    Completing 100% with 111 violations.
    elapsed time = 00:00:01, memory = 10849.60 (MB).
[INFO DRT-0199]   Number of violations = 111.
Viol/Layer      Metal2 Metal3
Metal Spacing      100      0
Short               10      1
[INFO DRT-0267] cpu time = 00:02:54, elapsed time = 00:00:01, memory = 10955.45 (MB), peak = 12434.77 (MB)
Total wire length = 332759 um.
Total wire length on LAYER Metal1 = 0 um.
Total wire length on LAYER Metal2 = 94803 um.
Total wire length on LAYER Metal3 = 141494 um.
Total wire length on LAYER Metal4 = 51957 um.
Total wire length on LAYER Metal5 = 44503 um.
Total number of vias = 32428.
Up-via summary (total 32428):

----------------
  Poly2        0
 Metal1    13232
 Metal2    14048
 Metal3     4259
 Metal4      889
----------------
       32428


[INFO DRT-0195] Start 2nd optimization iteration.
    Completing 10% with 111 violations.
    elapsed time = 00:00:00, memory = 10955.45 (MB).
    Completing 20% with 111 violations.
    elapsed time = 00:00:00, memory = 10955.45 (MB).
    Completing 30% with 110 violations.
    elapsed time = 00:00:00, memory = 10955.45 (MB).
    Completing 40% with 110 violations.
    elapsed time = 00:00:00, memory = 10955.45 (MB).
    Completing 50% with 110 violations.
    elapsed time = 00:00:00, memory = 10971.09 (MB).
    Completing 60% with 110 violations.
    elapsed time = 00:00:00, memory = 10971.09 (MB).
    Completing 70% with 110 violations.
    elapsed time = 00:00:00, memory = 10971.09 (MB).
    Completing 80% with 110 violations.
    elapsed time = 00:00:01, memory = 10983.56 (MB).
    Completing 90% with 110 violations.
    elapsed time = 00:00:01, memory = 10983.56 (MB).
    Completing 100% with 110 violations.
    elapsed time = 00:00:01, memory = 10983.56 (MB).
[INFO DRT-0199]   Number of violations = 110.
Viol/Layer      Metal2
Metal Spacing      101
Short                9
[INFO DRT-0267] cpu time = 00:02:38, elapsed time = 00:00:01, memory = 10983.56 (MB), peak = 12434.77 (MB)
Total wire length = 332757 um.
Total wire length on LAYER Metal1 = 0 um.
Total wire length on LAYER Metal2 = 94792 um.
Total wire length on LAYER Metal3 = 141490 um.
Total wire length on LAYER Metal4 = 51967 um.
Total wire length on LAYER Metal5 = 44507 um.
Total number of vias = 32425.
Up-via summary (total 32425):

----------------
  Poly2        0
 Metal1    13232
 Metal2    14044
 Metal3     4260
 Metal4      889
----------------
       32425


[INFO DRT-0195] Start 3rd optimization iteration.
    Completing 10% with 110 violations.
    elapsed time = 00:00:00, memory = 10983.56 (MB).
    Completing 20% with 110 violations.
    elapsed time = 00:00:00, memory = 10983.56 (MB).
    Completing 30% with 106 violations.
    elapsed time = 00:00:01, memory = 10983.56 (MB).
    Completing 40% with 106 violations.
    elapsed time = 00:00:01, memory = 10983.56 (MB).
    Completing 50% with 106 violations.
    elapsed time = 00:00:05, memory = 10999.23 (MB).
    Completing 60% with 105 violations.
    elapsed time = 00:00:05, memory = 10999.23 (MB).
    Completing 70% with 105 violations.
    elapsed time = 00:00:05, memory = 10999.23 (MB).
    Completing 80% with 103 violations.
    elapsed time = 00:00:08, memory = 11011.57 (MB).
    Completing 90% with 103 violations.
    elapsed time = 00:00:08, memory = 11011.57 (MB).
    Completing 100% with 102 violations.
    elapsed time = 00:00:10, memory = 11011.57 (MB).
[INFO DRT-0199]   Number of violations = 102.
Viol/Layer      Metal2
Metal Spacing      100
Short                2
[INFO DRT-0267] cpu time = 00:02:52, elapsed time = 00:00:10, memory = 11011.69 (MB), peak = 12434.77 (MB)
Total wire length = 332767 um.
Total wire length on LAYER Metal1 = 0 um.
Total wire length on LAYER Metal2 = 94718 um.
Total wire length on LAYER Metal3 = 141526 um.
Total wire length on LAYER Metal4 = 52055 um.
Total wire length on LAYER Metal5 = 44466 um.
Total number of vias = 32435.
Up-via summary (total 32435):

----------------
  Poly2        0
 Metal1    13232
 Metal2    14048
 Metal3     4268
 Metal4      887
----------------
       32435


[INFO DRT-0195] Start 4th optimization iteration.
    Completing 10% with 102 violations.
    elapsed time = 00:00:00, memory = 11011.69 (MB).
    Completing 20% with 102 violations.
    elapsed time = 00:00:00, memory = 11011.69 (MB).
    Completing 30% with 102 violations.
    elapsed time = 00:00:01, memory = 11011.69 (MB).
    Completing 40% with 102 violations.
    elapsed time = 00:00:01, memory = 11011.69 (MB).
    Completing 50% with 102 violations.
    elapsed time = 00:00:05, memory = 11011.69 (MB).
    Completing 60% with 102 violations.
    elapsed time = 00:00:05, memory = 11011.69 (MB).
    Completing 70% with 102 violations.
    elapsed time = 00:00:05, memory = 11011.69 (MB).
    Completing 80% with 102 violations.
    elapsed time = 00:00:07, memory = 11011.69 (MB).
    Completing 90% with 102 violations.
    elapsed time = 00:00:07, memory = 11011.69 (MB).
    Completing 100% with 102 violations.
    elapsed time = 00:00:09, memory = 11021.16 (MB).
[INFO DRT-0199]   Number of violations = 102.
Viol/Layer      Metal2
Metal Spacing      100
Short                2
[INFO DRT-0267] cpu time = 00:02:49, elapsed time = 00:00:09, memory = 11023.94 (MB), peak = 12434.77 (MB)
Total wire length = 332770 um.
Total wire length on LAYER Metal1 = 0 um.
Total wire length on LAYER Metal2 = 94713 um.
Total wire length on LAYER Metal3 = 141517 um.
Total wire length on LAYER Metal4 = 52063 um.
Total wire length on LAYER Metal5 = 44476 um.
Total number of vias = 32436.
Up-via summary (total 32436):

----------------
  Poly2        0
 Metal1    13232
 Metal2    14047
 Metal3     4270
 Metal4      887
----------------
       32436


[INFO DRT-0195] Start 5th optimization iteration.
    Completing 10% with 102 violations.
    elapsed time = 00:00:00, memory = 11023.94 (MB).
    Completing 20% with 102 violations.
    elapsed time = 00:00:00, memory = 11023.94 (MB).
    Completing 30% with 102 violations.
    elapsed time = 00:00:03, memory = 11023.94 (MB).
    Completing 40% with 102 violations.
    elapsed time = 00:00:03, memory = 11023.94 (MB).
    Completing 50% with 102 violations.
    elapsed time = 00:00:07, memory = 11023.94 (MB).
    Completing 60% with 102 violations.
    elapsed time = 00:00:08, memory = 11023.94 (MB).
    Completing 70% with 102 violations.
    elapsed time = 00:00:08, memory = 11023.94 (MB).
    Completing 80% with 102 violations.
    elapsed time = 00:00:09, memory = 11023.94 (MB).
    Completing 90% with 102 violations.
    elapsed time = 00:00:09, memory = 11023.94 (MB).
    Completing 100% with 102 violations.
    elapsed time = 00:00:11, memory = 11012.12 (MB).
[INFO DRT-0199]   Number of violations = 102.
Viol/Layer      Metal2
Metal Spacing      100
Short                2
[INFO DRT-0267] cpu time = 00:02:50, elapsed time = 00:00:11, memory = 11012.12 (MB), peak = 12434.77 (MB)
Total wire length = 332755 um.
Total wire length on LAYER Metal1 = 0 um.
Total wire length on LAYER Metal2 = 94721 um.
Total wire length on LAYER Metal3 = 141523 um.
Total wire length on LAYER Metal4 = 52037 um.
Total wire length on LAYER Metal5 = 44472 um.
Total number of vias = 32434.
Up-via summary (total 32434):

----------------
  Poly2        0
 Metal1    13232
 Metal2    14047
 Metal3     4268
 Metal4      887
----------------
       32434


[INFO DRT-0195] Start 6th optimization iteration.
    Completing 10% with 102 violations.
    elapsed time = 00:00:00, memory = 11012.12 (MB).
    Completing 20% with 102 violations.
    elapsed time = 00:00:00, memory = 11012.12 (MB).
    Completing 30% with 102 violations.
    elapsed time = 00:00:03, memory = 11012.12 (MB).
    Completing 40% with 102 violations.
    elapsed time = 00:00:03, memory = 11012.12 (MB).
    Completing 50% with 102 violations.
    elapsed time = 00:00:05, memory = 11012.12 (MB).
    Completing 60% with 102 violations.
    elapsed time = 00:00:05, memory = 11012.12 (MB).
    Completing 70% with 102 violations.
    elapsed time = 00:00:05, memory = 11012.12 (MB).
    Completing 80% with 102 violations.
    elapsed time = 00:00:07, memory = 11012.12 (MB).
    Completing 90% with 102 violations.
    elapsed time = 00:00:07, memory = 11012.12 (MB).
    Completing 100% with 102 violations.
    elapsed time = 00:00:09, memory = 11012.12 (MB).
[INFO DRT-0199]   Number of violations = 102.
Viol/Layer      Metal2
Metal Spacing      100
Short                2
[INFO DRT-0267] cpu time = 00:02:50, elapsed time = 00:00:09, memory = 11012.12 (MB), peak = 12434.77 (MB)
Total wire length = 332753 um.
Total wire length on LAYER Metal1 = 0 um.
Total wire length on LAYER Metal2 = 94723 um.
Total wire length on LAYER Metal3 = 141518 um.
Total wire length on LAYER Metal4 = 52038 um.
Total wire length on LAYER Metal5 = 44472 um.
Total number of vias = 32433.
Up-via summary (total 32433):

----------------
  Poly2        0
 Metal1    13232
 Metal2    14047
 Metal3     4267
 Metal4      887
----------------
       32433


[INFO DRT-0195] Start 7th optimization iteration.
    Completing 10% with 102 violations.
    elapsed time = 00:00:00, memory = 11012.12 (MB).
    Completing 20% with 102 violations.
    elapsed time = 00:00:00, memory = 11012.12 (MB).
    Completing 30% with 102 violations.
    elapsed time = 00:00:01, memory = 11012.12 (MB).
    Completing 40% with 102 violations.
    elapsed time = 00:00:01, memory = 11012.12 (MB).
    Completing 50% with 102 violations.
    elapsed time = 00:00:04, memory = 11012.13 (MB).
    Completing 60% with 102 violations.
    elapsed time = 00:00:04, memory = 11012.13 (MB).
    Completing 70% with 102 violations.
    elapsed time = 00:00:04, memory = 11012.13 (MB).
    Completing 80% with 102 violations.
    elapsed time = 00:00:06, memory = 11015.44 (MB).
    Completing 90% with 102 violations.
    elapsed time = 00:00:06, memory = 11015.44 (MB).
    Completing 100% with 102 violations.
    elapsed time = 00:00:08, memory = 11015.44 (MB).
[INFO DRT-0199]   Number of violations = 102.
Viol/Layer      Metal2
Metal Spacing      100
Short                2
[INFO DRT-0267] cpu time = 00:02:56, elapsed time = 00:00:08, memory = 11015.44 (MB), peak = 12434.77 (MB)
Total wire length = 332767 um.
Total wire length on LAYER Metal1 = 0 um.
Total wire length on LAYER Metal2 = 94708 um.
Total wire length on LAYER Metal3 = 141516 um.
Total wire length on LAYER Metal4 = 52064 um.
Total wire length on LAYER Metal5 = 44477 um.
Total number of vias = 32443.
Up-via summary (total 32443):

----------------
  Poly2        0
 Metal1    13232
 Metal2    14048
 Metal3     4274
 Metal4      889
----------------
       32443


[INFO DRT-0195] Start 8th optimization iteration.
    Completing 10% with 102 violations.
    elapsed time = 00:00:00, memory = 11015.44 (MB).
    Completing 20% with 102 violations.
    elapsed time = 00:00:00, memory = 11015.44 (MB).
    Completing 30% with 102 violations.
    elapsed time = 00:00:04, memory = 11015.44 (MB).
    Completing 40% with 102 violations.
    elapsed time = 00:00:04, memory = 11015.44 (MB).
    Completing 50% with 102 violations.
    elapsed time = 00:00:04, memory = 11015.44 (MB).
    Completing 60% with 102 violations.
    elapsed time = 00:00:05, memory = 11015.44 (MB).
    Completing 70% with 102 violations.
    elapsed time = 00:00:05, memory = 11015.44 (MB).
    Completing 80% with 102 violations.
    elapsed time = 00:00:12, memory = 11015.44 (MB).
    Completing 90% with 102 violations.
    elapsed time = 00:00:12, memory = 11015.44 (MB).
    Completing 100% with 102 violations.
    elapsed time = 00:00:16, memory = 10976.14 (MB).
[INFO DRT-0199]   Number of violations = 102.
Viol/Layer      Metal2
Metal Spacing      100
Short                2
[INFO DRT-0267] cpu time = 00:02:55, elapsed time = 00:00:16, memory = 10976.14 (MB), peak = 12434.77 (MB)
Total wire length = 332769 um.
Total wire length on LAYER Metal1 = 0 um.
Total wire length on LAYER Metal2 = 94653 um.
Total wire length on LAYER Metal3 = 141539 um.
Total wire length on LAYER Metal4 = 52114 um.
Total wire length on LAYER Metal5 = 44462 um.
Total number of vias = 32445.
Up-via summary (total 32445):

----------------
  Poly2        0
 Metal1    13232
 Metal2    14046
 Metal3     4278
 Metal4      889
----------------
       32445


[INFO DRT-0195] Start 9th optimization iteration.
    Completing 10% with 102 violations.
    elapsed time = 00:00:00, memory = 10976.14 (MB).
    Completing 20% with 102 violations.
    elapsed time = 00:00:00, memory = 10976.14 (MB).
    Completing 30% with 102 violations.
    elapsed time = 00:00:07, memory = 10967.70 (MB).
    Completing 40% with 102 violations.
    elapsed time = 00:00:07, memory = 10967.70 (MB).
    Completing 50% with 102 violations.
    elapsed time = 00:00:07, memory = 10967.70 (MB).
    Completing 60% with 102 violations.
    elapsed time = 00:00:11, memory = 10967.70 (MB).
    Completing 70% with 102 violations.
    elapsed time = 00:00:11, memory = 10967.70 (MB).
    Completing 80% with 102 violations.
    elapsed time = 00:00:17, memory = 10964.30 (MB).
    Completing 90% with 102 violations.
    elapsed time = 00:00:17, memory = 10964.30 (MB).
    Completing 100% with 102 violations.
    elapsed time = 00:00:22, memory = 10924.12 (MB).
[INFO DRT-0199]   Number of violations = 102.
Viol/Layer      Metal2
Metal Spacing      100
Short                2
[INFO DRT-0267] cpu time = 00:03:04, elapsed time = 00:00:22, memory = 10924.12 (MB), peak = 12434.77 (MB)
Total wire length = 332766 um.
Total wire length on LAYER Metal1 = 0 um.
Total wire length on LAYER Metal2 = 94689 um.
Total wire length on LAYER Metal3 = 141530 um.
Total wire length on LAYER Metal4 = 52084 um.
Total wire length on LAYER Metal5 = 44462 um.
Total number of vias = 32440.
Up-via summary (total 32440):

----------------
  Poly2        0
 Metal1    13232
 Metal2    14046
 Metal3     4274
 Metal4      888
----------------
       32440


[INFO DRT-0195] Start 10th optimization iteration.
    Completing 10% with 102 violations.
    elapsed time = 00:00:00, memory = 10924.12 (MB).
    Completing 20% with 102 violations.
    elapsed time = 00:00:00, memory = 10924.12 (MB).
    Completing 30% with 101 violations.
    elapsed time = 00:00:06, memory = 10926.81 (MB).
    Completing 40% with 101 violations.
    elapsed time = 00:00:06, memory = 10926.81 (MB).
    Completing 50% with 101 violations.
    elapsed time = 00:00:08, memory = 10941.45 (MB).
    Completing 60% with 101 violations.
    elapsed time = 00:00:08, memory = 10941.45 (MB).
    Completing 70% with 101 violations.
    elapsed time = 00:00:08, memory = 10941.45 (MB).
    Completing 80% with 101 violations.
    elapsed time = 00:00:15, memory = 10941.45 (MB).
    Completing 90% with 101 violations.
    elapsed time = 00:00:15, memory = 10941.45 (MB).
    Completing 100% with 101 violations.
    elapsed time = 00:00:16, memory = 10941.45 (MB).
[INFO DRT-0199]   Number of violations = 101.
Viol/Layer      Metal2
Metal Spacing       99
Short                2
[INFO DRT-0267] cpu time = 00:03:06, elapsed time = 00:00:16, memory = 10941.45 (MB), peak = 12434.77 (MB)
Total wire length = 332766 um.
Total wire length on LAYER Metal1 = 0 um.
Total wire length on LAYER Metal2 = 94674 um.
Total wire length on LAYER Metal3 = 141533 um.
Total wire length on LAYER Metal4 = 52097 um.
Total wire length on LAYER Metal5 = 44461 um.
Total number of vias = 32440.
Up-via summary (total 32440):

----------------
  Poly2        0
 Metal1    13232
 Metal2    14046
 Metal3     4274
 Metal4      888
----------------
       32440


[INFO DRT-0195] Start 11th optimization iteration.
    Completing 10% with 101 violations.
    elapsed time = 00:00:00, memory = 10941.45 (MB).
    Completing 20% with 101 violations.
    elapsed time = 00:00:00, memory = 10941.45 (MB).
    Completing 30% with 101 violations.
    elapsed time = 00:00:04, memory = 10950.09 (MB).
    Completing 40% with 101 violations.
    elapsed time = 00:00:04, memory = 10950.09 (MB).
    Completing 50% with 101 violations.
    elapsed time = 00:00:11, memory = 10950.09 (MB).
    Completing 60% with 101 violations.
    elapsed time = 00:00:11, memory = 10950.09 (MB).
    Completing 70% with 101 violations.
    elapsed time = 00:00:11, memory = 10950.09 (MB).
    Completing 80% with 100 violations.
    elapsed time = 00:00:13, memory = 10955.72 (MB).
    Completing 90% with 100 violations.
    elapsed time = 00:00:13, memory = 10955.72 (MB).
    Completing 100% with 100 violations.
    elapsed time = 00:00:16, memory = 10961.09 (MB).
[INFO DRT-0199]   Number of violations = 100.
Viol/Layer      Metal2
Metal Spacing       98
Short                2
[INFO DRT-0267] cpu time = 00:03:10, elapsed time = 00:00:16, memory = 10961.09 (MB), peak = 12434.77 (MB)
Total wire length = 332757 um.
Total wire length on LAYER Metal1 = 0 um.
Total wire length on LAYER Metal2 = 94669 um.
Total wire length on LAYER Metal3 = 141530 um.
Total wire length on LAYER Metal4 = 52095 um.
Total wire length on LAYER Metal5 = 44462 um.
Total number of vias = 32439.
Up-via summary (total 32439):

----------------
  Poly2        0
 Metal1    13232
 Metal2    14046
 Metal3     4273
 Metal4      888
----------------
       32439


[INFO DRT-0195] Start 12th guides tiles iteration.
    Completing 10% with 100 violations.
    elapsed time = 00:00:00, memory = 10965.63 (MB).
    Completing 20% with 100 violations.
    elapsed time = 00:00:00, memory = 10965.63 (MB).
    Completing 30% with 100 violations.
    elapsed time = 00:00:00, memory = 10966.41 (MB).
    Completing 40% with 100 violations.
    elapsed time = 00:00:03, memory = 10966.41 (MB).
    Completing 50% with 100 violations.
    elapsed time = 00:00:03, memory = 10966.41 (MB).
    Completing 60% with 100 violations.
    elapsed time = 00:00:03, memory = 10966.41 (MB).
    Completing 70% with 100 violations.
    elapsed time = 00:00:03, memory = 11012.61 (MB).
    Completing 80% with 100 violations.
    elapsed time = 00:00:03, memory = 11020.24 (MB).
    Completing 90% with 100 violations.
    elapsed time = 00:00:11, memory = 10966.41 (MB).
    Completing 100% with 100 violations.
    elapsed time = 00:00:11, memory = 10966.41 (MB).
[INFO DRT-0199]   Number of violations = 100.
Viol/Layer      Metal2
Metal Spacing       98
Short                2
[INFO DRT-0267] cpu time = 00:01:58, elapsed time = 00:00:11, memory = 10966.41 (MB), peak = 12434.77 (MB)
Total wire length = 332754 um.
Total wire length on LAYER Metal1 = 0 um.
Total wire length on LAYER Metal2 = 94610 um.
Total wire length on LAYER Metal3 = 141532 um.
Total wire length on LAYER Metal4 = 52150 um.
Total wire length on LAYER Metal5 = 44462 um.
Total number of vias = 32439.
Up-via summary (total 32439):

----------------
  Poly2        0
 Metal1    13232
 Metal2    14044
 Metal3     4274
 Metal4      889
----------------
       32439


[INFO DRT-0195] Start 13th stubborn tiles iteration.
    Completing 10% with 100 violations.
    elapsed time = 00:00:00, memory = 11076.42 (MB).
    Completing 20% with 100 violations.
    elapsed time = 00:00:01, memory = 11248.45 (MB).
    Completing 30% with 100 violations.
    elapsed time = 00:00:02, memory = 11297.95 (MB).
    Completing 40% with 100 violations.
    elapsed time = 00:00:03, memory = 11299.82 (MB).
    Completing 50% with 100 violations.
    elapsed time = 00:00:06, memory = 11286.20 (MB).
    Completing 60% with 99 violations.
    elapsed time = 00:00:10, memory = 11286.20 (MB).
    Completing 70% with 99 violations.
    elapsed time = 00:00:10, memory = 11305.04 (MB).
    Completing 80% with 99 violations.
    elapsed time = 00:00:13, memory = 11308.07 (MB).
    Completing 90% with 99 violations.
    elapsed time = 00:00:14, memory = 11395.75 (MB).
    Completing 100% with 99 violations.
    elapsed time = 00:00:18, memory = 11401.97 (MB).
[INFO DRT-0199]   Number of violations = 99.
Viol/Layer      Metal2
Metal Spacing       97
Short                2
[INFO DRT-0267] cpu time = 00:19:52, elapsed time = 00:00:18, memory = 11401.97 (MB), peak = 12434.77 (MB)
Total wire length = 332739 um.
Total wire length on LAYER Metal1 = 0 um.
Total wire length on LAYER Metal2 = 94607 um.
Total wire length on LAYER Metal3 = 141530 um.
Total wire length on LAYER Metal4 = 52139 um.
Total wire length on LAYER Metal5 = 44462 um.
Total number of vias = 32441.
Up-via summary (total 32441):

----------------
  Poly2        0
 Metal1    13232
 Metal2    14044
 Metal3     4276
 Metal4      889
----------------
       32441


[INFO DRT-0195] Start 14th guides tiles iteration.
    Completing 10% with 99 violations.
    elapsed time = 00:00:00, memory = 11401.97 (MB).
    Completing 20% with 99 violations.
    elapsed time = 00:00:00, memory = 11401.97 (MB).
    Completing 30% with 99 violations.
    elapsed time = 00:00:00, memory = 11401.97 (MB).
    Completing 40% with 99 violations.
    elapsed time = 00:00:02, memory = 11401.97 (MB).
    Completing 50% with 99 violations.
    elapsed time = 00:00:02, memory = 11401.97 (MB).
    Completing 60% with 99 violations.
    elapsed time = 00:00:02, memory = 11407.41 (MB).
    Completing 70% with 99 violations.
    elapsed time = 00:00:02, memory = 11445.81 (MB).
    Completing 80% with 99 violations.
    elapsed time = 00:00:11, memory = 11401.97 (MB).
    Completing 90% with 99 violations.
    elapsed time = 00:00:11, memory = 11401.97 (MB).
    Completing 100% with 99 violations.
    elapsed time = 00:00:11, memory = 11401.97 (MB).
[INFO DRT-0199]   Number of violations = 99.
Viol/Layer      Metal2
Metal Spacing       97
Short                2
[INFO DRT-0267] cpu time = 00:01:47, elapsed time = 00:00:11, memory = 11401.97 (MB), peak = 12434.77 (MB)
Total wire length = 332749 um.
Total wire length on LAYER Metal1 = 0 um.
Total wire length on LAYER Metal2 = 94590 um.
Total wire length on LAYER Metal3 = 141531 um.
Total wire length on LAYER Metal4 = 52165 um.
Total wire length on LAYER Metal5 = 44462 um.
Total number of vias = 32443.
Up-via summary (total 32443):

----------------
  Poly2        0
 Metal1    13232
 Metal2    14044
 Metal3     4278
 Metal4      889
----------------
       32443


[INFO DRT-0195] Start 15th guides tiles iteration.
    Completing 10% with 99 violations.
    elapsed time = 00:00:00, memory = 11401.97 (MB).
    Completing 20% with 99 violations.
    elapsed time = 00:00:00, memory = 11401.97 (MB).
    Completing 30% with 99 violations.
    elapsed time = 00:00:00, memory = 11401.97 (MB).
    Completing 40% with 99 violations.
    elapsed time = 00:00:02, memory = 11401.97 (MB).
    Completing 50% with 99 violations.
    elapsed time = 00:00:02, memory = 11401.97 (MB).
    Completing 60% with 99 violations.
    elapsed time = 00:00:02, memory = 11401.97 (MB).
    Completing 70% with 99 violations.
    elapsed time = 00:00:02, memory = 11446.61 (MB).
    Completing 80% with 99 violations.
    elapsed time = 00:00:03, memory = 11455.92 (MB).
    Completing 90% with 99 violations.
    elapsed time = 00:00:11, memory = 11401.97 (MB).
    Completing 100% with 99 violations.
    elapsed time = 00:00:11, memory = 11401.97 (MB).
[INFO DRT-0199]   Number of violations = 99.
Viol/Layer      Metal2
Metal Spacing       97
Short                2
[INFO DRT-0267] cpu time = 00:01:51, elapsed time = 00:00:11, memory = 11401.97 (MB), peak = 12434.77 (MB)
Total wire length = 332745 um.
Total wire length on LAYER Metal1 = 0 um.
Total wire length on LAYER Metal2 = 94600 um.
Total wire length on LAYER Metal3 = 141531 um.
Total wire length on LAYER Metal4 = 52150 um.
Total wire length on LAYER Metal5 = 44462 um.
Total number of vias = 32441.
Up-via summary (total 32441):

----------------
  Poly2        0
 Metal1    13232
 Metal2    14044
 Metal3     4276
 Metal4      889
----------------
       32441


[INFO DRT-0195] Start 16th stubborn tiles iteration.
    Completing 10% with 99 violations.
    elapsed time = 00:00:00, memory = 11401.97 (MB).
    Completing 20% with 99 violations.
    elapsed time = 00:00:01, memory = 11416.75 (MB).
    Completing 30% with 99 violations.
    elapsed time = 00:00:02, memory = 11452.12 (MB).
    Completing 40% with 99 violations.
    elapsed time = 00:00:03, memory = 11468.47 (MB).
    Completing 50% with 99 violations.
    elapsed time = 00:00:06, memory = 11456.77 (MB).
    Completing 60% with 99 violations.
    elapsed time = 00:00:08, memory = 11424.06 (MB).
    Completing 70% with 99 violations.
    elapsed time = 00:00:08, memory = 11446.22 (MB).
    Completing 80% with 99 violations.
    elapsed time = 00:00:11, memory = 11446.67 (MB).
    Completing 90% with 99 violations.
    elapsed time = 00:00:12, memory = 11497.23 (MB).
    Completing 100% with 99 violations.
    elapsed time = 00:00:16, memory = 11457.58 (MB).
[INFO DRT-0199]   Number of violations = 99.
Viol/Layer      Metal2
Metal Spacing       97
Short                2
[INFO DRT-0267] cpu time = 00:20:03, elapsed time = 00:00:16, memory = 11457.58 (MB), peak = 12434.77 (MB)
Total wire length = 332745 um.
Total wire length on LAYER Metal1 = 0 um.
Total wire length on LAYER Metal2 = 94583 um.
Total wire length on LAYER Metal3 = 141533 um.
Total wire length on LAYER Metal4 = 52165 um.
Total wire length on LAYER Metal5 = 44462 um.
Total number of vias = 32441.
Up-via summary (total 32441):

----------------
  Poly2        0
 Metal1    13232
 Metal2    14044
 Metal3     4276
 Metal4      889
----------------
       32441


[INFO DRT-0195] Start 17th optimization iteration.
    Completing 10% with 99 violations.
    elapsed time = 00:00:00, memory = 11457.58 (MB).
    Completing 20% with 99 violations.
    elapsed time = 00:00:00, memory = 11457.58 (MB).
    Completing 30% with 103 violations.
    elapsed time = 00:00:03, memory = 11457.58 (MB).
    Completing 40% with 103 violations.
    elapsed time = 00:00:03, memory = 11457.58 (MB).
    Completing 50% with 103 violations.
    elapsed time = 00:00:06, memory = 11457.58 (MB).
    Completing 60% with 105 violations.
    elapsed time = 00:00:06, memory = 11457.58 (MB).
    Completing 70% with 105 violations.
    elapsed time = 00:00:06, memory = 11457.58 (MB).
    Completing 80% with 148 violations.
    elapsed time = 00:00:09, memory = 11457.58 (MB).
    Completing 90% with 148 violations.
    elapsed time = 00:00:09, memory = 11457.58 (MB).
    Completing 100% with 147 violations.
    elapsed time = 00:00:13, memory = 11457.59 (MB).
[INFO DRT-0199]   Number of violations = 147.
Viol/Layer      Metal2 Metal3 Metal4
Metal Spacing      119      3      0
Short                9     13      3
[INFO DRT-0267] cpu time = 00:03:16, elapsed time = 00:00:13, memory = 11457.59 (MB), peak = 12434.77 (MB)
Total wire length = 332576 um.
Total wire length on LAYER Metal1 = 0 um.
Total wire length on LAYER Metal2 = 94575 um.
Total wire length on LAYER Metal3 = 141606 um.
Total wire length on LAYER Metal4 = 51986 um.
Total wire length on LAYER Metal5 = 44408 um.
Total number of vias = 32240.
Up-via summary (total 32240):

----------------
  Poly2        0
 Metal1    13231
 Metal2    14007
 Metal3     4153
 Metal4      849
----------------
       32240


[INFO DRT-0195] Start 18th optimization iteration.
    Completing 10% with 147 violations.
    elapsed time = 00:00:00, memory = 11457.59 (MB).
    Completing 20% with 147 violations.
    elapsed time = 00:00:00, memory = 11708.68 (MB).
    Completing 30% with 147 violations.
    elapsed time = 00:00:49, memory = 11457.59 (MB).
    Completing 40% with 120 violations.
    elapsed time = 00:00:49, memory = 11457.59 (MB).
    Completing 50% with 120 violations.
    elapsed time = 00:00:49, memory = 11457.59 (MB).
    Completing 60% with 120 violations.
    elapsed time = 00:00:49, memory = 11457.59 (MB).
    Completing 70% with 120 violations.
    elapsed time = 00:00:51, memory = 11665.82 (MB).
    Completing 80% with 120 violations.
    elapsed time = 00:01:09, memory = 11470.71 (MB).
    Completing 90% with 118 violations.
    elapsed time = 00:01:09, memory = 11470.71 (MB).
    Completing 100% with 118 violations.
    elapsed time = 00:01:09, memory = 11470.71 (MB).
[INFO DRT-0199]   Number of violations = 118.
Viol/Layer      Metal2
Metal Spacing      115
Short                3
[INFO DRT-0267] cpu time = 00:03:06, elapsed time = 00:01:09, memory = 11470.71 (MB), peak = 12434.77 (MB)
Total wire length = 332529 um.
Total wire length on LAYER Metal1 = 0 um.
Total wire length on LAYER Metal2 = 94353 um.
Total wire length on LAYER Metal3 = 141490 um.
Total wire length on LAYER Metal4 = 52105 um.
Total wire length on LAYER Metal5 = 44579 um.
Total number of vias = 32230.
Up-via summary (total 32230):

----------------
  Poly2        0
 Metal1    13230
 Metal2    13997
 Metal3     4154
 Metal4      849
----------------
       32230


[INFO DRT-0195] Start 19th optimization iteration.
    Completing 10% with 118 violations.
    elapsed time = 00:00:00, memory = 11470.71 (MB).
    Completing 20% with 118 violations.
    elapsed time = 00:00:00, memory = 11470.71 (MB).
    Completing 30% with 118 violations.
    elapsed time = 00:00:47, memory = 11470.71 (MB).
    Completing 40% with 118 violations.
    elapsed time = 00:00:47, memory = 11470.71 (MB).
    Completing 50% with 118 violations.
    elapsed time = 00:00:47, memory = 11470.71 (MB).
    Completing 60% with 118 violations.
    elapsed time = 00:00:47, memory = 11470.71 (MB).
    Completing 70% with 118 violations.
    elapsed time = 00:00:50, memory = 11697.02 (MB).
    Completing 80% with 118 violations.
    elapsed time = 00:01:11, memory = 11470.71 (MB).
    Completing 90% with 118 violations.
    elapsed time = 00:01:11, memory = 11470.71 (MB).
    Completing 100% with 118 violations.
    elapsed time = 00:01:11, memory = 11470.71 (MB).
[INFO DRT-0199]   Number of violations = 118.
Viol/Layer      Metal2
Metal Spacing      115
Short                3
[INFO DRT-0267] cpu time = 00:03:22, elapsed time = 00:01:11, memory = 11470.71 (MB), peak = 12434.77 (MB)
Total wire length = 332530 um.
Total wire length on LAYER Metal1 = 0 um.
Total wire length on LAYER Metal2 = 94356 um.
Total wire length on LAYER Metal3 = 141489 um.
Total wire length on LAYER Metal4 = 52105 um.
Total wire length on LAYER Metal5 = 44579 um.
Total number of vias = 32229.
Up-via summary (total 32229):

----------------
  Poly2        0
 Metal1    13230
 Metal2    13997
 Metal3     4153
 Metal4      849
----------------
       32229


[INFO DRT-0195] Start 20th optimization iteration.
    Completing 10% with 118 violations.
    elapsed time = 00:00:00, memory = 11470.71 (MB).
    Completing 20% with 118 violations.
    elapsed time = 00:00:00, memory = 11470.71 (MB).
    Completing 30% with 118 violations.
    elapsed time = 00:00:51, memory = 11472.76 (MB).
    Completing 40% with 118 violations.
    elapsed time = 00:00:51, memory = 11472.76 (MB).
    Completing 50% with 118 violations.
    elapsed time = 00:00:51, memory = 11472.76 (MB).
    Completing 60% with 118 violations.
    elapsed time = 00:00:51, memory = 11472.76 (MB).
    Completing 70% with 118 violations.
    elapsed time = 00:00:53, memory = 11716.98 (MB).
    Completing 80% with 117 violations.
    elapsed time = 00:01:24, memory = 11486.02 (MB).
    Completing 90% with 117 violations.
    elapsed time = 00:01:24, memory = 11486.02 (MB).
    Completing 100% with 117 violations.
    elapsed time = 00:01:24, memory = 11486.02 (MB).
[INFO DRT-0199]   Number of violations = 117.
Viol/Layer      Metal2
Metal Spacing      114
Short                3
[INFO DRT-0267] cpu time = 00:03:39, elapsed time = 00:01:24, memory = 11486.02 (MB), peak = 12434.77 (MB)
Total wire length = 332542 um.
Total wire length on LAYER Metal1 = 0 um.
Total wire length on LAYER Metal2 = 94355 um.
Total wire length on LAYER Metal3 = 141501 um.
Total wire length on LAYER Metal4 = 52105 um.
Total wire length on LAYER Metal5 = 44579 um.
Total number of vias = 32230.
Up-via summary (total 32230):

----------------
  Poly2        0
 Metal1    13230
 Metal2    13997
 Metal3     4154
 Metal4      849
----------------
       32230


[INFO DRT-0195] Start 21st optimization iteration.
    Completing 10% with 117 violations.
    elapsed time = 00:00:00, memory = 11486.02 (MB).
    Completing 20% with 117 violations.
    elapsed time = 00:00:00, memory = 11486.02 (MB).
    Completing 30% with 117 violations.
    elapsed time = 00:00:47, memory = 11489.03 (MB).
    Completing 40% with 117 violations.
    elapsed time = 00:00:47, memory = 11489.03 (MB).
    Completing 50% with 117 violations.
    elapsed time = 00:00:47, memory = 11489.03 (MB).
    Completing 60% with 117 violations.
    elapsed time = 00:00:48, memory = 11489.03 (MB).
    Completing 70% with 117 violations.
    elapsed time = 00:00:50, memory = 11746.89 (MB).
    Completing 80% with 112 violations.
    elapsed time = 00:01:24, memory = 11496.11 (MB).
    Completing 90% with 112 violations.
    elapsed time = 00:01:24, memory = 11496.11 (MB).
    Completing 100% with 111 violations.
    elapsed time = 00:01:24, memory = 11496.11 (MB).
[INFO DRT-0199]   Number of violations = 111.
Viol/Layer      Metal2
Metal Spacing      108
Short                3
[INFO DRT-0267] cpu time = 00:04:12, elapsed time = 00:01:24, memory = 11496.11 (MB), peak = 12434.77 (MB)
Total wire length = 332534 um.
Total wire length on LAYER Metal1 = 0 um.
Total wire length on LAYER Metal2 = 94339 um.
Total wire length on LAYER Metal3 = 141502 um.
Total wire length on LAYER Metal4 = 52112 um.
Total wire length on LAYER Metal5 = 44579 um.
Total number of vias = 32226.
Up-via summary (total 32226):

----------------
  Poly2        0
 Metal1    13230
 Metal2    13995
 Metal3     4152
 Metal4      849
----------------
       32226


[INFO DRT-0195] Start 22nd optimization iteration.
    Completing 10% with 111 violations.
    elapsed time = 00:00:00, memory = 11496.11 (MB).
    Completing 20% with 111 violations.
    elapsed time = 00:00:00, memory = 11496.11 (MB).
    Completing 30% with 110 violations.
    elapsed time = 00:00:10, memory = 11499.62 (MB).
    Completing 40% with 110 violations.
    elapsed time = 00:00:10, memory = 11499.62 (MB).
    Completing 50% with 110 violations.
    elapsed time = 00:00:10, memory = 11499.62 (MB).
    Completing 60% with 107 violations.
    elapsed time = 00:00:13, memory = 11509.62 (MB).
    Completing 70% with 107 violations.
    elapsed time = 00:00:17, memory = 11817.77 (MB).
    Completing 80% with 107 violations.
    elapsed time = 00:01:35, memory = 11540.41 (MB).
    Completing 90% with 107 violations.
    elapsed time = 00:01:35, memory = 11540.41 (MB).
    Completing 100% with 107 violations.
    elapsed time = 00:01:45, memory = 11547.99 (MB).
[INFO DRT-0199]   Number of violations = 107.
Viol/Layer      Metal2
Metal Spacing      104
Short                3
[INFO DRT-0267] cpu time = 00:04:48, elapsed time = 00:01:45, memory = 11547.99 (MB), peak = 12434.77 (MB)
Total wire length = 332523 um.
Total wire length on LAYER Metal1 = 0 um.
Total wire length on LAYER Metal2 = 94353 um.
Total wire length on LAYER Metal3 = 141493 um.
Total wire length on LAYER Metal4 = 52097 um.
Total wire length on LAYER Metal5 = 44579 um.
Total number of vias = 32219.
Up-via summary (total 32219):

----------------
  Poly2        0
 Metal1    13231
 Metal2    13989
 Metal3     4150
 Metal4      849
----------------
       32219


[INFO DRT-0195] Start 23rd optimization iteration.
    Completing 10% with 107 violations.
    elapsed time = 00:00:00, memory = 11547.99 (MB).
    Completing 20% with 107 violations.
    elapsed time = 00:00:00, memory = 11547.99 (MB).
    Completing 30% with 107 violations.
    elapsed time = 00:00:24, memory = 11550.91 (MB).
    Completing 40% with 107 violations.
    elapsed time = 00:00:24, memory = 11550.91 (MB).
    Completing 50% with 107 violations.
    elapsed time = 00:00:24, memory = 11550.91 (MB).
    Completing 60% with 107 violations.
    elapsed time = 00:00:53, memory = 11550.91 (MB).
    Completing 70% with 107 violations.
    elapsed time = 00:00:57, memory = 11834.51 (MB).
    Completing 80% with 107 violations.
    elapsed time = 00:01:43, memory = 11556.09 (MB).
    Completing 90% with 107 violations.
    elapsed time = 00:01:43, memory = 11556.09 (MB).
    Completing 100% with 107 violations.
    elapsed time = 00:01:55, memory = 11558.00 (MB).
[INFO DRT-0199]   Number of violations = 107.
Viol/Layer      Metal2
Metal Spacing      104
Short                3
[INFO DRT-0267] cpu time = 00:05:10, elapsed time = 00:01:55, memory = 11558.00 (MB), peak = 12434.77 (MB)
Total wire length = 332526 um.
Total wire length on LAYER Metal1 = 0 um.
Total wire length on LAYER Metal2 = 94357 um.
Total wire length on LAYER Metal3 = 141493 um.
Total wire length on LAYER Metal4 = 52097 um.
Total wire length on LAYER Metal5 = 44579 um.
Total number of vias = 32216.
Up-via summary (total 32216):

----------------
  Poly2        0
 Metal1    13231
 Metal2    13989
 Metal3     4147
 Metal4      849
----------------
       32216


[INFO DRT-0195] Start 24th optimization iteration.
    Completing 10% with 107 violations.
    elapsed time = 00:00:00, memory = 11558.00 (MB).
    Completing 20% with 107 violations.
    elapsed time = 00:00:00, memory = 11558.00 (MB).
    Completing 30% with 107 violations.
    elapsed time = 00:00:08, memory = 11559.12 (MB).
    Completing 40% with 107 violations.
    elapsed time = 00:00:08, memory = 11559.12 (MB).
    Completing 50% with 107 violations.
    elapsed time = 00:00:08, memory = 11559.12 (MB).
    Completing 60% with 107 violations.
    elapsed time = 00:00:12, memory = 11561.94 (MB).
    Completing 70% with 107 violations.
    elapsed time = 00:00:15, memory = 11841.51 (MB).
    Completing 80% with 107 violations.
    elapsed time = 00:00:55, memory = 11571.37 (MB).
    Completing 90% with 107 violations.
    elapsed time = 00:00:55, memory = 11571.37 (MB).
    Completing 100% with 107 violations.
    elapsed time = 00:01:13, memory = 11587.18 (MB).
[INFO DRT-0199]   Number of violations = 107.
Viol/Layer      Metal2
Metal Spacing      104
Short                3
[INFO DRT-0267] cpu time = 00:04:13, elapsed time = 00:01:13, memory = 11587.18 (MB), peak = 12434.77 (MB)
Total wire length = 332547 um.
Total wire length on LAYER Metal1 = 0 um.
Total wire length on LAYER Metal2 = 94339 um.
Total wire length on LAYER Metal3 = 141490 um.
Total wire length on LAYER Metal4 = 52137 um.
Total wire length on LAYER Metal5 = 44579 um.
Total number of vias = 32217.
Up-via summary (total 32217):

----------------
  Poly2        0
 Metal1    13232
 Metal2    13987
 Metal3     4149
 Metal4      849
----------------
       32217


[INFO DRT-0195] Start 25th optimization iteration.
    Completing 10% with 107 violations.
    elapsed time = 00:00:00, memory = 11587.18 (MB).
    Completing 20% with 107 violations.
    elapsed time = 00:00:00, memory = 11587.18 (MB).
    Completing 30% with 107 violations.
    elapsed time = 00:00:01, memory = 11587.18 (MB).
    Completing 40% with 107 violations.
    elapsed time = 00:00:01, memory = 11587.18 (MB).
    Completing 50% with 107 violations.
    elapsed time = 00:00:02, memory = 11587.18 (MB).
    Completing 60% with 110 violations.
    elapsed time = 00:00:02, memory = 11587.18 (MB).
    Completing 70% with 110 violations.
    elapsed time = 00:00:02, memory = 11587.18 (MB).
    Completing 80% with 110 violations.
    elapsed time = 00:00:04, memory = 11587.18 (MB).
    Completing 90% with 110 violations.
    elapsed time = 00:00:04, memory = 11587.18 (MB).
    Completing 100% with 111 violations.
    elapsed time = 00:00:05, memory = 11587.18 (MB).
[INFO DRT-0199]   Number of violations = 111.
Viol/Layer      Metal2
Metal Spacing      108
Short                3
[INFO DRT-0267] cpu time = 00:02:47, elapsed time = 00:00:05, memory = 11587.18 (MB), peak = 12434.77 (MB)
Total wire length = 332543 um.
Total wire length on LAYER Metal1 = 0 um.
Total wire length on LAYER Metal2 = 94289 um.
Total wire length on LAYER Metal3 = 141419 um.
Total wire length on LAYER Metal4 = 52242 um.
Total wire length on LAYER Metal5 = 44591 um.
Total number of vias = 32227.
Up-via summary (total 32227):

----------------
  Poly2        0
 Metal1    13230
 Metal2    14031
 Metal3     4116
 Metal4      850
----------------
       32227


[INFO DRT-0195] Start 26th optimization iteration.
    Completing 10% with 111 violations.
    elapsed time = 00:00:00, memory = 11587.18 (MB).
    Completing 20% with 111 violations.
    elapsed time = 00:00:04, memory = 11797.41 (MB).
    Completing 30% with 111 violations.
    elapsed time = 00:00:32, memory = 11590.18 (MB).
    Completing 40% with 111 violations.
    elapsed time = 00:00:32, memory = 11590.18 (MB).
    Completing 50% with 111 violations.
    elapsed time = 00:01:04, memory = 11596.23 (MB).
    Completing 60% with 111 violations.
    elapsed time = 00:01:04, memory = 11596.23 (MB).
    Completing 70% with 111 violations.
    elapsed time = 00:01:04, memory = 11596.23 (MB).
    Completing 80% with 111 violations.
    elapsed time = 00:01:12, memory = 11597.13 (MB).
    Completing 90% with 109 violations.
    elapsed time = 00:01:12, memory = 11597.13 (MB).
    Completing 100% with 109 violations.
    elapsed time = 00:01:12, memory = 11597.13 (MB).
[INFO DRT-0199]   Number of violations = 109.
Viol/Layer      Metal2
Metal Spacing      106
Short                3
[INFO DRT-0267] cpu time = 00:03:45, elapsed time = 00:01:12, memory = 11597.13 (MB), peak = 12434.77 (MB)
Total wire length = 332506 um.
Total wire length on LAYER Metal1 = 0 um.
Total wire length on LAYER Metal2 = 94306 um.
Total wire length on LAYER Metal3 = 141429 um.
Total wire length on LAYER Metal4 = 52178 um.
Total wire length on LAYER Metal5 = 44591 um.
Total number of vias = 32221.
Up-via summary (total 32221):

----------------
  Poly2        0
 Metal1    13229
 Metal2    14030
 Metal3     4112
 Metal4      850
----------------
       32221


[INFO DRT-0195] Start 27th optimization iteration.
    Completing 10% with 109 violations.
    elapsed time = 00:00:00, memory = 11597.13 (MB).
    Completing 20% with 109 violations.
    elapsed time = 00:00:00, memory = 11812.14 (MB).
    Completing 30% with 109 violations.
    elapsed time = 00:00:06, memory = 11597.14 (MB).
    Completing 40% with 109 violations.
    elapsed time = 00:00:06, memory = 11597.14 (MB).
    Completing 50% with 109 violations.
    elapsed time = 00:00:40, memory = 11597.14 (MB).
    Completing 60% with 109 violations.
    elapsed time = 00:00:40, memory = 11597.14 (MB).
    Completing 70% with 109 violations.
    elapsed time = 00:00:41, memory = 11722.91 (MB).
    Completing 80% with 109 violations.
    elapsed time = 00:00:56, memory = 11597.14 (MB).
    Completing 90% with 109 violations.
    elapsed time = 00:00:56, memory = 11597.14 (MB).
    Completing 100% with 109 violations.
    elapsed time = 00:00:56, memory = 11597.14 (MB).
[INFO DRT-0199]   Number of violations = 109.
Viol/Layer      Metal2
Metal Spacing      106
Short                3
[INFO DRT-0267] cpu time = 00:03:22, elapsed time = 00:00:56, memory = 11597.14 (MB), peak = 12434.77 (MB)
Total wire length = 332506 um.
Total wire length on LAYER Metal1 = 0 um.
Total wire length on LAYER Metal2 = 94290 um.
Total wire length on LAYER Metal3 = 141429 um.
Total wire length on LAYER Metal4 = 52194 um.
Total wire length on LAYER Metal5 = 44591 um.
Total number of vias = 32223.
Up-via summary (total 32223):

----------------
  Poly2        0
 Metal1    13229
 Metal2    14030
 Metal3     4114
 Metal4      850
----------------
       32223


[INFO DRT-0195] Start 28th optimization iteration.
    Completing 10% with 109 violations.
    elapsed time = 00:00:00, memory = 11597.14 (MB).
    Completing 20% with 109 violations.
    elapsed time = 00:00:00, memory = 11597.14 (MB).
    Completing 30% with 109 violations.
    elapsed time = 00:00:11, memory = 11597.14 (MB).
    Completing 40% with 109 violations.
    elapsed time = 00:00:11, memory = 11597.14 (MB).
    Completing 50% with 109 violations.
    elapsed time = 00:00:35, memory = 11597.14 (MB).
    Completing 60% with 109 violations.
    elapsed time = 00:00:35, memory = 11597.14 (MB).
    Completing 70% with 109 violations.
    elapsed time = 00:00:37, memory = 11818.20 (MB).
    Completing 80% with 109 violations.
    elapsed time = 00:00:54, memory = 11598.62 (MB).
    Completing 90% with 108 violations.
    elapsed time = 00:00:54, memory = 11598.62 (MB).
    Completing 100% with 108 violations.
    elapsed time = 00:00:54, memory = 11598.62 (MB).
[INFO DRT-0199]   Number of violations = 108.
Viol/Layer      Metal2
Metal Spacing      105
Short                3
[INFO DRT-0267] cpu time = 00:03:20, elapsed time = 00:00:54, memory = 11598.62 (MB), peak = 12434.77 (MB)
Total wire length = 332504 um.
Total wire length on LAYER Metal1 = 0 um.
Total wire length on LAYER Metal2 = 94287 um.
Total wire length on LAYER Metal3 = 141431 um.
Total wire length on LAYER Metal4 = 52192 um.
Total wire length on LAYER Metal5 = 44591 um.
Total number of vias = 32222.
Up-via summary (total 32222):

----------------
  Poly2        0
 Metal1    13229
 Metal2    14031
 Metal3     4112
 Metal4      850
----------------
       32222


[INFO DRT-0195] Start 29th optimization iteration.
    Completing 10% with 108 violations.
    elapsed time = 00:00:00, memory = 11598.62 (MB).
    Completing 20% with 108 violations.
    elapsed time = 00:00:00, memory = 11598.62 (MB).
    Completing 30% with 108 violations.
    elapsed time = 00:01:39, memory = 11609.02 (MB).
    Completing 40% with 108 violations.
    elapsed time = 00:01:39, memory = 11609.02 (MB).
    Completing 50% with 108 violations.
    elapsed time = 00:01:39, memory = 11609.02 (MB).
    Completing 60% with 108 violations.
    elapsed time = 00:01:39, memory = 11609.02 (MB).
    Completing 70% with 108 violations.
    elapsed time = 00:01:42, memory = 11856.39 (MB).
    Completing 80% with 108 violations.
    elapsed time = 00:02:22, memory = 11609.03 (MB).
    Completing 90% with 108 violations.
    elapsed time = 00:02:22, memory = 11609.03 (MB).
    Completing 100% with 108 violations.
    elapsed time = 00:02:22, memory = 11609.03 (MB).
[INFO DRT-0199]   Number of violations = 108.
Viol/Layer      Metal2
Metal Spacing      105
Short                3
[INFO DRT-0267] cpu time = 00:05:08, elapsed time = 00:02:22, memory = 11609.03 (MB), peak = 12434.77 (MB)
Total wire length = 332504 um.
Total wire length on LAYER Metal1 = 0 um.
Total wire length on LAYER Metal2 = 94288 um.
Total wire length on LAYER Metal3 = 141431 um.
Total wire length on LAYER Metal4 = 52192 um.
Total wire length on LAYER Metal5 = 44591 um.
Total number of vias = 32222.
Up-via summary (total 32222):

----------------
  Poly2        0
 Metal1    13229
 Metal2    14031
 Metal3     4112
 Metal4      850
----------------
       32222


[INFO DRT-0195] Start 30th optimization iteration.
    Completing 10% with 108 violations.
    elapsed time = 00:00:00, memory = 11609.03 (MB).
    Completing 20% with 108 violations.
    elapsed time = 00:00:00, memory = 11609.03 (MB).
    Completing 30% with 108 violations.
    elapsed time = 00:00:51, memory = 11623.32 (MB).
    Completing 40% with 108 violations.
    elapsed time = 00:00:51, memory = 11623.32 (MB).
    Completing 50% with 108 violations.
    elapsed time = 00:00:51, memory = 11623.32 (MB).
    Completing 60% with 107 violations.
    elapsed time = 00:00:51, memory = 11623.32 (MB).
    Completing 70% with 107 violations.
    elapsed time = 00:00:56, memory = 11892.21 (MB).
    Completing 80% with 107 violations.
    elapsed time = 00:01:34, memory = 11624.68 (MB).
    Completing 90% with 107 violations.
    elapsed time = 00:01:34, memory = 11624.68 (MB).
    Completing 100% with 107 violations.
    elapsed time = 00:01:35, memory = 11624.68 (MB).
[INFO DRT-0199]   Number of violations = 107.
Viol/Layer      Metal2
Metal Spacing      104
Short                3
[INFO DRT-0267] cpu time = 00:05:52, elapsed time = 00:01:35, memory = 11624.68 (MB), peak = 12434.77 (MB)
Total wire length = 332505 um.
Total wire length on LAYER Metal1 = 0 um.
Total wire length on LAYER Metal2 = 94286 um.
Total wire length on LAYER Metal3 = 141429 um.
Total wire length on LAYER Metal4 = 52197 um.
Total wire length on LAYER Metal5 = 44591 um.
Total number of vias = 32222.
Up-via summary (total 32222):

----------------
  Poly2        0
 Metal1    13228
 Metal2    14030
 Metal3     4114
 Metal4      850
----------------
       32222


[INFO DRT-0195] Start 31st optimization iteration.
    Completing 10% with 107 violations.
    elapsed time = 00:00:00, memory = 11624.68 (MB).
    Completing 20% with 107 violations.
    elapsed time = 00:00:00, memory = 11624.68 (MB).
    Completing 30% with 106 violations.
    elapsed time = 00:00:50, memory = 11624.68 (MB).
    Completing 40% with 106 violations.
    elapsed time = 00:00:50, memory = 11624.68 (MB).
    Completing 50% with 106 violations.
    elapsed time = 00:00:50, memory = 11624.68 (MB).
    Completing 60% with 105 violations.
    elapsed time = 00:00:50, memory = 11624.68 (MB).
    Completing 70% with 105 violations.
    elapsed time = 00:00:55, memory = 11979.37 (MB).
    Completing 80% with 105 violations.
    elapsed time = 00:01:44, memory = 11626.00 (MB).
    Completing 90% with 105 violations.
    elapsed time = 00:01:44, memory = 11626.00 (MB).
    Completing 100% with 105 violations.
    elapsed time = 00:01:58, memory = 11626.00 (MB).
[INFO DRT-0199]   Number of violations = 105.
Viol/Layer      Metal2
Metal Spacing      102
Short                3
[INFO DRT-0267] cpu time = 00:06:25, elapsed time = 00:01:58, memory = 11626.00 (MB), peak = 12434.77 (MB)
Total wire length = 332512 um.
Total wire length on LAYER Metal1 = 0 um.
Total wire length on LAYER Metal2 = 94291 um.
Total wire length on LAYER Metal3 = 141431 um.
Total wire length on LAYER Metal4 = 52198 um.
Total wire length on LAYER Metal5 = 44591 um.
Total number of vias = 32222.
Up-via summary (total 32222):

----------------
  Poly2        0
 Metal1    13228
 Metal2    14030
 Metal3     4114
 Metal4      850
----------------
       32222


[INFO DRT-0195] Start 32nd optimization iteration.
    Completing 10% with 105 violations.
    elapsed time = 00:00:00, memory = 11626.00 (MB).
    Completing 20% with 105 violations.
    elapsed time = 00:00:00, memory = 11626.00 (MB).
    Completing 30% with 105 violations.
    elapsed time = 00:00:56, memory = 11626.00 (MB).
    Completing 40% with 105 violations.
    elapsed time = 00:00:56, memory = 11626.00 (MB).
    Completing 50% with 105 violations.
    elapsed time = 00:00:56, memory = 11626.00 (MB).
    Completing 60% with 105 violations.
    elapsed time = 00:01:00, memory = 11626.00 (MB).
    Completing 70% with 105 violations.
    elapsed time = 00:01:05, memory = 11990.65 (MB).
    Completing 80% with 105 violations.
    elapsed time = 00:01:58, memory = 11626.53 (MB).
    Completing 90% with 105 violations.
    elapsed time = 00:01:58, memory = 11626.53 (MB).
    Completing 100% with 105 violations.
    elapsed time = 00:02:15, memory = 11626.53 (MB).
[INFO DRT-0199]   Number of violations = 105.
Viol/Layer      Metal2
Metal Spacing      102
Short                3
[INFO DRT-0267] cpu time = 00:06:41, elapsed time = 00:02:15, memory = 11626.53 (MB), peak = 12434.77 (MB)
Total wire length = 332533 um.
Total wire length on LAYER Metal1 = 0 um.
Total wire length on LAYER Metal2 = 94265 um.
Total wire length on LAYER Metal3 = 141430 um.
Total wire length on LAYER Metal4 = 52245 um.
Total wire length on LAYER Metal5 = 44591 um.
Total number of vias = 32221.
Up-via summary (total 32221):

----------------
  Poly2        0
 Metal1    13228
 Metal2    14030
 Metal3     4113
 Metal4      850
----------------
       32221


[INFO DRT-0195] Start 33rd optimization iteration.
    Completing 10% with 105 violations.
    elapsed time = 00:00:00, memory = 11626.53 (MB).
    Completing 20% with 105 violations.
    elapsed time = 00:00:00, memory = 11626.53 (MB).
    Completing 30% with 107 violations.
    elapsed time = 00:00:00, memory = 11626.53 (MB).
    Completing 40% with 107 violations.
    elapsed time = 00:00:00, memory = 11626.53 (MB).
    Completing 50% with 107 violations.
    elapsed time = 00:00:00, memory = 11626.53 (MB).
    Completing 60% with 107 violations.
    elapsed time = 00:00:00, memory = 11626.53 (MB).
    Completing 70% with 107 violations.
    elapsed time = 00:00:00, memory = 11626.53 (MB).
    Completing 80% with 108 violations.
    elapsed time = 00:00:01, memory = 11626.53 (MB).
    Completing 90% with 108 violations.
    elapsed time = 00:00:01, memory = 11626.53 (MB).
    Completing 100% with 108 violations.
    elapsed time = 00:00:01, memory = 11626.53 (MB).
[INFO DRT-0199]   Number of violations = 108.
Viol/Layer      Metal2
Metal Spacing      104
Short                4
[INFO DRT-0267] cpu time = 00:02:51, elapsed time = 00:00:01, memory = 11626.53 (MB), peak = 12434.77 (MB)
Total wire length = 332573 um.
Total wire length on LAYER Metal1 = 0 um.
Total wire length on LAYER Metal2 = 94210 um.
Total wire length on LAYER Metal3 = 141399 um.
Total wire length on LAYER Metal4 = 52346 um.
Total wire length on LAYER Metal5 = 44616 um.
Total number of vias = 32297.
Up-via summary (total 32297):

----------------
  Poly2        0
 Metal1    13231
 Metal2    14037
 Metal3     4163
 Metal4      866
----------------
       32297


[INFO DRT-0195] Start 34th optimization iteration.
    Completing 10% with 108 violations.
    elapsed time = 00:00:00, memory = 11626.53 (MB).
    Completing 20% with 108 violations.
    elapsed time = 00:00:00, memory = 11877.83 (MB).
    Completing 30% with 108 violations.
    elapsed time = 00:01:03, memory = 11630.43 (MB).
    Completing 40% with 107 violations.
    elapsed time = 00:01:03, memory = 11630.43 (MB).
    Completing 50% with 107 violations.
    elapsed time = 00:01:03, memory = 11630.43 (MB).
    Completing 60% with 107 violations.
    elapsed time = 00:01:03, memory = 11630.43 (MB).
    Completing 70% with 107 violations.
    elapsed time = 00:01:06, memory = 11890.98 (MB).
    Completing 80% with 107 violations.
    elapsed time = 00:01:36, memory = 11634.54 (MB).
    Completing 90% with 106 violations.
    elapsed time = 00:01:36, memory = 11634.54 (MB).
    Completing 100% with 106 violations.
    elapsed time = 00:01:36, memory = 11634.54 (MB).
[INFO DRT-0199]   Number of violations = 106.
Viol/Layer      Metal2
Metal Spacing      103
Short                3
[INFO DRT-0267] cpu time = 00:04:26, elapsed time = 00:01:36, memory = 11634.54 (MB), peak = 12434.77 (MB)
Total wire length = 332573 um.
Total wire length on LAYER Metal1 = 0 um.
Total wire length on LAYER Metal2 = 94191 um.
Total wire length on LAYER Metal3 = 141360 um.
Total wire length on LAYER Metal4 = 52370 um.
Total wire length on LAYER Metal5 = 44650 um.
Total number of vias = 32305.
Up-via summary (total 32305):

----------------
  Poly2        0
 Metal1    13231
 Metal2    14037
 Metal3     4169
 Metal4      868
----------------
       32305


[INFO DRT-0195] Start 35th optimization iteration.
    Completing 10% with 106 violations.
    elapsed time = 00:00:00, memory = 11634.54 (MB).
    Completing 20% with 106 violations.
    elapsed time = 00:00:00, memory = 11634.54 (MB).
    Completing 30% with 106 violations.
    elapsed time = 00:00:44, memory = 11634.54 (MB).
    Completing 40% with 106 violations.
    elapsed time = 00:00:44, memory = 11634.54 (MB).
    Completing 50% with 106 violations.
    elapsed time = 00:00:44, memory = 11634.54 (MB).
    Completing 60% with 106 violations.
    elapsed time = 00:00:48, memory = 11634.54 (MB).
    Completing 70% with 106 violations.
    elapsed time = 00:00:51, memory = 11920.91 (MB).
    Completing 80% with 106 violations.
    elapsed time = 00:01:29, memory = 11634.54 (MB).
    Completing 90% with 106 violations.
    elapsed time = 00:01:29, memory = 11634.54 (MB).
    Completing 100% with 106 violations.
    elapsed time = 00:01:32, memory = 11634.54 (MB).
[INFO DRT-0199]   Number of violations = 106.
Viol/Layer      Metal2
Metal Spacing      103
Short                3
[INFO DRT-0267] cpu time = 00:05:44, elapsed time = 00:01:32, memory = 11634.54 (MB), peak = 12434.77 (MB)
Total wire length = 332572 um.
Total wire length on LAYER Metal1 = 0 um.
Total wire length on LAYER Metal2 = 94191 um.
Total wire length on LAYER Metal3 = 141360 um.
Total wire length on LAYER Metal4 = 52369 um.
Total wire length on LAYER Metal5 = 44650 um.
Total number of vias = 32305.
Up-via summary (total 32305):

----------------
  Poly2        0
 Metal1    13231
 Metal2    14037
 Metal3     4169
 Metal4      868
----------------
       32305


[INFO DRT-0195] Start 36th optimization iteration.
    Completing 10% with 106 violations.
    elapsed time = 00:00:00, memory = 11634.54 (MB).
    Completing 20% with 106 violations.
    elapsed time = 00:00:00, memory = 11634.54 (MB).
    Completing 30% with 106 violations.
    elapsed time = 00:00:49, memory = 11634.54 (MB).
    Completing 40% with 106 violations.
    elapsed time = 00:00:49, memory = 11634.54 (MB).
    Completing 50% with 106 violations.
    elapsed time = 00:00:49, memory = 11634.54 (MB).
    Completing 60% with 106 violations.
    elapsed time = 00:00:54, memory = 11635.30 (MB).
    Completing 70% with 106 violations.
    elapsed time = 00:00:58, memory = 11942.29 (MB).
    Completing 80% with 106 violations.
    elapsed time = 00:01:39, memory = 11635.30 (MB).
    Completing 90% with 106 violations.
    elapsed time = 00:01:39, memory = 11635.30 (MB).
    Completing 100% with 106 violations.
    elapsed time = 00:01:45, memory = 11635.30 (MB).
[INFO DRT-0199]   Number of violations = 106.
Viol/Layer      Metal2
Metal Spacing      103
Short                3
[INFO DRT-0267] cpu time = 00:06:06, elapsed time = 00:01:45, memory = 11635.30 (MB), peak = 12434.77 (MB)
Total wire length = 332573 um.
Total wire length on LAYER Metal1 = 0 um.
Total wire length on LAYER Metal2 = 94236 um.
Total wire length on LAYER Metal3 = 141361 um.
Total wire length on LAYER Metal4 = 52325 um.
Total wire length on LAYER Metal5 = 44650 um.
Total number of vias = 32303.
Up-via summary (total 32303):

----------------
  Poly2        0
 Metal1    13231
 Metal2    14037
 Metal3     4167
 Metal4      868
----------------
       32303


[INFO DRT-0195] Start 37th optimization iteration.
    Completing 10% with 106 violations.
    elapsed time = 00:00:00, memory = 11635.30 (MB).
    Completing 20% with 106 violations.
    elapsed time = 00:00:00, memory = 11635.30 (MB).
    Completing 30% with 106 violations.
    elapsed time = 00:00:41, memory = 11636.75 (MB).
    Completing 40% with 106 violations.
    elapsed time = 00:00:41, memory = 11636.75 (MB).
    Completing 50% with 106 violations.
    elapsed time = 00:00:41, memory = 11636.75 (MB).
    Completing 60% with 106 violations.
    elapsed time = 00:00:48, memory = 11645.05 (MB).
    Completing 70% with 106 violations.
    elapsed time = 00:00:52, memory = 12002.72 (MB).
    Completing 80% with 106 violations.
    elapsed time = 00:02:34, memory = 11645.05 (MB).
    Completing 90% with 106 violations.
    elapsed time = 00:02:34, memory = 11645.05 (MB).
    Completing 100% with 106 violations.
    elapsed time = 00:02:51, memory = 11645.38 (MB).
[INFO DRT-0199]   Number of violations = 106.
Viol/Layer      Metal2
Metal Spacing      103
Short                3
[INFO DRT-0267] cpu time = 00:07:09, elapsed time = 00:02:51, memory = 11645.38 (MB), peak = 12434.77 (MB)
Total wire length = 332578 um.
Total wire length on LAYER Metal1 = 0 um.
Total wire length on LAYER Metal2 = 94182 um.
Total wire length on LAYER Metal3 = 141365 um.
Total wire length on LAYER Metal4 = 52380 um.
Total wire length on LAYER Metal5 = 44650 um.
Total number of vias = 32308.
Up-via summary (total 32308):

----------------
  Poly2        0
 Metal1    13231
 Metal2    14038
 Metal3     4171
 Metal4      868
----------------
       32308


[INFO DRT-0195] Start 38th optimization iteration.
    Completing 10% with 106 violations.
    elapsed time = 00:00:00, memory = 11645.38 (MB).
    Completing 20% with 106 violations.
    elapsed time = 00:00:00, memory = 11645.38 (MB).
    Completing 30% with 106 violations.
    elapsed time = 00:00:36, memory = 11646.01 (MB).
    Completing 40% with 106 violations.
    elapsed time = 00:00:36, memory = 11646.01 (MB).
    Completing 50% with 106 violations.
    elapsed time = 00:00:36, memory = 11646.01 (MB).
    Completing 60% with 106 violations.
    elapsed time = 00:00:43, memory = 11646.01 (MB).
    Completing 70% with 106 violations.
    elapsed time = 00:00:47, memory = 12019.17 (MB).
    Completing 80% with 106 violations.
    elapsed time = 00:02:29, memory = 11646.01 (MB).
    Completing 90% with 106 violations.
    elapsed time = 00:02:29, memory = 11646.01 (MB).
    Completing 100% with 106 violations.
    elapsed time = 00:02:41, memory = 11646.17 (MB).
[INFO DRT-0199]   Number of violations = 106.
Viol/Layer      Metal2
Metal Spacing      102
Short                4
[INFO DRT-0267] cpu time = 00:07:07, elapsed time = 00:02:41, memory = 11646.17 (MB), peak = 12434.77 (MB)
Total wire length = 332581 um.
Total wire length on LAYER Metal1 = 0 um.
Total wire length on LAYER Metal2 = 94200 um.
Total wire length on LAYER Metal3 = 141358 um.
Total wire length on LAYER Metal4 = 52372 um.
Total wire length on LAYER Metal5 = 44650 um.
Total number of vias = 32306.
Up-via summary (total 32306):

----------------
  Poly2        0
 Metal1    13232
 Metal2    14038
 Metal3     4168
 Metal4      868
----------------
       32306


[INFO DRT-0195] Start 39th optimization iteration.
    Completing 10% with 106 violations.
    elapsed time = 00:00:00, memory = 11646.17 (MB).
    Completing 20% with 106 violations.
    elapsed time = 00:00:00, memory = 11646.17 (MB).
    Completing 30% with 106 violations.
    elapsed time = 00:00:30, memory = 11659.68 (MB).
    Completing 40% with 106 violations.
    elapsed time = 00:00:30, memory = 11659.68 (MB).
    Completing 50% with 106 violations.
    elapsed time = 00:00:30, memory = 11659.68 (MB).
    Completing 60% with 106 violations.
    elapsed time = 00:00:39, memory = 11659.68 (MB).
    Completing 70% with 106 violations.
    elapsed time = 00:00:43, memory = 12080.17 (MB).
    Completing 80% with 106 violations.
    elapsed time = 00:02:11, memory = 11659.68 (MB).
    Completing 90% with 106 violations.
    elapsed time = 00:02:11, memory = 11659.68 (MB).
    Completing 100% with 106 violations.
    elapsed time = 00:02:28, memory = 11660.05 (MB).
[INFO DRT-0199]   Number of violations = 106.
Viol/Layer      Metal2
Metal Spacing      103
Short                3
[INFO DRT-0267] cpu time = 00:06:51, elapsed time = 00:02:28, memory = 11660.05 (MB), peak = 12434.77 (MB)
Total wire length = 332588 um.
Total wire length on LAYER Metal1 = 0 um.
Total wire length on LAYER Metal2 = 94264 um.
Total wire length on LAYER Metal3 = 141359 um.
Total wire length on LAYER Metal4 = 52313 um.
Total wire length on LAYER Metal5 = 44650 um.
Total number of vias = 32302.
Up-via summary (total 32302):

----------------
  Poly2        0
 Metal1    13231
 Metal2    14039
 Metal3     4164
 Metal4      868
----------------
       32302


[INFO DRT-0195] Start 40th optimization iteration.
    Completing 10% with 106 violations.
    elapsed time = 00:00:00, memory = 11660.05 (MB).
    Completing 20% with 106 violations.
    elapsed time = 00:00:00, memory = 11660.05 (MB).
    Completing 30% with 106 violations.
    elapsed time = 00:00:00, memory = 11660.05 (MB).
    Completing 40% with 106 violations.
    elapsed time = 00:00:00, memory = 11660.05 (MB).
    Completing 50% with 106 violations.
    elapsed time = 00:00:30, memory = 11660.05 (MB).
    Completing 60% with 106 violations.
    elapsed time = 00:00:30, memory = 11660.05 (MB).
    Completing 70% with 106 violations.
    elapsed time = 00:00:30, memory = 11660.05 (MB).
    Completing 80% with 106 violations.
    elapsed time = 00:01:00, memory = 11660.79 (MB).
    Completing 90% with 106 violations.
    elapsed time = 00:01:00, memory = 11660.79 (MB).
    Completing 100% with 106 violations.
    elapsed time = 00:01:48, memory = 11662.08 (MB).
[INFO DRT-0199]   Number of violations = 106.
Viol/Layer      Metal2
Metal Spacing      103
Short                3
[INFO DRT-0267] cpu time = 00:05:01, elapsed time = 00:01:48, memory = 11662.08 (MB), peak = 12434.77 (MB)
Total wire length = 332589 um.
Total wire length on LAYER Metal1 = 0 um.
Total wire length on LAYER Metal2 = 94261 um.
Total wire length on LAYER Metal3 = 141359 um.
Total wire length on LAYER Metal4 = 52317 um.
Total wire length on LAYER Metal5 = 44650 um.
Total number of vias = 32304.
Up-via summary (total 32304):

----------------
  Poly2        0
 Metal1    13231
 Metal2    14039
 Metal3     4166
 Metal4      868
----------------
       32304


[INFO DRT-0195] Start 41st optimization iteration.
    Completing 10% with 106 violations.
    elapsed time = 00:00:00, memory = 11662.08 (MB).
    Completing 20% with 106 violations.
    elapsed time = 00:00:00, memory = 11662.08 (MB).
    Completing 30% with 106 violations.
    elapsed time = 00:00:00, memory = 11662.08 (MB).
    Completing 40% with 106 violations.
    elapsed time = 00:00:00, memory = 11662.08 (MB).
    Completing 50% with 106 violations.
    elapsed time = 00:00:00, memory = 11662.08 (MB).
    Completing 60% with 106 violations.
    elapsed time = 00:00:00, memory = 11662.08 (MB).
    Completing 70% with 106 violations.
    elapsed time = 00:00:00, memory = 11662.08 (MB).
    Completing 80% with 106 violations.
    elapsed time = 00:00:00, memory = 11662.08 (MB).
    Completing 90% with 106 violations.
    elapsed time = 00:00:00, memory = 11662.08 (MB).
    Completing 100% with 109 violations.
    elapsed time = 00:00:01, memory = 11662.08 (MB).
[INFO DRT-0199]   Number of violations = 109.
Viol/Layer      Metal2
Metal Spacing      106
Short                3
[INFO DRT-0267] cpu time = 00:02:49, elapsed time = 00:00:01, memory = 11662.08 (MB), peak = 12434.77 (MB)
Total wire length = 332627 um.
Total wire length on LAYER Metal1 = 0 um.
Total wire length on LAYER Metal2 = 94237 um.
Total wire length on LAYER Metal3 = 141396 um.
Total wire length on LAYER Metal4 = 52332 um.
Total wire length on LAYER Metal5 = 44660 um.
Total number of vias = 32339.
Up-via summary (total 32339):

----------------
  Poly2        0
 Metal1    13231
 Metal2    14042
 Metal3     4194
 Metal4      872
----------------
       32339


[INFO DRT-0195] Start 42nd optimization iteration.
    Completing 10% with 109 violations.
    elapsed time = 00:00:00, memory = 11662.08 (MB).
    Completing 20% with 109 violations.
    elapsed time = 00:00:00, memory = 11662.08 (MB).
    Completing 30% with 109 violations.
    elapsed time = 00:01:06, memory = 11662.08 (MB).
    Completing 40% with 109 violations.
    elapsed time = 00:01:06, memory = 11662.08 (MB).
    Completing 50% with 109 violations.
    elapsed time = 00:01:06, memory = 11662.08 (MB).
    Completing 60% with 109 violations.
    elapsed time = 00:01:27, memory = 11663.03 (MB).
    Completing 70% with 109 violations.
    elapsed time = 00:01:34, memory = 12188.43 (MB).
    Completing 80% with 108 violations.
    elapsed time = 00:02:57, memory = 11663.16 (MB).
    Completing 90% with 108 violations.
    elapsed time = 00:02:57, memory = 11663.16 (MB).
    Completing 100% with 108 violations.
    elapsed time = 00:03:20, memory = 11663.16 (MB).
[INFO DRT-0199]   Number of violations = 108.
Viol/Layer      Metal2
Metal Spacing      105
Short                3
[INFO DRT-0267] cpu time = 00:09:38, elapsed time = 00:03:20, memory = 11663.16 (MB), peak = 12434.77 (MB)
Total wire length = 332620 um.
Total wire length on LAYER Metal1 = 0 um.
Total wire length on LAYER Metal2 = 94228 um.
Total wire length on LAYER Metal3 = 141396 um.
Total wire length on LAYER Metal4 = 52333 um.
Total wire length on LAYER Metal5 = 44662 um.
Total number of vias = 32339.
Up-via summary (total 32339):

----------------
  Poly2        0
 Metal1    13231
 Metal2    14040
 Metal3     4196
 Metal4      872
----------------
       32339


[INFO DRT-0195] Start 43rd optimization iteration.
    Completing 10% with 108 violations.
    elapsed time = 00:00:00, memory = 11663.16 (MB).
    Completing 20% with 108 violations.
    elapsed time = 00:00:00, memory = 11663.16 (MB).
    Completing 30% with 108 violations.
    elapsed time = 00:00:50, memory = 11669.57 (MB).
    Completing 40% with 108 violations.
    elapsed time = 00:00:50, memory = 11669.57 (MB).
    Completing 50% with 108 violations.
    elapsed time = 00:00:50, memory = 11669.57 (MB).
    Completing 60% with 108 violations.
    elapsed time = 00:01:29, memory = 11681.09 (MB).
    Completing 70% with 108 violations.
    elapsed time = 00:01:36, memory = 12219.31 (MB).
    Completing 80% with 108 violations.
    elapsed time = 00:02:37, memory = 11681.09 (MB).
    Completing 90% with 108 violations.
    elapsed time = 00:02:37, memory = 11681.09 (MB).
    Completing 100% with 108 violations.
    elapsed time = 00:02:50, memory = 11685.10 (MB).
[INFO DRT-0199]   Number of violations = 108.
Viol/Layer      Metal2
Metal Spacing      105
Short                3
[INFO DRT-0267] cpu time = 00:08:33, elapsed time = 00:02:50, memory = 11685.10 (MB), peak = 12434.77 (MB)
Total wire length = 332624 um.
Total wire length on LAYER Metal1 = 0 um.
Total wire length on LAYER Metal2 = 94216 um.
Total wire length on LAYER Metal3 = 141402 um.
Total wire length on LAYER Metal4 = 52344 um.
Total wire length on LAYER Metal5 = 44660 um.
Total number of vias = 32343.
Up-via summary (total 32343):

----------------
  Poly2        0
 Metal1    13232
 Metal2    14040
 Metal3     4199
 Metal4      872
----------------
       32343


[INFO DRT-0195] Start 44th optimization iteration.
    Completing 10% with 108 violations.
    elapsed time = 00:00:00, memory = 11685.10 (MB).
    Completing 20% with 108 violations.
    elapsed time = 00:00:00, memory = 11685.10 (MB).
    Completing 30% with 108 violations.
    elapsed time = 00:00:44, memory = 11685.10 (MB).
    Completing 40% with 108 violations.
    elapsed time = 00:00:44, memory = 11685.10 (MB).
    Completing 50% with 108 violations.
    elapsed time = 00:00:44, memory = 11685.10 (MB).
    Completing 60% with 108 violations.
    elapsed time = 00:02:17, memory = 11723.66 (MB).
    Completing 70% with 108 violations.
    elapsed time = 00:02:26, memory = 12131.06 (MB).
    Completing 80% with 108 violations.
    elapsed time = 00:03:22, memory = 11723.66 (MB).
    Completing 90% with 108 violations.
    elapsed time = 00:03:22, memory = 11723.66 (MB).
    Completing 100% with 108 violations.
    elapsed time = 00:03:37, memory = 11725.43 (MB).
[INFO DRT-0199]   Number of violations = 108.
Viol/Layer      Metal2
Metal Spacing      105
Short                3
[INFO DRT-0267] cpu time = 00:09:10, elapsed time = 00:03:37, memory = 11725.43 (MB), peak = 12434.77 (MB)
Total wire length = 332621 um.
Total wire length on LAYER Metal1 = 0 um.
Total wire length on LAYER Metal2 = 94180 um.
Total wire length on LAYER Metal3 = 141397 um.
Total wire length on LAYER Metal4 = 52381 um.
Total wire length on LAYER Metal5 = 44663 um.
Total number of vias = 32339.
Up-via summary (total 32339):

----------------
  Poly2        0
 Metal1    13231
 Metal2    14040
 Metal3     4196
 Metal4      872
----------------
       32339


[INFO DRT-0195] Start 45th optimization iteration.
    Completing 10% with 108 violations.
    elapsed time = 00:00:00, memory = 11725.43 (MB).
    Completing 20% with 108 violations.
    elapsed time = 00:00:00, memory = 11725.43 (MB).
    Completing 30% with 108 violations.
    elapsed time = 00:00:43, memory = 11725.43 (MB).
    Completing 40% with 108 violations.
    elapsed time = 00:00:43, memory = 11725.43 (MB).
    Completing 50% with 108 violations.
    elapsed time = 00:00:43, memory = 11725.43 (MB).
    Completing 60% with 108 violations.
    elapsed time = 00:01:15, memory = 11736.30 (MB).
    Completing 70% with 108 violations.
    elapsed time = 00:01:15, memory = 11736.30 (MB).
    Completing 80% with 108 violations.
    elapsed time = 00:02:06, memory = 11736.30 (MB).
    Completing 90% with 108 violations.
    elapsed time = 00:02:06, memory = 11736.30 (MB).
    Completing 100% with 108 violations.
    elapsed time = 00:02:26, memory = 11736.30 (MB).
[INFO DRT-0199]   Number of violations = 108.
Viol/Layer      Metal2
Metal Spacing      105
Short                3
[INFO DRT-0267] cpu time = 00:07:23, elapsed time = 00:02:26, memory = 11736.30 (MB), peak = 12434.77 (MB)
Total wire length = 332616 um.
Total wire length on LAYER Metal1 = 0 um.
Total wire length on LAYER Metal2 = 94183 um.
Total wire length on LAYER Metal3 = 141398 um.
Total wire length on LAYER Metal4 = 52377 um.
Total wire length on LAYER Metal5 = 44656 um.
Total number of vias = 32340.
Up-via summary (total 32340):

----------------
  Poly2        0
 Metal1    13231
 Metal2    14040
 Metal3     4197
 Metal4      872
----------------
       32340


[INFO DRT-0195] Start 46th optimization iteration.
    Completing 10% with 108 violations.
    elapsed time = 00:00:00, memory = 11736.30 (MB).
    Completing 20% with 108 violations.
    elapsed time = 00:00:00, memory = 11736.30 (MB).
    Completing 30% with 108 violations.
    elapsed time = 00:00:02, memory = 11736.30 (MB).
    Completing 40% with 108 violations.
    elapsed time = 00:00:02, memory = 11736.30 (MB).
    Completing 50% with 108 violations.
    elapsed time = 00:01:47, memory = 11736.30 (MB).
    Completing 60% with 108 violations.
    elapsed time = 00:01:47, memory = 11736.30 (MB).
    Completing 70% with 108 violations.
    elapsed time = 00:01:47, memory = 11736.30 (MB).
    Completing 80% with 108 violations.
    elapsed time = 00:01:55, memory = 11736.30 (MB).
    Completing 90% with 108 violations.
    elapsed time = 00:01:55, memory = 11736.30 (MB).
    Completing 100% with 108 violations.
    elapsed time = 00:03:16, memory = 11736.30 (MB).
[INFO DRT-0199]   Number of violations = 108.
Viol/Layer      Metal2
Metal Spacing      105
Short                3
[INFO DRT-0267] cpu time = 00:08:42, elapsed time = 00:03:16, memory = 11736.30 (MB), peak = 12434.77 (MB)
Total wire length = 332614 um.
Total wire length on LAYER Metal1 = 0 um.
Total wire length on LAYER Metal2 = 94186 um.
Total wire length on LAYER Metal3 = 141397 um.
Total wire length on LAYER Metal4 = 52372 um.
Total wire length on LAYER Metal5 = 44656 um.
Total number of vias = 32338.
Up-via summary (total 32338):

----------------
  Poly2        0
 Metal1    13231
 Metal2    14040
 Metal3     4195
 Metal4      872
----------------
       32338


[INFO DRT-0195] Start 47th optimization iteration.
    Completing 10% with 108 violations.
    elapsed time = 00:00:00, memory = 11736.30 (MB).
    Completing 20% with 108 violations.
    elapsed time = 00:00:00, memory = 11736.30 (MB).
    Completing 30% with 108 violations.
    elapsed time = 00:00:05, memory = 11736.30 (MB).
    Completing 40% with 108 violations.
    elapsed time = 00:00:05, memory = 11736.30 (MB).
    Completing 50% with 108 violations.
    elapsed time = 00:00:58, memory = 11736.30 (MB).
    Completing 60% with 108 violations.
    elapsed time = 00:00:58, memory = 11736.30 (MB).
    Completing 70% with 108 violations.
    elapsed time = 00:00:58, memory = 11736.30 (MB).
    Completing 80% with 108 violations.
    elapsed time = 00:01:06, memory = 11736.30 (MB).
    Completing 90% with 108 violations.
    elapsed time = 00:01:06, memory = 11736.30 (MB).
    Completing 100% with 108 violations.
    elapsed time = 00:03:16, memory = 11741.54 (MB).
[INFO DRT-0199]   Number of violations = 108.
Viol/Layer      Metal2
Metal Spacing      105
Short                3
[INFO DRT-0267] cpu time = 00:07:50, elapsed time = 00:03:16, memory = 11741.54 (MB), peak = 12434.77 (MB)
Total wire length = 332616 um.
Total wire length on LAYER Metal1 = 0 um.
Total wire length on LAYER Metal2 = 94209 um.
Total wire length on LAYER Metal3 = 141401 um.
Total wire length on LAYER Metal4 = 52352 um.
Total wire length on LAYER Metal5 = 44653 um.
Total number of vias = 32335.
Up-via summary (total 32335):

----------------
  Poly2        0
 Metal1    13231
 Metal2    14040
 Metal3     4193
 Metal4      871
----------------
       32335


[INFO DRT-0195] Start 48th optimization iteration.
    Completing 10% with 108 violations.
    elapsed time = 00:00:00, memory = 11741.54 (MB).
    Completing 20% with 108 violations.
    elapsed time = 00:00:00, memory = 11741.54 (MB).
    Completing 30% with 108 violations.
    elapsed time = 00:00:08, memory = 11741.54 (MB).
    Completing 40% with 108 violations.
    elapsed time = 00:00:08, memory = 11741.54 (MB).
    Completing 50% with 108 violations.
    elapsed time = 00:01:04, memory = 11747.02 (MB).
    Completing 60% with 108 violations.
    elapsed time = 00:01:04, memory = 11747.02 (MB).
    Completing 70% with 108 violations.
    elapsed time = 00:01:04, memory = 11747.02 (MB).
    Completing 80% with 107 violations.
    elapsed time = 00:01:12, memory = 11747.02 (MB).
    Completing 90% with 107 violations.
    elapsed time = 00:01:12, memory = 11747.02 (MB).
    Completing 100% with 107 violations.
    elapsed time = 00:02:41, memory = 11747.02 (MB).
[INFO DRT-0199]   Number of violations = 107.
Viol/Layer      Metal2
Metal Spacing      104
Short                3
[INFO DRT-0267] cpu time = 00:06:40, elapsed time = 00:02:41, memory = 11747.02 (MB), peak = 12434.77 (MB)
Total wire length = 332617 um.
Total wire length on LAYER Metal1 = 0 um.
Total wire length on LAYER Metal2 = 94219 um.
Total wire length on LAYER Metal3 = 141401 um.
Total wire length on LAYER Metal4 = 52345 um.
Total wire length on LAYER Metal5 = 44652 um.
Total number of vias = 32335.
Up-via summary (total 32335):

----------------
  Poly2        0
 Metal1    13231
 Metal2    14040
 Metal3     4193
 Metal4      871
----------------
       32335


[INFO DRT-0195] Start 49th optimization iteration.
    Completing 10% with 107 violations.
    elapsed time = 00:00:00, memory = 11747.02 (MB).
    Completing 20% with 107 violations.
    elapsed time = 00:00:00, memory = 11747.02 (MB).
    Completing 30% with 107 violations.
    elapsed time = 00:00:00, memory = 11747.02 (MB).
    Completing 40% with 107 violations.
    elapsed time = 00:00:00, memory = 11747.02 (MB).
    Completing 50% with 107 violations.
    elapsed time = 00:00:01, memory = 11747.02 (MB).
    Completing 60% with 106 violations.
    elapsed time = 00:00:01, memory = 11747.02 (MB).
    Completing 70% with 106 violations.
    elapsed time = 00:00:01, memory = 11747.02 (MB).
    Completing 80% with 107 violations.
    elapsed time = 00:00:02, memory = 11747.02 (MB).
    Completing 90% with 107 violations.
    elapsed time = 00:00:02, memory = 11747.02 (MB).
    Completing 100% with 108 violations.
    elapsed time = 00:00:02, memory = 11747.02 (MB).
[INFO DRT-0199]   Number of violations = 108.
Viol/Layer      Metal2
Metal Spacing      105
Short                3
[INFO DRT-0267] cpu time = 00:02:32, elapsed time = 00:00:02, memory = 11747.02 (MB), peak = 12434.77 (MB)
Total wire length = 332669 um.
Total wire length on LAYER Metal1 = 0 um.
Total wire length on LAYER Metal2 = 94136 um.
Total wire length on LAYER Metal3 = 141398 um.
Total wire length on LAYER Metal4 = 52450 um.
Total wire length on LAYER Metal5 = 44684 um.
Total number of vias = 32396.
Up-via summary (total 32396):

----------------
  Poly2        0
 Metal1    13230
 Metal2    14069
 Metal3     4219
 Metal4      878
----------------
       32396


[INFO DRT-0195] Start 50th optimization iteration.
    Completing 10% with 108 violations.
    elapsed time = 00:00:00, memory = 11747.02 (MB).
    Completing 20% with 108 violations.
    elapsed time = 00:00:00, memory = 11747.02 (MB).
    Completing 30% with 108 violations.
    elapsed time = 00:00:00, memory = 11747.02 (MB).
    Completing 40% with 108 violations.
    elapsed time = 00:00:00, memory = 11747.02 (MB).
    Completing 50% with 108 violations.
    elapsed time = 00:01:27, memory = 11749.52 (MB).
    Completing 60% with 108 violations.
    elapsed time = 00:01:27, memory = 11749.52 (MB).
    Completing 70% with 108 violations.
    elapsed time = 00:01:27, memory = 11749.52 (MB).
    Completing 80% with 108 violations.
    elapsed time = 00:02:49, memory = 11751.50 (MB).
    Completing 90% with 108 violations.
    elapsed time = 00:02:49, memory = 11751.50 (MB).
    Completing 100% with 108 violations.
    elapsed time = 00:04:43, memory = 11751.50 (MB).
[INFO DRT-0199]   Number of violations = 108.
Viol/Layer      Metal2
Metal Spacing      105
Short                3
[INFO DRT-0267] cpu time = 00:09:33, elapsed time = 00:04:43, memory = 11751.50 (MB), peak = 12434.77 (MB)
Total wire length = 332668 um.
Total wire length on LAYER Metal1 = 0 um.
Total wire length on LAYER Metal2 = 94187 um.
Total wire length on LAYER Metal3 = 141397 um.
Total wire length on LAYER Metal4 = 52398 um.
Total wire length on LAYER Metal5 = 44684 um.
Total number of vias = 32388.
Up-via summary (total 32388):

----------------
  Poly2        0
 Metal1    13230
 Metal2    14067
 Metal3     4213
 Metal4      878
----------------
       32388


[INFO DRT-0195] Start 51st optimization iteration.
    Completing 10% with 108 violations.
    elapsed time = 00:00:00, memory = 11751.50 (MB).
    Completing 20% with 108 violations.
    elapsed time = 00:00:00, memory = 11751.50 (MB).
    Completing 30% with 108 violations.
    elapsed time = 00:00:00, memory = 11751.50 (MB).
    Completing 40% with 108 violations.
    elapsed time = 00:00:00, memory = 11751.50 (MB).
    Completing 50% with 108 violations.
    elapsed time = 00:02:54, memory = 11778.52 (MB).
    Completing 60% with 107 violations.
    elapsed time = 00:02:54, memory = 11778.52 (MB).
    Completing 70% with 107 violations.
    elapsed time = 00:02:54, memory = 11778.52 (MB).
    Completing 80% with 107 violations.
    elapsed time = 00:04:01, memory = 11778.52 (MB).
    Completing 90% with 107 violations.
    elapsed time = 00:04:01, memory = 11778.52 (MB).
    Completing 100% with 107 violations.
    elapsed time = 00:06:36, memory = 11779.71 (MB).
[INFO DRT-0199]   Number of violations = 107.
Viol/Layer      Metal2
Metal Spacing      104
Short                3
[INFO DRT-0267] cpu time = 00:12:40, elapsed time = 00:06:36, memory = 11779.71 (MB), peak = 12434.77 (MB)
Total wire length = 332673 um.
Total wire length on LAYER Metal1 = 0 um.
Total wire length on LAYER Metal2 = 94188 um.
Total wire length on LAYER Metal3 = 141398 um.
Total wire length on LAYER Metal4 = 52400 um.
Total wire length on LAYER Metal5 = 44684 um.
Total number of vias = 32388.
Up-via summary (total 32388):

----------------
  Poly2        0
 Metal1    13230
 Metal2    14067
 Metal3     4213
 Metal4      878
----------------
       32388


[INFO DRT-0195] Start 52nd optimization iteration.
    Completing 10% with 107 violations.
    elapsed time = 00:00:00, memory = 11779.71 (MB).
    Completing 20% with 107 violations.
    elapsed time = 00:00:00, memory = 11779.71 (MB).
    Completing 30% with 107 violations.
    elapsed time = 00:00:18, memory = 11781.70 (MB).
    Completing 40% with 107 violations.
    elapsed time = 00:00:18, memory = 11781.70 (MB).
    Completing 50% with 107 violations.
    elapsed time = 00:02:17, memory = 11781.70 (MB).
    Completing 60% with 107 violations.
    elapsed time = 00:02:17, memory = 11781.70 (MB).
    Completing 70% with 107 violations.
    elapsed time = 00:02:17, memory = 11781.70 (MB).
    Completing 80% with 107 violations.
    elapsed time = 00:02:36, memory = 11781.70 (MB).
    Completing 90% with 107 violations.
    elapsed time = 00:02:36, memory = 11781.70 (MB).
    Completing 100% with 106 violations.
    elapsed time = 00:04:08, memory = 11781.70 (MB).
[INFO DRT-0199]   Number of violations = 106.
Viol/Layer      Metal2
Metal Spacing      103
Short                3
[INFO DRT-0267] cpu time = 00:09:31, elapsed time = 00:04:08, memory = 11781.70 (MB), peak = 12434.77 (MB)
Total wire length = 332667 um.
Total wire length on LAYER Metal1 = 0 um.
Total wire length on LAYER Metal2 = 94176 um.
Total wire length on LAYER Metal3 = 141401 um.
Total wire length on LAYER Metal4 = 52406 um.
Total wire length on LAYER Metal5 = 44683 um.
Total number of vias = 32392.
Up-via summary (total 32392):

----------------
  Poly2        0
 Metal1    13231
 Metal2    14066
 Metal3     4217
 Metal4      878
----------------
       32392


[INFO DRT-0195] Start 53rd optimization iteration.
    Completing 10% with 106 violations.
    elapsed time = 00:00:00, memory = 11781.70 (MB).
    Completing 20% with 106 violations.
    elapsed time = 00:00:00, memory = 11781.70 (MB).
    Completing 30% with 106 violations.
    elapsed time = 00:00:21, memory = 11781.70 (MB).
    Completing 40% with 106 violations.
    elapsed time = 00:00:21, memory = 11781.70 (MB).
    Completing 50% with 106 violations.
    elapsed time = 00:02:19, memory = 11781.70 (MB).
    Completing 60% with 105 violations.
    elapsed time = 00:02:19, memory = 11781.70 (MB).
    Completing 70% with 105 violations.
    elapsed time = 00:02:19, memory = 11781.70 (MB).
    Completing 80% with 105 violations.
    elapsed time = 00:02:45, memory = 11781.70 (MB).
    Completing 90% with 105 violations.
    elapsed time = 00:02:45, memory = 11781.70 (MB).
    Completing 100% with 105 violations.
    elapsed time = 00:04:34, memory = 11781.70 (MB).
[INFO DRT-0199]   Number of violations = 105.
Viol/Layer      Metal2
Metal Spacing      102
Short                3
[INFO DRT-0267] cpu time = 00:09:42, elapsed time = 00:04:34, memory = 11781.70 (MB), peak = 12434.77 (MB)
Total wire length = 332669 um.
Total wire length on LAYER Metal1 = 0 um.
Total wire length on LAYER Metal2 = 94181 um.
Total wire length on LAYER Metal3 = 141399 um.
Total wire length on LAYER Metal4 = 52405 um.
Total wire length on LAYER Metal5 = 44683 um.
Total number of vias = 32391.
Up-via summary (total 32391):

----------------
  Poly2        0
 Metal1    13231
 Metal2    14065
 Metal3     4217
 Metal4      878
----------------
       32391


[INFO DRT-0195] Start 54th optimization iteration.
    Completing 10% with 105 violations.
    elapsed time = 00:00:00, memory = 11781.70 (MB).
    Completing 20% with 105 violations.
    elapsed time = 00:00:00, memory = 11781.70 (MB).
    Completing 30% with 105 violations.
    elapsed time = 00:00:28, memory = 11781.70 (MB).
    Completing 40% with 105 violations.
    elapsed time = 00:00:28, memory = 11781.70 (MB).
    Completing 50% with 105 violations.
    elapsed time = 00:02:18, memory = 11781.70 (MB).
    Completing 60% with 105 violations.
    elapsed time = 00:02:18, memory = 11781.70 (MB).
    Completing 70% with 105 violations.
    elapsed time = 00:02:18, memory = 11781.70 (MB).
    Completing 80% with 105 violations.
    elapsed time = 00:02:51, memory = 11781.70 (MB).
    Completing 90% with 105 violations.
    elapsed time = 00:02:51, memory = 11781.70 (MB).
    Completing 100% with 105 violations.
    elapsed time = 00:04:42, memory = 11787.29 (MB).
[INFO DRT-0199]   Number of violations = 105.
Viol/Layer      Metal2
Metal Spacing      102
Short                3
[INFO DRT-0267] cpu time = 00:10:08, elapsed time = 00:04:43, memory = 11787.29 (MB), peak = 12434.77 (MB)
Total wire length = 332677 um.
Total wire length on LAYER Metal1 = 0 um.
Total wire length on LAYER Metal2 = 94190 um.
Total wire length on LAYER Metal3 = 141400 um.
Total wire length on LAYER Metal4 = 52403 um.
Total wire length on LAYER Metal5 = 44683 um.
Total number of vias = 32389.
Up-via summary (total 32389):

----------------
  Poly2        0
 Metal1    13230
 Metal2    14065
 Metal3     4216
 Metal4      878
----------------
       32389


[INFO DRT-0195] Start 55th optimization iteration.
    Completing 10% with 105 violations.
    elapsed time = 00:00:00, memory = 11787.29 (MB).
    Completing 20% with 105 violations.
    elapsed time = 00:00:00, memory = 11787.29 (MB).
    Completing 30% with 105 violations.
    elapsed time = 00:00:01, memory = 11787.29 (MB).
    Completing 40% with 105 violations.
    elapsed time = 00:00:01, memory = 11787.29 (MB).
    Completing 50% with 105 violations.
    elapsed time = 00:02:03, memory = 11787.29 (MB).
    Completing 60% with 105 violations.
    elapsed time = 00:02:03, memory = 11787.29 (MB).
    Completing 70% with 105 violations.
    elapsed time = 00:02:03, memory = 11787.29 (MB).
    Completing 80% with 105 violations.
    elapsed time = 00:03:02, memory = 11787.35 (MB).
    Completing 90% with 105 violations.
    elapsed time = 00:03:02, memory = 11787.35 (MB).
    Completing 100% with 105 violations.
    elapsed time = 00:04:18, memory = 11787.35 (MB).
[INFO DRT-0199]   Number of violations = 105.
Viol/Layer      Metal2
Metal Spacing      102
Short                3
[INFO DRT-0267] cpu time = 00:10:14, elapsed time = 00:04:18, memory = 11787.35 (MB), peak = 12434.77 (MB)
Total wire length = 332676 um.
Total wire length on LAYER Metal1 = 0 um.
Total wire length on LAYER Metal2 = 94183 um.
Total wire length on LAYER Metal3 = 141399 um.
Total wire length on LAYER Metal4 = 52411 um.
Total wire length on LAYER Metal5 = 44682 um.
Total number of vias = 32393.
Up-via summary (total 32393):

----------------
  Poly2        0
 Metal1    13231
 Metal2    14066
 Metal3     4218
 Metal4      878
----------------
       32393


[INFO DRT-0195] Start 56th optimization iteration.
    Completing 10% with 105 violations.
    elapsed time = 00:00:00, memory = 11787.35 (MB).
    Completing 20% with 105 violations.
    elapsed time = 00:00:00, memory = 11787.35 (MB).
    Completing 30% with 105 violations.
    elapsed time = 00:00:00, memory = 11787.35 (MB).
    Completing 40% with 105 violations.
    elapsed time = 00:00:02, memory = 11787.35 (MB).
    Completing 50% with 105 violations.
    elapsed time = 00:00:02, memory = 11787.35 (MB).
    Completing 60% with 105 violations.
    elapsed time = 00:02:12, memory = 11787.35 (MB).
    Completing 70% with 105 violations.
    elapsed time = 00:02:12, memory = 11787.35 (MB).
    Completing 80% with 105 violations.
    elapsed time = 00:03:05, memory = 11789.80 (MB).
    Completing 90% with 105 violations.
    elapsed time = 00:03:05, memory = 11789.80 (MB).
    Completing 100% with 105 violations.
    elapsed time = 00:04:30, memory = 11789.80 (MB).
[INFO DRT-0199]   Number of violations = 105.
Viol/Layer      Metal2
Metal Spacing      102
Short                3
[INFO DRT-0267] cpu time = 00:12:11, elapsed time = 00:04:30, memory = 11789.80 (MB), peak = 12434.77 (MB)
Total wire length = 332676 um.
Total wire length on LAYER Metal1 = 0 um.
Total wire length on LAYER Metal2 = 94191 um.
Total wire length on LAYER Metal3 = 141400 um.
Total wire length on LAYER Metal4 = 52402 um.
Total wire length on LAYER Metal5 = 44682 um.
Total number of vias = 32389.
Up-via summary (total 32389):

----------------
  Poly2        0
 Metal1    13230
 Metal2    14065
 Metal3     4216
 Metal4      878
----------------
       32389


[INFO DRT-0195] Start 57th optimization iteration.
    Completing 10% with 105 violations.
    elapsed time = 00:00:00, memory = 11789.80 (MB).
    Completing 20% with 105 violations.
    elapsed time = 00:00:00, memory = 11789.80 (MB).
    Completing 30% with 106 violations.
    elapsed time = 00:00:00, memory = 11789.80 (MB).
    Completing 40% with 106 violations.
    elapsed time = 00:00:00, memory = 11789.80 (MB).
    Completing 50% with 106 violations.
    elapsed time = 00:00:00, memory = 11789.80 (MB).
    Completing 60% with 106 violations.
    elapsed time = 00:00:00, memory = 11789.80 (MB).
    Completing 70% with 106 violations.
    elapsed time = 00:00:00, memory = 11789.80 (MB).
    Completing 80% with 106 violations.
    elapsed time = 00:00:01, memory = 11789.80 (MB).
    Completing 90% with 106 violations.
    elapsed time = 00:00:01, memory = 11789.80 (MB).
    Completing 100% with 107 violations.
    elapsed time = 00:00:01, memory = 11789.80 (MB).
[INFO DRT-0199]   Number of violations = 107.
Viol/Layer      Metal2
Metal Spacing      104
Short                3
[INFO DRT-0267] cpu time = 00:02:35, elapsed time = 00:00:01, memory = 11789.80 (MB), peak = 12434.77 (MB)
Total wire length = 332642 um.
Total wire length on LAYER Metal1 = 0 um.
Total wire length on LAYER Metal2 = 94206 um.
Total wire length on LAYER Metal3 = 141401 um.
Total wire length on LAYER Metal4 = 52367 um.
Total wire length on LAYER Metal5 = 44668 um.
Total number of vias = 32329.
Up-via summary (total 32329):

----------------
  Poly2        0
 Metal1    13231
 Metal2    14045
 Metal3     4185
 Metal4      868
----------------
       32329


[INFO DRT-0195] Start 58th optimization iteration.
    Completing 10% with 107 violations.
    elapsed time = 00:00:00, memory = 11789.80 (MB).
    Completing 20% with 107 violations.
    elapsed time = 00:00:00, memory = 11789.80 (MB).
    Completing 30% with 107 violations.
    elapsed time = 00:00:00, memory = 11789.80 (MB).
    Completing 40% with 107 violations.
    elapsed time = 00:00:00, memory = 11789.80 (MB).
    Completing 50% with 107 violations.
    elapsed time = 00:00:00, memory = 11789.80 (MB).
    Completing 60% with 107 violations.
    elapsed time = 00:02:44, memory = 11789.80 (MB).
    Completing 70% with 107 violations.
    elapsed time = 00:02:44, memory = 11789.80 (MB).
    Completing 80% with 107 violations.
    elapsed time = 00:06:25, memory = 11793.24 (MB).
    Completing 90% with 107 violations.
    elapsed time = 00:06:25, memory = 11793.24 (MB).
    Completing 100% with 107 violations.
    elapsed time = 00:08:40, memory = 11793.38 (MB).
[INFO DRT-0199]   Number of violations = 107.
Viol/Layer      Metal2
Metal Spacing      104
Short                3
[INFO DRT-0267] cpu time = 00:17:49, elapsed time = 00:08:40, memory = 11793.38 (MB), peak = 12434.77 (MB)
Total wire length = 332646 um.
Total wire length on LAYER Metal1 = 0 um.
Total wire length on LAYER Metal2 = 94215 um.
Total wire length on LAYER Metal3 = 141402 um.
Total wire length on LAYER Metal4 = 52358 um.
Total wire length on LAYER Metal5 = 44669 um.
Total number of vias = 32323.
Up-via summary (total 32323):

----------------
  Poly2        0
 Metal1    13231
 Metal2    14043
 Metal3     4181
 Metal4      868
----------------
       32323


[INFO DRT-0195] Start 59th optimization iteration.
    Completing 10% with 107 violations.
    elapsed time = 00:00:00, memory = 11793.38 (MB).
    Completing 20% with 107 violations.
    elapsed time = 00:00:00, memory = 11793.38 (MB).
    Completing 30% with 107 violations.
    elapsed time = 00:00:00, memory = 11793.38 (MB).
    Completing 40% with 107 violations.
    elapsed time = 00:00:00, memory = 11793.38 (MB).
    Completing 50% with 107 violations.
    elapsed time = 00:00:00, memory = 11793.38 (MB).
    Completing 60% with 107 violations.
    elapsed time = 00:05:54, memory = 11793.38 (MB).
    Completing 70% with 107 violations.
    elapsed time = 00:05:54, memory = 11793.38 (MB).
    Completing 80% with 107 violations.
    elapsed time = 00:08:03, memory = 11793.93 (MB).
    Completing 90% with 107 violations.
    elapsed time = 00:08:04, memory = 11793.93 (MB).
    Completing 100% with 107 violations.
    elapsed time = 00:10:09, memory = 11793.93 (MB).
[INFO DRT-0199]   Number of violations = 107.
Viol/Layer      Metal2
Metal Spacing      104
Short                3
[INFO DRT-0267] cpu time = 00:16:46, elapsed time = 00:10:09, memory = 11793.93 (MB), peak = 12434.77 (MB)
Total wire length = 332662 um.
Total wire length on LAYER Metal1 = 0 um.
Total wire length on LAYER Metal2 = 94244 um.
Total wire length on LAYER Metal3 = 141404 um.
Total wire length on LAYER Metal4 = 52345 um.
Total wire length on LAYER Metal5 = 44667 um.
Total number of vias = 32320.
Up-via summary (total 32320):

----------------
  Poly2        0
 Metal1    13231
 Metal2    14043
 Metal3     4178
 Metal4      868
----------------
       32320


[INFO DRT-0195] Start 60th optimization iteration.
    Completing 10% with 107 violations.
    elapsed time = 00:00:00, memory = 11793.93 (MB).
    Completing 20% with 107 violations.
    elapsed time = 00:00:00, memory = 11793.93 (MB).
    Completing 30% with 107 violations.
    elapsed time = 00:00:00, memory = 11833.99 (MB).
    Completing 40% with 107 violations.
    elapsed time = 00:00:02, memory = 11793.93 (MB).
    Completing 50% with 107 violations.
    elapsed time = 00:00:02, memory = 11793.93 (MB).
    Completing 60% with 107 violations.
    elapsed time = 00:02:23, memory = 11793.93 (MB).
    Completing 70% with 107 violations.
    elapsed time = 00:02:23, memory = 11793.93 (MB).
    Completing 80% with 107 violations.
    elapsed time = 00:05:55, memory = 11802.96 (MB).
    Completing 90% with 107 violations.
    elapsed time = 00:05:55, memory = 11802.96 (MB).
    Completing 100% with 107 violations.
    elapsed time = 00:06:35, memory = 11802.96 (MB).
[INFO DRT-0199]   Number of violations = 107.
Viol/Layer      Metal2
Metal Spacing      104
Short                3
[INFO DRT-0267] cpu time = 00:13:05, elapsed time = 00:06:35, memory = 11802.96 (MB), peak = 12434.77 (MB)
Total wire length = 332645 um.
Total wire length on LAYER Metal1 = 0 um.
Total wire length on LAYER Metal2 = 94223 um.
Total wire length on LAYER Metal3 = 141403 um.
Total wire length on LAYER Metal4 = 52349 um.
Total wire length on LAYER Metal5 = 44669 um.
Total number of vias = 32321.
Up-via summary (total 32321):

----------------
  Poly2        0
 Metal1    13231
 Metal2    14042
 Metal3     4179
 Metal4      869
----------------
       32321


[INFO DRT-0195] Start 61st optimization iteration.
    Completing 10% with 107 violations.
    elapsed time = 00:00:00, memory = 11802.96 (MB).
    Completing 20% with 107 violations.
    elapsed time = 00:00:00, memory = 11802.96 (MB).
    Completing 30% with 107 violations.
    elapsed time = 00:01:29, memory = 11802.96 (MB).
    Completing 40% with 107 violations.
    elapsed time = 00:01:29, memory = 11802.96 (MB).
    Completing 50% with 107 violations.
    elapsed time = 00:01:29, memory = 11802.96 (MB).
    Completing 60% with 107 violations.
    elapsed time = 00:04:32, memory = 11802.96 (MB).
    Completing 70% with 107 violations.
    elapsed time = 00:04:32, memory = 11802.96 (MB).
    Completing 80% with 104 violations.
    elapsed time = 00:07:57, memory = 11802.96 (MB).
    Completing 90% with 104 violations.
    elapsed time = 00:07:57, memory = 11802.96 (MB).
    Completing 100% with 104 violations.
    elapsed time = 00:07:57, memory = 11802.96 (MB).
[INFO DRT-0199]   Number of violations = 104.
Viol/Layer      Metal2
Metal Spacing      101
Short                3
[INFO DRT-0267] cpu time = 00:16:59, elapsed time = 00:07:57, memory = 11802.96 (MB), peak = 12434.77 (MB)
Total wire length = 332647 um.
Total wire length on LAYER Metal1 = 0 um.
Total wire length on LAYER Metal2 = 94218 um.
Total wire length on LAYER Metal3 = 141402 um.
Total wire length on LAYER Metal4 = 52357 um.
Total wire length on LAYER Metal5 = 44669 um.
Total number of vias = 32323.
Up-via summary (total 32323):

----------------
  Poly2        0
 Metal1    13231
 Metal2    14042
 Metal3     4181
 Metal4      869
----------------
       32323


[INFO DRT-0195] Start 62nd optimization iteration.
    Completing 10% with 104 violations.
    elapsed time = 00:00:00, memory = 11802.96 (MB).
    Completing 20% with 104 violations.
    elapsed time = 00:00:00, memory = 11802.96 (MB).
    Completing 30% with 103 violations.
    elapsed time = 00:02:48, memory = 11802.96 (MB).
    Completing 40% with 103 violations.
    elapsed time = 00:02:48, memory = 11802.96 (MB).
    Completing 50% with 103 violations.
    elapsed time = 00:02:48, memory = 11802.96 (MB).
    Completing 60% with 103 violations.
    elapsed time = 00:05:04, memory = 11802.96 (MB).
    Completing 70% with 103 violations.
    elapsed time = 00:05:04, memory = 11802.96 (MB).
    Completing 80% with 103 violations.
    elapsed time = 00:08:55, memory = 11802.96 (MB).
    Completing 90% with 103 violations.
    elapsed time = 00:08:55, memory = 11802.96 (MB).
    Completing 100% with 103 violations.
    elapsed time = 00:08:55, memory = 11802.96 (MB).
[INFO DRT-0199]   Number of violations = 103.
Viol/Layer      Metal2
Metal Spacing      100
Short                3
[INFO DRT-0267] cpu time = 00:19:08, elapsed time = 00:08:55, memory = 11802.96 (MB), peak = 12434.77 (MB)
Total wire length = 332639 um.
Total wire length on LAYER Metal1 = 0 um.
Total wire length on LAYER Metal2 = 94218 um.
Total wire length on LAYER Metal3 = 141432 um.
Total wire length on LAYER Metal4 = 52349 um.
Total wire length on LAYER Metal5 = 44638 um.
Total number of vias = 32320.
Up-via summary (total 32320):

----------------
  Poly2        0
 Metal1    13231
 Metal2    14042
 Metal3     4180
 Metal4      867
----------------
       32320


[INFO DRT-0195] Start 63rd optimization iteration.
    Completing 10% with 103 violations.
    elapsed time = 00:00:00, memory = 11802.96 (MB).
    Completing 20% with 103 violations.
    elapsed time = 00:00:00, memory = 11802.96 (MB).
    Completing 30% with 102 violations.
    elapsed time = 00:02:11, memory = 11805.73 (MB).
    Completing 40% with 102 violations.
    elapsed time = 00:02:11, memory = 11805.73 (MB).
    Completing 50% with 102 violations.
    elapsed time = 00:03:47, memory = 11806.02 (MB).
    Completing 60% with 102 violations.
    elapsed time = 00:03:47, memory = 11806.02 (MB).
    Completing 70% with 102 violations.
    elapsed time = 00:03:47, memory = 11806.02 (MB).
    Completing 80% with 102 violations.
    elapsed time = 00:06:20, memory = 11806.02 (MB).
    Completing 90% with 102 violations.
    elapsed time = 00:06:20, memory = 11806.02 (MB).
    Completing 100% with 102 violations.
    elapsed time = 00:06:20, memory = 11806.02 (MB).
[INFO DRT-0199]   Number of violations = 102.
Viol/Layer      Metal2
Metal Spacing       99
Short                3
[INFO DRT-0267] cpu time = 00:14:20, elapsed time = 00:06:20, memory = 11806.02 (MB), peak = 12434.77 (MB)
Total wire length = 332638 um.
Total wire length on LAYER Metal1 = 0 um.
Total wire length on LAYER Metal2 = 94204 um.
Total wire length on LAYER Metal3 = 141395 um.
Total wire length on LAYER Metal4 = 52369 um.
Total wire length on LAYER Metal5 = 44668 um.
Total number of vias = 32323.
Up-via summary (total 32323):

----------------
  Poly2        0
 Metal1    13231
 Metal2    14043
 Metal3     4181
 Metal4      868
----------------
       32323


[INFO DRT-0195] Start 64th optimization iteration.
    Completing 10% with 102 violations.
    elapsed time = 00:00:00, memory = 11806.02 (MB).
    Completing 20% with 102 violations.
    elapsed time = 00:00:00, memory = 11882.86 (MB).
    Completing 30% with 102 violations.
    elapsed time = 00:02:05, memory = 11827.41 (MB).
    Completing 40% with 102 violations.
    elapsed time = 00:02:05, memory = 11827.41 (MB).
    Completing 50% with 102 violations.
    elapsed time = 00:03:31, memory = 11846.73 (MB).
    Completing 60% with 102 violations.
    elapsed time = 00:03:31, memory = 11846.73 (MB).
    Completing 70% with 102 violations.
    elapsed time = 00:03:31, memory = 11846.73 (MB).
    Completing 80% with 102 violations.
    elapsed time = 00:06:07, memory = 11846.73 (MB).
    Completing 90% with 102 violations.
    elapsed time = 00:06:07, memory = 11846.73 (MB).
    Completing 100% with 102 violations.
    elapsed time = 00:06:07, memory = 11846.73 (MB).
[INFO DRT-0199]   Number of violations = 102.
Viol/Layer      Metal2
Metal Spacing       99
Short                3
[INFO DRT-0267] cpu time = 00:13:21, elapsed time = 00:06:08, memory = 11846.73 (MB), peak = 12434.77 (MB)
Total wire length = 332639 um.
Total wire length on LAYER Metal1 = 0 um.
Total wire length on LAYER Metal2 = 94195 um.
Total wire length on LAYER Metal3 = 141398 um.
Total wire length on LAYER Metal4 = 52379 um.
Total wire length on LAYER Metal5 = 44667 um.
Total number of vias = 32326.
Up-via summary (total 32326):

----------------
  Poly2        0
 Metal1    13231
 Metal2    14042
 Metal3     4185
 Metal4      868
----------------
       32326


[INFO DRT-0198] Complete detail routing.
Total wire length = 332639 um.
Total wire length on LAYER Metal1 = 0 um.
Total wire length on LAYER Metal2 = 94195 um.
Total wire length on LAYER Metal3 = 141398 um.
Total wire length on LAYER Metal4 = 52379 um.
Total wire length on LAYER Metal5 = 44667 um.
Total number of vias = 32326.
Up-via summary (total 32326):

----------------
  Poly2        0
 Metal1    13231
 Metal2    14042
 Metal3     4185
 Metal4      868
----------------
       32326


[INFO DRT-0267] cpu time = 07:29:00, elapsed time = 02:29:39, memory = 11846.73 (MB), peak = 12434.77 (MB)

[INFO DRT-0180] Post processing.
+ check_antennas 
[INFO ANT-0002] Found 0 net violations.
[INFO ANT-0001] Found 0 pin violations.
Setting global connections for newly added cells…
[INFO] Setting global connections...
sram2048.u_bank0 matched with sram2048.u_bank0
sram2048.u_bank1 matched with sram2048.u_bank1
[INFO ODB-0403] 8 connections made, 0 conflicts skipped.
Updating metrics…
Cell type report:                       Count       Area
  Macro                                     2  310827.11
  Tap cell                               2550   11195.52
  Antenna cell                              6      26.34
  Tie cell                                192    1685.91
  Buffer                                    8     105.37
  Clock buffer                             64    3266.46
  Timing Repair Buffer                    866   11816.76
  Inverter                                 89     781.49
  Clock inverter                           22     338.06
  Sequential cell                         532   31553.80
  Multi-Input combinational cell         2275   50757.41
  Total                                  6606  422354.24
Writing OpenROAD database to '/home/etcfranc/NoCNoC/librelane/noc_tile/runs/RUN_2026-05-08_18-38-35/44-openroad-detailedrouting/mesh_tile.odb'…
Writing netlist to '/home/etcfranc/NoCNoC/librelane/noc_tile/runs/RUN_2026-05-08_18-38-35/44-openroad-detailedrouting/mesh_tile.nl.v'…
Writing powered netlist to '/home/etcfranc/NoCNoC/librelane/noc_tile/runs/RUN_2026-05-08_18-38-35/44-openroad-detailedrouting/mesh_tile.pnl.v'…
Writing layout to '/home/etcfranc/NoCNoC/librelane/noc_tile/runs/RUN_2026-05-08_18-38-35/44-openroad-detailedrouting/mesh_tile.def'…
Writing timing constraints to '/home/etcfranc/NoCNoC/librelane/noc_tile/runs/RUN_2026-05-08_18-38-35/44-openroad-detailedrouting/mesh_tile.sdc'…
